www.crf-al.org.br/crf-al-renova-parceria-com-crf-sp-e-garante-continuidade-do-acesso-gratuito-a-academia-virtual-de-farmacia/,https://institucional.crf-al.org.br/imprensa/noticias/crf-al-renova-parceria-com-crf-sp-e-garante-continuidade-do-acesso-gratuito-a-academia-virtual-de-farmacia,301
www.crf-al.org.br/crf-al-marca-presenca-em-mobilizacao-em-brasilia-que-defende-piso-nacional-do-farmaceutico/,https://institucional.crf-al.org.br/imprensa/noticias/crf-al-marca-presenca-em-mobilizacao-em-brasilia-que-defende-piso-nacional-do-farmaceutico,301
www.crf-al.org.br/crf-al-reforca-importancia-do-farmaceutico-em-nova-resolucao-da-anvisa-sobre-medicamentos-a-base-de-cannabis/,https://institucional.crf-al.org.br/imprensa/noticias/crf-al-reforca-importancia-do-farmaceutico-em-nova-resolucao-da-anvisa-sobre-medicamentos-a-base-de-cannabis,301
www.crf-al.org.br/esclarecimentos-acerca-do-registro-de-responsabilidade-tecnica-do-farmaceutico-atraves-do-contrato-de-trabalho/,https://institucional.crf-al.org.br/imprensa/noticias/esclarecimentos-acerca-do-registro-de-responsabilidade-tecnica-do-farmaceutico-atraves-do-contrato-de-trabalho,301
www.crf-al.org.br/anuidade-nao-sera-reajustada-em-2026/,https://institucional.crf-al.org.br/imprensa/noticias/anuidade-nao-sera-reajustada-em-2026,301
www.crf-al.org.br/cff-divulga-nota-tecnica-sobre-diretrizes-de-conformidade-e-boas-praticas-na-atuacao-farmaceutica-em-tricologia/,https://institucional.crf-al.org.br/imprensa/noticias/cff-divulga-nota-tecnica-sobre-diretrizes-de-conformidade-e-boas-praticas-na-atuacao-farmaceutica-em-tricologia,301
www.crf-al.org.br/crf-al-participa-de-operacao-conjunta-em-arapiraca-para-fortalecer-a-seguranca-sanitaria-e-a-presenca-do-farmaceutico/,https://institucional.crf-al.org.br/imprensa/noticias/crf-al-participa-de-operacao-conjunta-em-arapiraca-para-fortalecer-a-seguranca-sanitaria-e-a-presenca-do-farmaceutico,301
www.crf-al.org.br/marcones-macedo-o-farmaceutico-comunitario-na-linha-de-frente-contra-a-desinformacao-em-saude/,https://institucional.crf-al.org.br/imprensa/noticias/marcones-macedo-o-farmaceutico-comunitario-na-linha-de-frente-contra-a-desinformacao-em-saude,301
www.crf-al.org.br/publicado-edital-das-eleicoes-do-conselho-regional-de-farmacia-de-alagoas/,https://institucional.crf-al.org.br/imprensa/noticias/publicado-edital-das-eleicoes-do-conselho-regional-de-farmacia-de-alagoas,301
www.crf-al.org.br/cuidado-farmaceutico-na-pediatria-farmaceutica-adriana-karla-atua-com-dedicacao-e-cuidado-no-hospital-da-crianca/,https://institucional.crf-al.org.br/imprensa/noticias/cuidado-farmaceutico-na-pediatria-farmaceutica-adriana-karla-atua-com-dedicacao-e-cuidado-no-hospital-da-crianca,301
www.crf-al.org.br/participe-da-pesquisa-sobre-conhecimento-de-farmaceuticos-acerca-da-cannabis-medicinal-no-brasil/,https://institucional.crf-al.org.br/imprensa/noticias/participe-da-pesquisa-sobre-conhecimento-de-farmaceuticos-acerca-da-cannabis-medicinal-no-brasil,301
www.crf-al.org.br/capacitacao-em-aplicacao-de-injetaveis-arapiraca/,https://institucional.crf-al.org.br/imprensa/noticias/capacitacao-em-aplicacao-de-injetaveis-arapiraca,301
www.crf-al.org.br/crf-al-promovera-curso-de-capacitacao-em-servicos-clinicos-na-regiao-sul-do-estado/,https://institucional.crf-al.org.br/imprensa/noticias/crf-al-promovera-curso-de-capacitacao-em-servicos-clinicos-na-regiao-sul-do-estado,301
www.crf-al.org.br/pacientes-com-dermatite-atopica-passam-a-contar-com-tratamento-integral-no-sus/,https://institucional.crf-al.org.br/imprensa/noticias/pacientes-com-dermatite-atopica-passam-a-contar-com-tratamento-integral-no-sus,301
www.crf-al.org.br/ead-nota-de-protesto-contra-o-novo-marco-regulatorio-da-educacao-a-distancia-em-saude/,https://institucional.crf-al.org.br/imprensa/noticias/ead-nota-de-protesto-contra-o-novo-marco-regulatorio-da-educacao-a-distancia-em-saude,301
www.crf-al.org.br/26-anos-de-genericos-a-atuacao-do-farmaceutico-na-quebra-de-preconceitos/,https://institucional.crf-al.org.br/imprensa/noticias/26-anos-de-genericos-a-atuacao-do-farmaceutico-na-quebra-de-preconceitos,301
www.crf-al.org.br/horario-de-funcionamento/,https://institucional.crf-al.org.br/imprensa/noticias/horario-de-funcionamento,301
www.crf-al.org.br/comunicado-5/,https://institucional.crf-al.org.br/imprensa/noticias/comunicado-5,301
www.crf-al.org.br/crf-al-ajuiza-acao-para-assegurar-assistencia-farmaceutica-qualificada-em-sao-miguel-dos-campos/,https://institucional.crf-al.org.br/imprensa/noticias/crf-al-ajuiza-acao-para-assegurar-assistencia-farmaceutica-qualificada-em-sao-miguel-dos-campos,301
www.crf-al.org.br/farmaceuticos-ganham-nova-oportunidade-com-residencia-multiprofissional-na-ufal/,https://institucional.crf-al.org.br/imprensa/noticias/farmaceuticos-ganham-nova-oportunidade-com-residencia-multiprofissional-na-ufal,301
www.crf-al.org.br/crf-al-da-as-boas-vindas-aos-novos-farmaceuticos-com-entrega-de-carteiras-definitivas/,https://institucional.crf-al.org.br/imprensa/noticias/crf-al-da-as-boas-vindas-aos-novos-farmaceuticos-com-entrega-de-carteiras-definitivas,301
www.crf-al.org.br/pf-abre-concurso-com-vagas-para-farmaceuticos/,https://institucional.crf-al.org.br/imprensa/noticias/pf-abre-concurso-com-vagas-para-farmaceuticos,301
www.crf-al.org.br/horario-reduzido-sexta-feira-02-de-maio-ate-as-13h/,https://institucional.crf-al.org.br/imprensa/noticias/horario-reduzido-sexta-feira-02-de-maio-ate-as-13h,301
www.crf-al.org.br/hipertensao-em-alerta-farmaceutica-mariana-oliveira-fala-sobre-novos-parametros-e-cuidados-essenciais/,https://institucional.crf-al.org.br/imprensa/noticias/hipertensao-em-alerta-farmaceutica-mariana-oliveira-fala-sobre-novos-parametros-e-cuidados-essenciais,301
www.crf-al.org.br/crf-al-promove-live-sobre-rdc-430-20-nesta-sexta-feira-25/,https://institucional.crf-al.org.br/imprensa/noticias/crf-al-promove-live-sobre-rdc-430-20-nesta-sexta-feira-25,301
www.crf-al.org.br/farmaceuticos-ja-podem-solicitar-o-registro-de-qualificacao-de-especialista-pelo-site-do-cff/,https://institucional.crf-al.org.br/imprensa/noticias/farmaceuticos-ja-podem-solicitar-o-registro-de-qualificacao-de-especialista-pelo-site-do-cff,301
www.crf-al.org.br/horario-de-funcionamento-crf-al/,https://institucional.crf-al.org.br/imprensa/noticias/horario-de-funcionamento-crf-al,301
www.crf-al.org.br/por-uma-prescricao-mais-segura-crf-al-e-cremal-constroem-iniciativas-conjuntas/,https://institucional.crf-al.org.br/imprensa/noticias/por-uma-prescricao-mais-segura-crf-al-e-cremal-constroem-iniciativas-conjuntas,301
www.crf-al.org.br/crf-al-se-reune-com-vigilancia-sanitaria-e-procon-de-arapiraca-para-tratar-de-cooperacao-interinstitucional/,https://institucional.crf-al.org.br/imprensa/noticias/crf-al-se-reune-com-vigilancia-sanitaria-e-procon-de-arapiraca-para-tratar-de-cooperacao-interinstitucional,301
www.crf-al.org.br/presidente-do-crf-al-participa-da-semana-de-atencao-a-saude-promovida-pelo-tre-al/,https://institucional.crf-al.org.br/imprensa/noticias/presidente-do-crf-al-participa-da-semana-de-atencao-a-saude-promovida-pelo-tre-al,301
www.crf-al.org.br/crf-al-e-cro-al-realizam-encontro-para-discutir-a-integracao-entre-farmaceuticos-e-dentistas-na-assistencia-a-saude/,https://institucional.crf-al.org.br/imprensa/noticias/crf-al-e-cro-al-realizam-encontro-para-discutir-a-integracao-entre-farmaceuticos-e-dentistas-na-assistencia-a-saude,301
www.crf-al.org.br/farmacia-comunitaria-um-centro-de-educacao-para-a-promocao-da-saude-e-qualidade-de-vida/,https://institucional.crf-al.org.br/imprensa/noticias/farmacia-comunitaria-um-centro-de-educacao-para-a-promocao-da-saude-e-qualidade-de-vida,301
www.crf-al.org.br/sindfal-e-crf-al-realizam-workshop-sngpc-novidades-e-aplicacoes-praticas/,https://institucional.crf-al.org.br/imprensa/noticias/sindfal-e-crf-al-realizam-workshop-sngpc-novidades-e-aplicacoes-praticas,301
www.crf-al.org.br/processos-por-erro-medico-crescem-506-em-um-ano-no-brasil/,https://institucional.crf-al.org.br/imprensa/noticias/processos-por-erro-medico-crescem-506-em-um-ano-no-brasil,301
www.crf-al.org.br/cff-convoca-farmaceuticos-para-votar-nao-no-pdl-134-2025/,https://institucional.crf-al.org.br/imprensa/noticias/cff-convoca-farmaceuticos-para-votar-nao-no-pdl-134-2025,301
www.crf-al.org.br/vice-presidente-do-crf-al-se-reune-com-a-senadora-eudocia-caldas/,https://institucional.crf-al.org.br/imprensa/noticias/vice-presidente-do-crf-al-se-reune-com-a-senadora-eudocia-caldas,301
www.crf-al.org.br/brasilia-diretoria-do-crf-al-se-reune-com-deputado-federal-daniel-barbosa/,https://institucional.crf-al.org.br/imprensa/noticias/brasilia-diretoria-do-crf-al-se-reune-com-deputado-federal-daniel-barbosa,301
www.crf-al.org.br/farmaceutica-dannivia-carla-abre-consultorio-farmaceutico-autonomo-em-campo-grande/,https://institucional.crf-al.org.br/imprensa/noticias/farmaceutica-dannivia-carla-abre-consultorio-farmaceutico-autonomo-em-campo-grande,301
www.crf-al.org.br/nota-de-falecimento-6/,https://institucional.crf-al.org.br/imprensa/noticias/nota-de-falecimento-6,301
www.crf-al.org.br/katia-rilene-completa-30-anos-de-conselho-de-farmacia/,https://institucional.crf-al.org.br/imprensa/noticias/katia-rilene-completa-30-anos-de-conselho-de-farmacia,301
www.crf-al.org.br/presidente-do-crf-al-se-reune-com-coordenador-de-farmacia-de-delmiro-gouveia/,https://institucional.crf-al.org.br/imprensa/noticias/presidente-do-crf-al-se-reune-com-coordenador-de-farmacia-de-delmiro-gouveia,301
www.crf-al.org.br/desafios-da-mulher-farmaceutica-na-industria-a-visao-de-flavia-dabbur/,https://institucional.crf-al.org.br/imprensa/noticias/desafios-da-mulher-farmaceutica-na-industria-a-visao-de-flavia-dabbur,301
www.crf-al.org.br/diretores-do-crf-al-se-reunem-com-autoridades-de-arapiraca-para-discutir-demandas-dos-farmaceuticos/,https://institucional.crf-al.org.br/imprensa/noticias/diretores-do-crf-al-se-reunem-com-autoridades-de-arapiraca-para-discutir-demandas-dos-farmaceuticos,301
www.crf-al.org.br/crf-al-entrega-carteiras-definitiva-aos-farmaceuticos/,https://institucional.crf-al.org.br/imprensa/noticias/crf-al-entrega-carteiras-definitiva-aos-farmaceuticos,301
www.crf-al.org.br/curso-farmalibras-e-aberto-aos-estudantes-do-ultimo-ano-de-graduacao-em-farmacia/,https://institucional.crf-al.org.br/imprensa/noticias/curso-farmalibras-e-aberto-aos-estudantes-do-ultimo-ano-de-graduacao-em-farmacia,301
www.crf-al.org.br/dia-da-mulher-crf-al-promove-acao-de-bem-estar-para-colaboradoras/,https://institucional.crf-al.org.br/imprensa/noticias/dia-da-mulher-crf-al-promove-acao-de-bem-estar-para-colaboradoras,301
www.crf-al.org.br/dia-da-mulher-crf-al-conta-a-historia-da-farmaceutica-graca-leopardi-pioneira-em-alagoas/,https://institucional.crf-al.org.br/imprensa/noticias/dia-da-mulher-crf-al-conta-a-historia-da-farmaceutica-graca-leopardi-pioneira-em-alagoas,301
www.crf-al.org.br/saude-abre-inscricoes-para-novos-polos-do-curso-gratuito-de-auriculoterapia/,https://institucional.crf-al.org.br/imprensa/noticias/saude-abre-inscricoes-para-novos-polos-do-curso-gratuito-de-auriculoterapia,301
www.crf-al.org.br/crf-al-realiza-reuniao-do-grupo-de-tecnico-de-trabalho-em-distribuicao-e-logistica/,https://institucional.crf-al.org.br/imprensa/noticias/crf-al-realiza-reuniao-do-grupo-de-tecnico-de-trabalho-em-distribuicao-e-logistica,301
www.crf-al.org.br/crf-al-estara-fechado-nesta-sexta-feira-28/,https://institucional.crf-al.org.br/imprensa/noticias/crf-al-estara-fechado-nesta-sexta-feira-28,301
www.crf-al.org.br/previas-carnavalescas-crf-al-alerta-para-os-riscos-da-mistura-de-medicamentos-e-bebidas-alcoolicas/,https://institucional.crf-al.org.br/imprensa/noticias/previas-carnavalescas-crf-al-alerta-para-os-riscos-da-mistura-de-medicamentos-e-bebidas-alcoolicas,301
www.crf-al.org.br/crf-al-alerta-sobre-a-escolha-de-maquiagens-para-o-carnaval/,https://institucional.crf-al.org.br/imprensa/noticias/crf-al-alerta-sobre-a-escolha-de-maquiagens-para-o-carnaval,301
www.crf-al.org.br/farmaceuticos-estao-respaldados-para-prescrever-medicamentos-categorizados-como-tarjados/,https://institucional.crf-al.org.br/imprensa/noticias/farmaceuticos-estao-respaldados-para-prescrever-medicamentos-categorizados-como-tarjados,301
www.crf-al.org.br/nota-de-esclarecimento-6/,https://institucional.crf-al.org.br/imprensa/noticias/nota-de-esclarecimento-6,301
www.crf-al.org.br/mulheres-na-ciencia-conheca-a-historia-da-farmaceutica-pesquisadora-marilia-goulart/,https://institucional.crf-al.org.br/imprensa/noticias/mulheres-na-ciencia-conheca-a-historia-da-farmaceutica-pesquisadora-marilia-goulart,301
www.crf-al.org.br/farmaceutica-monica-caetano-conta-sua-trajetoria-na-descoberta-do-lipedema/,https://institucional.crf-al.org.br/imprensa/noticias/farmaceutica-monica-caetano-conta-sua-trajetoria-na-descoberta-do-lipedema,301
www.crf-al.org.br/curso-de-vacinacao-farmaceuticos-tem-ate-28-de-fevereiro-para-se-matricular/,https://institucional.crf-al.org.br/imprensa/noticias/curso-de-vacinacao-farmaceuticos-tem-ate-28-de-fevereiro-para-se-matricular,301
www.crf-al.org.br/presidente-e-corpo-tecnico-do-crf-al-se-reunem-com-secretario-de-saude-de-campestre/,https://institucional.crf-al.org.br/imprensa/noticias/presidente-e-corpo-tecnico-do-crf-al-se-reunem-com-secretario-de-saude-de-campestre,301
www.crf-al.org.br/dia-nacional-do-farmaceutico-crf-al-destaca-uso-de-inteligencia-artificial-na-profissao-farmaceutica/,https://institucional.crf-al.org.br/imprensa/noticias/dia-nacional-do-farmaceutico-crf-al-destaca-uso-de-inteligencia-artificial-na-profissao-farmaceutica,301
www.crf-al.org.br/oferta-de-empregos-para-farmaceuticos-cresceu-80-comparado-ao-mesmo-periodo-do-ano-passado/,https://institucional.crf-al.org.br/imprensa/noticias/oferta-de-empregos-para-farmaceuticos-cresceu-80-comparado-ao-mesmo-periodo-do-ano-passado,301
www.crf-al.org.br/crf-al-promove-live-com-tiago-bocalon-e-flavia-albuquerque/,https://institucional.crf-al.org.br/imprensa/noticias/crf-al-promove-live-com-tiago-bocalon-e-flavia-albuquerque,301
www.crf-al.org.br/anuidade-2025-ja-disponivel-pelo-crf-em-casa/,https://institucional.crf-al.org.br/imprensa/noticias/anuidade-2025-ja-disponivel-pelo-crf-em-casa,301
www.crf-al.org.br/retrospectiva-2024-confira-o-que-foi-realizado-ao-longo-de-todo-ano/,https://institucional.crf-al.org.br/imprensa/noticias/retrospectiva-2024-confira-o-que-foi-realizado-ao-longo-de-todo-ano,301
www.crf-al.org.br/farmacias-devem-estar-preparadas-para-retorno-obrigatorio-do-sngpc-ainda-no-inicio-de-2025/,https://institucional.crf-al.org.br/imprensa/noticias/farmacias-devem-estar-preparadas-para-retorno-obrigatorio-do-sngpc-ainda-no-inicio-de-2025,301
www.crf-al.org.br/crf-al-convoca-empresas-para-atualizacao-do-capital-social/,https://institucional.crf-al.org.br/imprensa/noticias/crf-al-convoca-empresas-para-atualizacao-do-capital-social,301
www.crf-al.org.br/presidente-e-conselheiro-do-crf-al-participam-da-inauguracao-do-hospital-do-futuro/,https://institucional.crf-al.org.br/imprensa/noticias/presidente-e-conselheiro-do-crf-al-participam-da-inauguracao-do-hospital-do-futuro,301
www.crf-al.org.br/anvisa-lanca-seu-novo-portal-de-legislacao-o-anvisalegis/,https://institucional.crf-al.org.br/imprensa/noticias/anvisa-lanca-seu-novo-portal-de-legislacao-o-anvisalegis,301
www.crf-al.org.br/diretores-do-crf-al-se-reunem-com-deputado-federal-alfredo-gaspar/,https://institucional.crf-al.org.br/imprensa/noticias/diretores-do-crf-al-se-reunem-com-deputado-federal-alfredo-gaspar,301
www.crf-al.org.br/no-dia-do-perito-criminal-crf-al-traz-a-historia-do-farmaceutico-perito-ken-ichi-namba/,https://institucional.crf-al.org.br/imprensa/noticias/no-dia-do-perito-criminal-crf-al-traz-a-historia-do-farmaceutico-perito-ken-ichi-namba,301
www.crf-al.org.br/vendas-de-medicamentos-genericos-alcancam-crescimento-recorde-no-terceiro-trimestre-de-2024/,https://institucional.crf-al.org.br/imprensa/noticias/vendas-de-medicamentos-genericos-alcancam-crescimento-recorde-no-terceiro-trimestre-de-2024,301
www.crf-al.org.br/pl-que-reconhece-atuacao-do-farmaceutico-na-saude-estetica-e-aprovado-na-comissao-de-trabalho/,https://institucional.crf-al.org.br/imprensa/noticias/pl-que-reconhece-atuacao-do-farmaceutico-na-saude-estetica-e-aprovado-na-comissao-de-trabalho,301
www.crf-al.org.br/marcos-oliveira-identifica-biomarcador-para-diagnostico-precoce-do-cancer-de-boca/,https://institucional.crf-al.org.br/imprensa/noticias/marcos-oliveira-identifica-biomarcador-para-diagnostico-precoce-do-cancer-de-boca,301
www.crf-al.org.br/indignacao/,https://institucional.crf-al.org.br/imprensa/noticias/indignacao,301
www.crf-al.org.br/pec-que-propoe-o-fim-da-escala-6x1-ultrapassa-numero-minimo-de-assinaturas-e-ja-pode-tramitar/,https://institucional.crf-al.org.br/imprensa/noticias/pec-que-propoe-o-fim-da-escala-6x1-ultrapassa-numero-minimo-de-assinaturas-e-ja-pode-tramitar,301
www.crf-al.org.br/seccional-arapiraca-estara-fechada-nesta-quarta-feira-30/,https://institucional.crf-al.org.br/imprensa/noticias/seccional-arapiraca-estara-fechada-nesta-quarta-feira-30,301
www.crf-al.org.br/feriado-do-servidor-publico/,https://institucional.crf-al.org.br/imprensa/noticias/feriado-do-servidor-publico,301
www.crf-al.org.br/pl-preve-fornecimento-gratuito-de-monitor-de-glicema-pelo-sus/,https://institucional.crf-al.org.br/imprensa/noticias/pl-preve-fornecimento-gratuito-de-monitor-de-glicema-pelo-sus,301
www.crf-al.org.br/e-mails-institucionais-sao-reestabelecidos/,https://institucional.crf-al.org.br/imprensa/noticias/e-mails-institucionais-sao-reestabelecidos,301
www.crf-al.org.br/eleicoes-2024-cinco-farmaceuticos-sao-eleitos-em-alagoas/,https://institucional.crf-al.org.br/imprensa/noticias/eleicoes-2024-cinco-farmaceuticos-sao-eleitos-em-alagoas,301
www.crf-al.org.br/farmaceutico-da-ufal-tem-pesquisa-reconhecida-pela-universidade-de-stanford/,https://institucional.crf-al.org.br/imprensa/noticias/farmaceutico-da-ufal-tem-pesquisa-reconhecida-pela-universidade-de-stanford,301
www.crf-al.org.br/farmaceutica-maria-matias-promove-educacao-em-saude-em-seus-atendimentos-a-pacientes-obesos/,https://institucional.crf-al.org.br/imprensa/noticias/farmaceutica-maria-matias-promove-educacao-em-saude-em-seus-atendimentos-a-pacientes-obesos,301
www.crf-al.org.br/ana-carolina-fala-da-importancia-do-farmaceutico-no-tratamento-do-cancer-de-mama/,https://institucional.crf-al.org.br/imprensa/noticias/ana-carolina-fala-da-importancia-do-farmaceutico-no-tratamento-do-cancer-de-mama,301
www.crf-al.org.br/comunicado-impressao-de-cedulas-esta-suspensa-temporariamente/,https://institucional.crf-al.org.br/imprensa/noticias/comunicado-impressao-de-cedulas-esta-suspensa-temporariamente,301
www.crf-al.org.br/dia-do-idoso-crf-faz-entrega-de-68-pacotes-de-fraldas-geriatricas/,https://institucional.crf-al.org.br/imprensa/noticias/dia-do-idoso-crf-faz-entrega-de-68-pacotes-de-fraldas-geriatricas,301
www.crf-al.org.br/congresso-alagoano-de-farmacia-reuniu-cerca-de-800-pessoas-em-quatro-dias-de-evento/,https://institucional.crf-al.org.br/imprensa/noticias/congresso-alagoano-de-farmacia-reuniu-cerca-de-800-pessoas-em-quatro-dias-de-evento,301
www.crf-al.org.br/manutencao-preventiva-pode-provocar-instabilidade-em-sistema-do-crf/,https://institucional.crf-al.org.br/imprensa/noticias/manutencao-preventiva-pode-provocar-instabilidade-em-sistema-do-crf,301
www.crf-al.org.br/crf-al-realiza-chamamento-publico-para-firmar-convenios-e-parcerias/,https://institucional.crf-al.org.br/imprensa/noticias/crf-al-realiza-chamamento-publico-para-firmar-convenios-e-parcerias,301
www.crf-al.org.br/comissao-de-etica-do-crf-al-realiza-visita-tecnica-no-crf-go/,https://institucional.crf-al.org.br/imprensa/noticias/comissao-de-etica-do-crf-al-realiza-visita-tecnica-no-crf-go,301
www.crf-al.org.br/diretores-do-crf-al-tomam-posse-no-conselho-estadual-de-politicas-sobre-drogas/,https://institucional.crf-al.org.br/imprensa/noticias/diretores-do-crf-al-tomam-posse-no-conselho-estadual-de-politicas-sobre-drogas,301
www.crf-al.org.br/agosto-dourado-ministerio-da-saude-e-unicef-adotam-politica-de-incentivo-ao-aleitamento-materno/,https://institucional.crf-al.org.br/imprensa/noticias/agosto-dourado-ministerio-da-saude-e-unicef-adotam-politica-de-incentivo-ao-aleitamento-materno,301
www.crf-al.org.br/iii-congresso-alagoano-de-farmacia-esta-com-inscricoes-abertas/,https://institucional.crf-al.org.br/imprensa/noticias/iii-congresso-alagoano-de-farmacia-esta-com-inscricoes-abertas,301
www.crf-al.org.br/nota-de-falecimento-5/,https://institucional.crf-al.org.br/imprensa/noticias/nota-de-falecimento-5,301
www.crf-al.org.br/setor-de-negociacao-promove-regularizacao-de-anuidade-e-multas-em-atraso/,https://institucional.crf-al.org.br/imprensa/noticias/setor-de-negociacao-promove-regularizacao-de-anuidade-e-multas-em-atraso,301
www.crf-al.org.br/ivan-falcao-conta-sua-experiencia-com-atendimento-farmaceutico-a-populacao-lgbtqia/,https://institucional.crf-al.org.br/imprensa/noticias/ivan-falcao-conta-sua-experiencia-com-atendimento-farmaceutico-a-populacao-lgbtqia,301
www.crf-al.org.br/farmaceutica-inaugura-farmacia-com-atendimento-clinico-em-arapiraca/,https://institucional.crf-al.org.br/imprensa/noticias/farmaceutica-inaugura-farmacia-com-atendimento-clinico-em-arapiraca,301
www.crf-al.org.br/seccional-arapiraca-funcionara-de-8h-as-14h-a-partir-do-dia-01-de-julho/,https://institucional.crf-al.org.br/imprensa/noticias/seccional-arapiraca-funcionara-de-8h-as-14h-a-partir-do-dia-01-de-julho,301
www.crf-al.org.br/rdc-da-anvisa-pode-ampliar-a-atuacao-do-farmaceutico-na-prescricao-de-mips/,https://institucional.crf-al.org.br/imprensa/noticias/rdc-da-anvisa-pode-ampliar-a-atuacao-do-farmaceutico-na-prescricao-de-mips,301
www.crf-al.org.br/grupos-de-whatsapp-informar-a-rota-da-fiscalizacao-e-infracao-etica/,https://institucional.crf-al.org.br/imprensa/noticias/grupos-de-whatsapp-informar-a-rota-da-fiscalizacao-e-infracao-etica,301
www.crf-al.org.br/presidente-do-crf-al-entrega-de-certidao-de-regularidade-tecnica-ao-hospital-do-coracao/,https://institucional.crf-al.org.br/imprensa/noticias/presidente-do-crf-al-entrega-de-certidao-de-regularidade-tecnica-ao-hospital-do-coracao,301
www.crf-al.org.br/sistema-cff-crfs-esta-mobilizado-contra-pl-do-farmaceutico-remoto/,https://institucional.crf-al.org.br/imprensa/noticias/sistema-cff-crfs-esta-mobilizado-contra-pl-do-farmaceutico-remoto,301
www.crf-al.org.br/crf-al-faz-doacoes-de-leite-para-lar-de-idosos-associacao-de-acolhimento-mae-das-gracas/,https://institucional.crf-al.org.br/imprensa/noticias/crf-al-faz-doacoes-de-leite-para-lar-de-idosos-associacao-de-acolhimento-mae-das-gracas,301
www.crf-al.org.br/mais-de-130-pessoas-sao-atendidas-em-acao-promovida-pelo-crf-al/,https://institucional.crf-al.org.br/imprensa/noticias/mais-de-130-pessoas-sao-atendidas-em-acao-promovida-pelo-crf-al,301
www.crf-al.org.br/crf-al-funciona-ate-esta-quarta-feira-29-de-maio/,https://institucional.crf-al.org.br/imprensa/noticias/crf-al-funciona-ate-esta-quarta-feira-29-de-maio,301
www.crf-al.org.br/doacoes-crf-al-entrega-29-pacotes-de-fraldas-em-lar-de-idosos/,https://institucional.crf-al.org.br/imprensa/noticias/doacoes-crf-al-entrega-29-pacotes-de-fraldas-em-lar-de-idosos,301
www.crf-al.org.br/farmaceuticos-alagoanos-participam-de-mais-uma-edicao-do-sobrafo/,https://institucional.crf-al.org.br/imprensa/noticias/farmaceuticos-alagoanos-participam-de-mais-uma-edicao-do-sobrafo,301
www.crf-al.org.br/audiencia-publica-proposta-por-sindfal-e-crf-al-discute-acesso-ao-medicamento-pelo-sus/,https://institucional.crf-al.org.br/imprensa/noticias/audiencia-publica-proposta-por-sindfal-e-crf-al-discute-acesso-ao-medicamento-pelo-sus,301
www.crf-al.org.br/priscila-vicente-fala-da-importancia-do-farmaceutico-no-controle-das-infeccoes-hospitalares/,https://institucional.crf-al.org.br/imprensa/noticias/priscila-vicente-fala-da-importancia-do-farmaceutico-no-controle-das-infeccoes-hospitalares,301
www.crf-al.org.br/diretores-do-crf-al-visitam-o-hospital-regional-do-alto-sertao/,https://institucional.crf-al.org.br/imprensa/noticias/diretores-do-crf-al-visitam-o-hospital-regional-do-alto-sertao,301
www.crf-al.org.br/farmaceutico-destaque-2024-11-profissionais-sao-premiados-em-solenidade/,https://institucional.crf-al.org.br/imprensa/noticias/farmaceutico-destaque-2024-11-profissionais-sao-premiados-em-solenidade,301
www.crf-al.org.br/arapiraca-farmacia-de-manipulacao-consegue-liminar-para-manipular-o-canabidiol/,https://institucional.crf-al.org.br/imprensa/noticias/arapiraca-farmacia-de-manipulacao-consegue-liminar-para-manipular-o-canabidiol,301
www.crf-al.org.br/dia-do-beijo-anne-dayse-traz-um-alerta-sobre-a-mononucleose-conhecida-como-doenca-do-beijo/,https://institucional.crf-al.org.br/imprensa/noticias/dia-do-beijo-anne-dayse-traz-um-alerta-sobre-a-mononucleose-conhecida-como-doenca-do-beijo,301
www.crf-al.org.br/reuniao-plenaria-veja-o-resumo-dos-temas-discutidos-na-quarta-reuniao-de-2024/,https://institucional.crf-al.org.br/imprensa/noticias/reuniao-plenaria-veja-o-resumo-dos-temas-discutidos-na-quarta-reuniao-de-2024,301
www.crf-al.org.br/inscricoes-abertas-curso-de-cannabis-medicinal-inicia-neste-sabado-13/,https://institucional.crf-al.org.br/imprensa/noticias/inscricoes-abertas-curso-de-cannabis-medicinal-inicia-neste-sabado-13,301
www.crf-al.org.br/brasil-passa-a-adotar-esquema-de-dose-unica-contra-o-hpv/,https://institucional.crf-al.org.br/imprensa/noticias/brasil-passa-a-adotar-esquema-de-dose-unica-contra-o-hpv,301
www.crf-al.org.br/diretora-secretaria-do-crf-al-flavia-dabbur-orienta-sobre-compra-e-uso-de-repelentes/,https://institucional.crf-al.org.br/imprensa/noticias/diretora-secretaria-do-crf-al-flavia-dabbur-orienta-sobre-compra-e-uso-de-repelentes,301
www.crf-al.org.br/presidente-e-gerente-de-fiscalizacao-do-crf-al-participam-de-reuniao-no-conselho-regional-de-odontologia/,https://institucional.crf-al.org.br/imprensa/noticias/presidente-e-gerente-de-fiscalizacao-do-crf-al-participam-de-reuniao-no-conselho-regional-de-odontologia,301
www.crf-al.org.br/crf-al-faz-entrega-de-fraldas-e-latas-de-leite-para-instituicao-em-maceio/,https://institucional.crf-al.org.br/imprensa/noticias/crf-al-faz-entrega-de-fraldas-e-latas-de-leite-para-instituicao-em-maceio,301
www.crf-al.org.br/crf-al-inicia-campanha-de-doacao-de-sangue-para-irmao-de-farmaceutica-diagnosticado-com-leucemia/,https://institucional.crf-al.org.br/imprensa/noticias/crf-al-inicia-campanha-de-doacao-de-sangue-para-irmao-de-farmaceutica-diagnosticado-com-leucemia,301
www.crf-al.org.br/crf-al-realiza-3a-reuniao-plenaria/,https://institucional.crf-al.org.br/imprensa/noticias/crf-al-realiza-3a-reuniao-plenaria,301
www.crf-al.org.br/08-de-marfarmaceutica-fala-sobre-os-cuidados-com-a-saude-na-menopausa/,https://institucional.crf-al.org.br/imprensa/noticias/08-de-marfarmaceutica-fala-sobre-os-cuidados-com-a-saude-na-menopausa,301
www.crf-al.org.br/farmaceutica-integra-equipe-multidisciplinar-em-ambulatorio-de-saude-mental/,https://institucional.crf-al.org.br/imprensa/noticias/farmaceutica-integra-equipe-multidisciplinar-em-ambulatorio-de-saude-mental,301
www.crf-al.org.br/pos-graduacao-crf-al-renova-convenio-com-espaco-ciencia/,https://institucional.crf-al.org.br/imprensa/noticias/pos-graduacao-crf-al-renova-convenio-com-espaco-ciencia,301
www.crf-al.org.br/marcia-padro-fala-dos-avancos-da-assistencia-farmaceutica-no-pilar/,https://institucional.crf-al.org.br/imprensa/noticias/marcia-padro-fala-dos-avancos-da-assistencia-farmaceutica-no-pilar,301
www.crf-al.org.br/sindfal-e-crf-al-iniciam-votacao-de-farmaceutico-destaque/,https://institucional.crf-al.org.br/imprensa/noticias/sindfal-e-crf-al-iniciam-votacao-de-farmaceutico-destaque,301
www.crf-al.org.br/valmira-abre-consultorio-farmaceutico-na-santa-casa-de-sao-miguel-dos-campos/,https://institucional.crf-al.org.br/imprensa/noticias/valmira-abre-consultorio-farmaceutico-na-santa-casa-de-sao-miguel-dos-campos,301
www.crf-al.org.br/farmaceutica-capacita-colaboradores-apos-curso-promovido-pelo-crf-al/,https://institucional.crf-al.org.br/imprensa/noticias/farmaceutica-capacita-colaboradores-apos-curso-promovido-pelo-crf-al,301
www.crf-al.org.br/crf-al-e-vigilancia-sanitarias-de-maceio-e-alagoas-se-reunem-para-discutir-sobre-receituario-falsificado/,https://institucional.crf-al.org.br/imprensa/noticias/crf-al-e-vigilancia-sanitarias-de-maceio-e-alagoas-se-reunem-para-discutir-sobre-receituario-falsificado,301
www.crf-al.org.br/kit-ressaca-combinacao-perigosa-disponivel-para-venda-nas-farmacias/,https://institucional.crf-al.org.br/imprensa/noticias/kit-ressaca-combinacao-perigosa-disponivel-para-venda-nas-farmacias,301
www.crf-al.org.br/dia-nacional-do-farmaceutico-crf-al-promove-cursos-de-capacitacao-para-profissionais-e-estudantes/,https://institucional.crf-al.org.br/imprensa/noticias/dia-nacional-do-farmaceutico-crf-al-promove-cursos-de-capacitacao-para-profissionais-e-estudantes,301
www.crf-al.org.br/fundacao-oswaldo-cruz-abre-concurso-com-300-vagas-para-farmaceuticos/,https://institucional.crf-al.org.br/imprensa/noticias/fundacao-oswaldo-cruz-abre-concurso-com-300-vagas-para-farmaceuticos,301
www.crf-al.org.br/janeiro-branco-farmaceutica-fala-sobre-os-beneficios-do-reiki-para-saude-mental-e-emocional/,https://institucional.crf-al.org.br/imprensa/noticias/janeiro-branco-farmaceutica-fala-sobre-os-beneficios-do-reiki-para-saude-mental-e-emocional,301
www.crf-al.org.br/dia-nacional-do-farmaceutico-crf-al-distribui-de-protetores-solares-em-maceio-e-arapiraca/,https://institucional.crf-al.org.br/imprensa/noticias/dia-nacional-do-farmaceutico-crf-al-distribui-de-protetores-solares-em-maceio-e-arapiraca,301
www.crf-al.org.br/dia-nacional-do-farmaceutico-farmaceuticos-de-atalaia-realizam-acao-de-saude/,https://institucional.crf-al.org.br/imprensa/noticias/dia-nacional-do-farmaceutico-farmaceuticos-de-atalaia-realizam-acao-de-saude,301
www.crf-al.org.br/telefones-fixos-estao-passando-por-instabilidade/,https://institucional.crf-al.org.br/imprensa/noticias/telefones-fixos-estao-passando-por-instabilidade,301
www.crf-al.org.br/anuidade-de-2024-esta-disponivel-e-com-desconto-ate-05-de-marco/,https://institucional.crf-al.org.br/imprensa/noticias/anuidade-de-2024-esta-disponivel-e-com-desconto-ate-05-de-marco,301
www.crf-al.org.br/dia-nacional-do-farmaceutico-crf-al-promove-acoes-de-saude-em-maceio-e-arapiraca/,https://institucional.crf-al.org.br/imprensa/noticias/dia-nacional-do-farmaceutico-crf-al-promove-acoes-de-saude-em-maceio-e-arapiraca,301
www.crf-al.org.br/operacao-conjunta-crf-al-procon-e-visa-interditam-sete-estabelecimentos-em-arapiraca/,https://institucional.crf-al.org.br/imprensa/noticias/operacao-conjunta-crf-al-procon-e-visa-interditam-sete-estabelecimentos-em-arapiraca,301
www.crf-al.org.br/dia-mundial-de-luta-contra-aids-aderir-ao-tratamento-e-um-ato-de-autocuidado-diz-farmaceutico/,https://institucional.crf-al.org.br/imprensa/noticias/dia-mundial-de-luta-contra-aids-aderir-ao-tratamento-e-um-ato-de-autocuidado-diz-farmaceutico,301
www.crf-al.org.br/nota-de-pesar-11/,https://institucional.crf-al.org.br/imprensa/noticias/nota-de-pesar-11,301
www.crf-al.org.br/crf-al-diploma-nova-diretoria-e-conselheiros-eleitos/,https://institucional.crf-al.org.br/imprensa/noticias/crf-al-diploma-nova-diretoria-e-conselheiros-eleitos,301
www.crf-al.org.br/no-dia-da-consciencia-negra-o-crf-al-conta-a-historia-da-farmaceutica-negra-ihasmyn-melo/,https://institucional.crf-al.org.br/imprensa/noticias/no-dia-da-consciencia-negra-o-crf-al-conta-a-historia-da-farmaceutica-negra-ihasmyn-melo,301
www.crf-al.org.br/cancer-de-prostata-conheca-a-atuacao-do-farmaceutico-na-doenca/,https://institucional.crf-al.org.br/imprensa/noticias/cancer-de-prostata-conheca-a-atuacao-do-farmaceutico-na-doenca,301
www.crf-al.org.br/eleicoes-ausencia-deve-ser-justificada-ate-09-de-janeiro/,https://institucional.crf-al.org.br/imprensa/noticias/eleicoes-ausencia-deve-ser-justificada-ate-09-de-janeiro,301
www.crf-al.org.br/crf-al-alerta-sobre-os-riscos-da-compra-e-uso-de-medicamentos-falsificados/,https://institucional.crf-al.org.br/imprensa/noticias/crf-al-alerta-sobre-os-riscos-da-compra-e-uso-de-medicamentos-falsificados,301
www.crf-al.org.br/rasdia-mundial-da-psoriase-farmaceutica-luciana-prudente-fala-sobre-a-doenca-e-seu-tratamentocunho-automatico/,https://institucional.crf-al.org.br/imprensa/noticias/rasdia-mundial-da-psoriase-farmaceutica-luciana-prudente-fala-sobre-a-doenca-e-seu-tratamentocunho-automatico,301
www.crf-al.org.br/arapiraca-crf-al-entrega-302-unidades-de-fraldas-ao-lar-de-idosos/,https://institucional.crf-al.org.br/imprensa/noticias/arapiraca-crf-al-entrega-302-unidades-de-fraldas-ao-lar-de-idosos,301
www.crf-al.org.br/dia-nacional-de-prevencao-a-obesidade-conheca-a-historia-da-farmaceutica-joyce-fernandes/,https://institucional.crf-al.org.br/imprensa/noticias/dia-nacional-de-prevencao-a-obesidade-conheca-a-historia-da-farmaceutica-joyce-fernandes,301
www.crf-al.org.br/crf-al-firma-convenio-com-instituicao-de-pos-graduacao/,https://institucional.crf-al.org.br/imprensa/noticias/crf-al-firma-convenio-com-instituicao-de-pos-graduacao,301
www.crf-al.org.br/comunicado-horario-de-funcionamento/,https://institucional.crf-al.org.br/imprensa/noticias/comunicado-horario-de-funcionamento,301
www.crf-al.org.br/crf-al-reune-estudantes-e-profissionais-em-simposio-realizado-em-arapiraca/,https://institucional.crf-al.org.br/imprensa/noticias/crf-al-reune-estudantes-e-profissionais-em-simposio-realizado-em-arapiraca,301
www.crf-al.org.br/saude-mental-e-tema-de-simposio-para-farmaceuticos-e-estudantes/,https://institucional.crf-al.org.br/imprensa/noticias/saude-mental-e-tema-de-simposio-para-farmaceuticos-e-estudantes,301
www.crf-al.org.br/acao-de-saude-promovida-pelo-crf-al-atende-mais-de-90-pessoas-no-trt/,https://institucional.crf-al.org.br/imprensa/noticias/acao-de-saude-promovida-pelo-crf-al-atende-mais-de-90-pessoas-no-trt,301
www.crf-al.org.br/dr-emerson-cunha-fala-sobre-o-papel-do-farmaceutico-no-tratamento-do-linfoma/,https://institucional.crf-al.org.br/imprensa/noticias/dr-emerson-cunha-fala-sobre-o-papel-do-farmaceutico-no-tratamento-do-linfoma,301
www.crf-al.org.br/crf-promove-simposio-de-farmacia-do-agreste-e-sertao-alagoano-em-arapiraca/,https://institucional.crf-al.org.br/imprensa/noticias/crf-promove-simposio-de-farmacia-do-agreste-e-sertao-alagoano-em-arapiraca,301
www.crf-al.org.br/crf-al-se-reune-com-vigilancia-sanitaria-de-rio-largo/,https://institucional.crf-al.org.br/imprensa/noticias/crf-al-se-reune-com-vigilancia-sanitaria-de-rio-largo,301
www.crf-al.org.br/fibrose-cistica-farmaceutico-e-o-unico-profissional-habilitado-para-teste-do-suor-em-al/,https://institucional.crf-al.org.br/imprensa/noticias/fibrose-cistica-farmaceutico-e-o-unico-profissional-habilitado-para-teste-do-suor-em-al,301
www.crf-al.org.br/crf-estara-fechado-nos-dia-07-e-08-de-setembro/,https://institucional.crf-al.org.br/imprensa/noticias/crf-estara-fechado-nos-dia-07-e-08-de-setembro,301
www.crf-al.org.br/crf-al-promove-capacitacao-com-setor-de-compras-e-comissao-permanente-de-licitacao/,https://institucional.crf-al.org.br/imprensa/noticias/crf-al-promove-capacitacao-com-setor-de-compras-e-comissao-permanente-de-licitacao,301
www.crf-al.org.br/setembro-amarelo-crf-al-promove-segunda-edicao-do-simposio-de-saude-mental/,https://institucional.crf-al.org.br/imprensa/noticias/setembro-amarelo-crf-al-promove-segunda-edicao-do-simposio-de-saude-mental,301
www.crf-al.org.br/dia-nacional-de-combate-ao-fumo-um-em-cada-cinco-jovens-usam-cigarro-eletronico-no-brasil/,https://institucional.crf-al.org.br/imprensa/noticias/dia-nacional-de-combate-ao-fumo-um-em-cada-cinco-jovens-usam-cigarro-eletronico-no-brasil,301
www.crf-al.org.br/crf-al-solicita-atualizacao-cadastral-dos-farmaceuticos/,https://institucional.crf-al.org.br/imprensa/noticias/crf-al-solicita-atualizacao-cadastral-dos-farmaceuticos,301
www.crf-al.org.br/comunicado-4/,https://institucional.crf-al.org.br/imprensa/noticias/comunicado-4,301
www.crf-al.org.br/crf-al-faz-doacao-de-fraldas-para-lar-de-idosos/,https://institucional.crf-al.org.br/imprensa/noticias/crf-al-faz-doacao-de-fraldas-para-lar-de-idosos,301
www.crf-al.org.br/ouvidoria-crf-al-disponibiliza-canal-oficial-para-sugestoes-elogios-reclamacoes/,https://institucional.crf-al.org.br/imprensa/noticias/ouvidoria-crf-al-disponibiliza-canal-oficial-para-sugestoes-elogios-reclamacoes,301
www.crf-al.org.br/mudancas-na-rotulagem-farmaceutica-explica-como-serao-as-novas-embalagens-dos-medicamentos/,https://institucional.crf-al.org.br/imprensa/noticias/mudancas-na-rotulagem-farmaceutica-explica-como-serao-as-novas-embalagens-dos-medicamentos,301
www.crf-al.org.br/crf-al-participa-de-sessao-publica-na-assembleia-legislativa-para-discutir-o-uso-de-canabidiol/,https://institucional.crf-al.org.br/imprensa/noticias/crf-al-participa-de-sessao-publica-na-assembleia-legislativa-para-discutir-o-uso-de-canabidiol,301
www.crf-al.org.br/comunicado-3/,https://institucional.crf-al.org.br/imprensa/noticias/comunicado-3,301
www.crf-al.org.br/comissao-de-etica-do-crf-al-realiza-primeira-oitiva-processual/,https://institucional.crf-al.org.br/imprensa/noticias/comissao-de-etica-do-crf-al-realiza-primeira-oitiva-processual,301
www.crf-al.org.br/horario-de-funcionamento-nos-jogos-do-brasil/,https://institucional.crf-al.org.br/imprensa/noticias/horario-de-funcionamento-nos-jogos-do-brasil,301
www.crf-al.org.br/dia-do-amigo-boas-amizades-impactam-diretamente-no-tratamento-de-saude/,https://institucional.crf-al.org.br/imprensa/noticias/dia-do-amigo-boas-amizades-impactam-diretamente-no-tratamento-de-saude,301
www.crf-al.org.br/crf-al-assina-convenio-com-desconto-em-plano-odontologico-para-maceio/,https://institucional.crf-al.org.br/imprensa/noticias/crf-al-assina-convenio-com-desconto-em-plano-odontologico-para-maceio,301
www.crf-al.org.br/crf-al-assina-convenio-para-desconto-em-plano-de-saude-na-regiao-do-agreste/,https://institucional.crf-al.org.br/imprensa/noticias/crf-al-assina-convenio-para-desconto-em-plano-de-saude-na-regiao-do-agreste,301
www.crf-al.org.br/piso-salarial-de-farmaceutico-do-comercio-varejista-sofre-reajuste-de-45/,https://institucional.crf-al.org.br/imprensa/noticias/piso-salarial-de-farmaceutico-do-comercio-varejista-sofre-reajuste-de-45,301
www.crf-al.org.br/violencia-contra-mulher-e-empreendedorismo-foram-temas-do-1o-forum-de-mulheres-farmaceuticas/,https://institucional.crf-al.org.br/imprensa/noticias/violencia-contra-mulher-e-empreendedorismo-foram-temas-do-1o-forum-de-mulheres-farmaceuticas,301
www.crf-al.org.br/crf-al-funciona-normalmente-nesta-quinta-feira-29/,https://institucional.crf-al.org.br/imprensa/noticias/crf-al-funciona-normalmente-nesta-quinta-feira-29,301
www.crf-al.org.br/seccional-arapiraca-estara-fechada-de-03-a-19-de-julho/,https://institucional.crf-al.org.br/imprensa/noticias/seccional-arapiraca-estara-fechada-de-03-a-19-de-julho,301
www.crf-al.org.br/crf-al-abre-inscricao-para-1o-forum-de-mulheres-farmaceuticas/,https://institucional.crf-al.org.br/imprensa/noticias/crf-al-abre-inscricao-para-1o-forum-de-mulheres-farmaceuticas,301
www.crf-al.org.br/farmaceutico-humberto-medeiros-fala-sobre-o-que-e-a-doenca-falciforme-e-o-seu-tratamento/,https://institucional.crf-al.org.br/imprensa/noticias/farmaceutico-humberto-medeiros-fala-sobre-o-que-e-a-doenca-falciforme-e-o-seu-tratamento,301
www.crf-al.org.br/fiscalizacao-do-crf-al-ministra-palestra-para-estudantes-de-farmacia-do-cesmac/,https://institucional.crf-al.org.br/imprensa/noticias/fiscalizacao-do-crf-al-ministra-palestra-para-estudantes-de-farmacia-do-cesmac,301
www.crf-al.org.br/aprovado-projeto-de-lei-que-inclui-o-farmaceutico-como-rt-de-servicos-de-vacinacao/,https://institucional.crf-al.org.br/imprensa/noticias/aprovado-projeto-de-lei-que-inclui-o-farmaceutico-como-rt-de-servicos-de-vacinacao,301
www.crf-al.org.br/fernanda-fala-sobre-os-beneficios-da-yoga-no-tratamento-da-ansiedade-depressao-osteoporose/,https://institucional.crf-al.org.br/imprensa/noticias/fernanda-fala-sobre-os-beneficios-da-yoga-no-tratamento-da-ansiedade-depressao-osteoporose,301
www.crf-al.org.br/arapiraca-crf-al-realiza-a-terceira-edicao-da-reuniao-plenaria-itinerante/,https://institucional.crf-al.org.br/imprensa/noticias/arapiraca-crf-al-realiza-a-terceira-edicao-da-reuniao-plenaria-itinerante,301
www.crf-al.org.br/dia-nacional-da-imunizacao-farmaceutica-emanuelle-fala-da-importancia-da-vacinacao/,https://institucional.crf-al.org.br/imprensa/noticias/dia-nacional-da-imunizacao-farmaceutica-emanuelle-fala-da-importancia-da-vacinacao,301
www.crf-al.org.br/crfal-funciona-ate-quarta-feira-07-de-junho/,https://institucional.crf-al.org.br/imprensa/noticias/crfal-funciona-ate-quarta-feira-07-de-junho,301
www.crf-al.org.br/crfal-promove-vii-reuniao-plenaria-em-arapiraca-na-sexta-feira-09/,https://institucional.crf-al.org.br/imprensa/noticias/crfal-promove-vii-reuniao-plenaria-em-arapiraca-na-sexta-feira-09,301
www.crf-al.org.br/chip-da-beleza-farmaceutica-maria-das-gracas-fala-dos-riscos-deste-procedimento/,https://institucional.crf-al.org.br/imprensa/noticias/chip-da-beleza-farmaceutica-maria-das-gracas-fala-dos-riscos-deste-procedimento,301
www.crf-al.org.br/farmaceutico-anderson-vasconcelos-fala-sobre-o-controle-das-infeccoes-no-ambiente-hospitalar/,https://institucional.crf-al.org.br/imprensa/noticias/farmaceutico-anderson-vasconcelos-fala-sobre-o-controle-das-infeccoes-no-ambiente-hospitalar,301
www.crf-al.org.br/farmaceutica-tatiane-acioly-fala-sobre-rdc-que-amplia-testes-rapidos-em-farmacias/,https://institucional.crf-al.org.br/imprensa/noticias/farmaceutica-tatiane-acioly-fala-sobre-rdc-que-amplia-testes-rapidos-em-farmacias,301
www.crf-al.org.br/dia-das-maes-curso-de-farmacia-une-mae-e-filha-na-manipulacao-docencia-e-empreendedorismo/,https://institucional.crf-al.org.br/imprensa/noticias/dia-das-maes-curso-de-farmacia-une-mae-e-filha-na-manipulacao-docencia-e-empreendedorismo,301
www.crf-al.org.br/melhores-do-ano-drogaria-do-proprietario-farmaceutico-recebe-premio-em-marechal-deodoro/,https://institucional.crf-al.org.br/imprensa/noticias/melhores-do-ano-drogaria-do-proprietario-farmaceutico-recebe-premio-em-marechal-deodoro,301
www.crf-al.org.br/acao-de-saude-promovida-pelo-crfal-atende-120-pessoas-na-orla-da-ponta-verde/,https://institucional.crf-al.org.br/imprensa/noticias/acao-de-saude-promovida-pelo-crfal-atende-120-pessoas-na-orla-da-ponta-verde,301
www.crf-al.org.br/farmaceuticas-promovem-acao-de-uso-racional-no-hospital-universitario/,https://institucional.crf-al.org.br/imprensa/noticias/farmaceuticas-promovem-acao-de-uso-racional-no-hospital-universitario,301
www.crf-al.org.br/uso-racional-de-medicamentos-farmaceutica-fala-dos-principais-erros-da-medicacao/,https://institucional.crf-al.org.br/imprensa/noticias/uso-racional-de-medicamentos-farmaceutica-fala-dos-principais-erros-da-medicacao,301
www.crf-al.org.br/gt-de-farmacia-estetica-do-crfal-promoveu-curso-de-atualizacao-na-area/,https://institucional.crf-al.org.br/imprensa/noticias/gt-de-farmacia-estetica-do-crfal-promoveu-curso-de-atualizacao-na-area,301
www.crf-al.org.br/crfal-promove-acoes-de-saude-no-proximo-domingo-07/,https://institucional.crf-al.org.br/imprensa/noticias/crfal-promove-acoes-de-saude-no-proximo-domingo-07,301
www.crf-al.org.br/arapiraca-seccional-do-crfal-estara-fechada-na-sexta-feira-28/,https://institucional.crf-al.org.br/imprensa/noticias/arapiraca-seccional-do-crfal-estara-fechada-na-sexta-feira-28,301
www.crf-al.org.br/startup-de-farmaceuticas-e-premiada-com-r-20-mil-em-evento-de-tecnologia/,https://institucional.crf-al.org.br/imprensa/noticias/startup-de-farmaceuticas-e-premiada-com-r-20-mil-em-evento-de-tecnologia,301
www.crf-al.org.br/crfal-promove-atendimentos-de-saude-em-sao-luiz-do-quitunde/,https://institucional.crf-al.org.br/imprensa/noticias/crfal-promove-atendimentos-de-saude-em-sao-luiz-do-quitunde,301
www.crf-al.org.br/farmaceutico-fique-atento-dispensacao-de-anabolizantes-frente-nova-resolucao-do-cfm/,https://institucional.crf-al.org.br/imprensa/noticias/farmaceutico-fique-atento-dispensacao-de-anabolizantes-frente-nova-resolucao-do-cfm,301
www.crf-al.org.br/crfal-realiza-reuniao-plenaria-na-cidade-de-sao-luiz-do-quitunde/,https://institucional.crf-al.org.br/imprensa/noticias/crfal-realiza-reuniao-plenaria-na-cidade-de-sao-luiz-do-quitunde,301
www.crf-al.org.br/crfal-faz-atendimento-de-saude-para-seus-colaboradores-em-alusao-ao-dia-da-promocao-saude/,https://institucional.crf-al.org.br/imprensa/noticias/crfal-faz-atendimento-de-saude-para-seus-colaboradores-em-alusao-ao-dia-da-promocao-saude,301
www.crf-al.org.br/crfal-promove-reuniao-plenaria-em-sao-luiz-do-quitunde-na-sexta-feira-14/,https://institucional.crf-al.org.br/imprensa/noticias/crfal-promove-reuniao-plenaria-em-sao-luiz-do-quitunde-na-sexta-feira-14,301
www.crf-al.org.br/crfal-entrega-cerca-de-50-carteiras-profissionais-no-mes-de-marco/,https://institucional.crf-al.org.br/imprensa/noticias/crfal-entrega-cerca-de-50-carteiras-profissionais-no-mes-de-marco,301
www.crf-al.org.br/feriado-semana-santa-crfal-funciona-ate-quarta-feira-05-de-abril/,https://institucional.crf-al.org.br/imprensa/noticias/feriado-semana-santa-crfal-funciona-ate-quarta-feira-05-de-abril,301
www.crf-al.org.br/estudantes-de-farmacia-participam-de-palestra-com-o-setor-de-fiscalizacao/,https://institucional.crf-al.org.br/imprensa/noticias/estudantes-de-farmacia-participam-de-palestra-com-o-setor-de-fiscalizacao,301
www.crf-al.org.br/secretaria-geral-do-crf-participa-do-i-encontro-nacional-de-mulheres-farmaceuticas/,https://institucional.crf-al.org.br/imprensa/noticias/secretaria-geral-do-crf-participa-do-i-encontro-nacional-de-mulheres-farmaceuticas,301
www.crf-al.org.br/hospital-regional-de-alto-sertao-crfal-participa-de-operacao-conjunta-com-mpal/,https://institucional.crf-al.org.br/imprensa/noticias/hospital-regional-de-alto-sertao-crfal-participa-de-operacao-conjunta-com-mpal,301
www.crf-al.org.br/acompanhamento-farmacoterapeutico-e-fundamental-para-evitar-agravamento-da-epilepsia/,https://institucional.crf-al.org.br/imprensa/noticias/acompanhamento-farmacoterapeutico-e-fundamental-para-evitar-agravamento-da-epilepsia,301
www.crf-al.org.br/presenca-de-farmaceutico-traz-seguranca-no-uso-de-medicamentos/,https://institucional.crf-al.org.br/imprensa/noticias/presenca-de-farmaceutico-traz-seguranca-no-uso-de-medicamentos,301
www.crf-al.org.br/fiscalizacao-conjunta-do-crfal-e-vigilancia-interdita-sete-farmacias-em-maceio/,https://institucional.crf-al.org.br/imprensa/noticias/fiscalizacao-conjunta-do-crfal-e-vigilancia-interdita-sete-farmacias-em-maceio,301
www.crf-al.org.br/nota-de-pesar-pelo-assassinato-da-farmaceutica-marcelle-bulhoes/,https://institucional.crf-al.org.br/imprensa/noticias/nota-de-pesar-pelo-assassinato-da-farmaceutica-marcelle-bulhoes,301
www.crf-al.org.br/farmacia-hospitalar-do-hu-atua-na-reducao-em-40-de-gastos-com-antimicrobianos/,https://institucional.crf-al.org.br/imprensa/noticias/farmacia-hospitalar-do-hu-atua-na-reducao-em-40-de-gastos-com-antimicrobianos,301
www.crf-al.org.br/dia-mundial-da-obesidade-farmaceutica-fala-sobre-os-riscos-de-medicamentos-para-emagrecer/,https://institucional.crf-al.org.br/imprensa/noticias/dia-mundial-da-obesidade-farmaceutica-fala-sobre-os-riscos-de-medicamentos-para-emagrecer,301
www.crf-al.org.br/conselheiro-rene-gondim-participa-de-audiencia-publica-na-camara-de-vereadores-de-maceio/,https://institucional.crf-al.org.br/imprensa/noticias/conselheiro-rene-gondim-participa-de-audiencia-publica-na-camara-de-vereadores-de-maceio,301
www.crf-al.org.br/crfal-participa-da-semana-integrativa-da-faculdade-unirb-em-arapiraca/,https://institucional.crf-al.org.br/imprensa/noticias/crfal-participa-da-semana-integrativa-da-faculdade-unirb-em-arapiraca,301
www.crf-al.org.br/atuacao-de-farmaceutico-em-tricologia-e-regulamenta-por-resolucao/,https://institucional.crf-al.org.br/imprensa/noticias/atuacao-de-farmaceutico-em-tricologia-e-regulamenta-por-resolucao,301
www.crf-al.org.br/cosmeticos-farmaceutica-orienta-sobre-os-riscos-do-uso-de-maquiagens-clandestinas/,https://institucional.crf-al.org.br/imprensa/noticias/cosmeticos-farmaceutica-orienta-sobre-os-riscos-do-uso-de-maquiagens-clandestinas,301
www.crf-al.org.br/femsa-salud-abre-vagas-para-farmaceuticos-trabalharem-no-chile/,https://institucional.crf-al.org.br/imprensa/noticias/femsa-salud-abre-vagas-para-farmaceuticos-trabalharem-no-chile,301
www.crf-al.org.br/carnaval-crfal-estara-fechado-nos-dias-20-21-e-22-de-fevereiro/,https://institucional.crf-al.org.br/imprensa/noticias/carnaval-crfal-estara-fechado-nos-dias-20-21-e-22-de-fevereiro,301
www.crf-al.org.br/projeto-de-farmaceutica-e-apresentado-em-mostra-de-saude-promovida-pela-sesau/,https://institucional.crf-al.org.br/imprensa/noticias/projeto-de-farmaceutica-e-apresentado-em-mostra-de-saude-promovida-pela-sesau,301
www.crf-al.org.br/sindfal-lanca-pesquisa-para-conhecer-problemas-da-categoria-farmaceutica/,https://institucional.crf-al.org.br/imprensa/noticias/sindfal-lanca-pesquisa-para-conhecer-problemas-da-categoria-farmaceutica,301
www.crf-al.org.br/crfal-orienta-quanto-mistura-de-medicamentos-e-bebida-alcoolica-no-carnaval/,https://institucional.crf-al.org.br/imprensa/noticias/crfal-orienta-quanto-mistura-de-medicamentos-e-bebida-alcoolica-no-carnaval,301
www.crf-al.org.br/curso-online-de-atualizacao-em-analises-clinicas/,https://institucional.crf-al.org.br/imprensa/noticias/curso-online-de-atualizacao-em-analises-clinicas,301
www.crf-al.org.br/entrega-de-carteiras-e-curso-encerram-atividades-comemorativas-do-dia-do-farmaceutico/,https://institucional.crf-al.org.br/imprensa/noticias/entrega-de-carteiras-e-curso-encerram-atividades-comemorativas-do-dia-do-farmaceutico,301
www.crf-al.org.br/crfal-realiza-mais-de-300-atendimentos-em-maceio-e-arapiraca/,https://institucional.crf-al.org.br/imprensa/noticias/crfal-realiza-mais-de-300-atendimentos-em-maceio-e-arapiraca,301
www.crf-al.org.br/feriado-seccional-arapiraca-estara-fechada-no-dia-02-de-fevereiro/,https://institucional.crf-al.org.br/imprensa/noticias/feriado-seccional-arapiraca-estara-fechada-no-dia-02-de-fevereiro,301
www.crf-al.org.br/ufal-abre-selecao-para-mestrado-em-ciencias-farmaceuticas-inscricoes-seguem-ate-o-dia-12-02/,https://institucional.crf-al.org.br/imprensa/noticias/ufal-abre-selecao-para-mestrado-em-ciencias-farmaceuticas-inscricoes-seguem-ate-o-dia-12-02,301
www.crf-al.org.br/crfal-homenageia-ex-presidentes-e-funcionarios-em-solenidade-de-comemoracao-dos-60-anos/,https://institucional.crf-al.org.br/imprensa/noticias/crfal-homenageia-ex-presidentes-e-funcionarios-em-solenidade-de-comemoracao-dos-60-anos,301
www.crf-al.org.br/janeiro-branco-crfal-realiza-palestra-sobre-saude-mental-para-maes-de-criancas-com-microcefalia/,https://institucional.crf-al.org.br/imprensa/noticias/janeiro-branco-crfal-realiza-palestra-sobre-saude-mental-para-maes-de-criancas-com-microcefalia,301
www.crf-al.org.br/crfal-realiza-palestra-sobre-saude-mental-para-maes-de-criancas-com-microcefalia/,https://institucional.crf-al.org.br/imprensa/noticias/crfal-realiza-palestra-sobre-saude-mental-para-maes-de-criancas-com-microcefalia,301
www.crf-al.org.br/seccional-maceio-funciona-ate-as-14h-nesta-sexta-feira-20/,https://institucional.crf-al.org.br/imprensa/noticias/seccional-maceio-funciona-ate-as-14h-nesta-sexta-feira-20,301
www.crf-al.org.br/dia-nacional-do-farmaceutico-crfal-premia-farmaceuticos-e-promove-acoes-de-saude/,https://institucional.crf-al.org.br/imprensa/noticias/dia-nacional-do-farmaceutico-crfal-premia-farmaceuticos-e-promove-acoes-de-saude,301
www.crf-al.org.br/anuidade-2023-ja-esta-disponivel-pelo-crfweb/,https://institucional.crf-al.org.br/imprensa/noticias/anuidade-2023-ja-esta-disponivel-pelo-crfweb,301
www.crf-al.org.br/crfal-convida-empresas-participarem-da-campanha-farmaceutico-que-cuida/,https://institucional.crf-al.org.br/imprensa/noticias/crfal-convida-empresas-participarem-da-campanha-farmaceutico-que-cuida,301
www.crf-al.org.br/crfal-entra-em-recesso-e-retorna-atendimento-em-janeiro/,https://institucional.crf-al.org.br/imprensa/noticias/crfal-entra-em-recesso-e-retorna-atendimento-em-janeiro,301
www.crf-al.org.br/crfal-emite-nota-tecnica-sobre-contratacao-de-farmaceuticos/,https://institucional.crf-al.org.br/imprensa/noticias/crfal-emite-nota-tecnica-sobre-contratacao-de-farmaceuticos,301
www.crf-al.org.br/crfal-atendimento-em-maceio-acontece-ate-12h-nesta-quinta-feira-15/,https://institucional.crf-al.org.br/imprensa/noticias/crfal-atendimento-em-maceio-acontece-ate-12h-nesta-quinta-feira-15,301
www.crf-al.org.br/covi-19-procura-por-testes-rapidos-cresce-em-alagoas/,https://institucional.crf-al.org.br/imprensa/noticias/covi-19-procura-por-testes-rapidos-cresce-em-alagoas,301
www.crf-al.org.br/crfal-estara-fechado-nos-dias-08-e-09-de-dezembro/,https://institucional.crf-al.org.br/imprensa/noticias/crfal-estara-fechado-nos-dias-08-e-09-de-dezembro,301
www.crf-al.org.br/jogo-do-brasil-crfal-funciona-de-08h-as-13h-nesta-segunda-feira/,https://institucional.crf-al.org.br/imprensa/noticias/jogo-do-brasil-crfal-funciona-de-08h-as-13h-nesta-segunda-feira,301
www.crf-al.org.br/farmaceutica-fala-sobre-os-avancos-no-tratamento-de-hivaids/,https://institucional.crf-al.org.br/imprensa/noticias/farmaceutica-fala-sobre-os-avancos-no-tratamento-de-hivaids,301
www.crf-al.org.br/em-brasilia-piso-nacional-do-farmaceutico-e-aprovado-na-cssf/,https://institucional.crf-al.org.br/imprensa/noticias/em-brasilia-piso-nacional-do-farmaceutico-e-aprovado-na-cssf,301
www.crf-al.org.br/dia-do-evangelico-crfal-estara-fechado-no-dia-30-de-novembro/,https://institucional.crf-al.org.br/imprensa/noticias/dia-do-evangelico-crfal-estara-fechado-no-dia-30-de-novembro,301
www.crf-al.org.br/crfal-divulga-horario-de-funcionamento-nos-dias-dos-jogos-do-brasil/,https://institucional.crf-al.org.br/imprensa/noticias/crfal-divulga-horario-de-funcionamento-nos-dias-dos-jogos-do-brasil,301
www.crf-al.org.br/nota-oficial/,https://institucional.crf-al.org.br/imprensa/noticias/nota-oficial,301
www.crf-al.org.br/dia-mundial-da-diabetes-farmaceutica-luciana-conta-como-e-conviver-com-doenca/,https://institucional.crf-al.org.br/imprensa/noticias/dia-mundial-da-diabetes-farmaceutica-luciana-conta-como-e-conviver-com-doenca,301
www.crf-al.org.br/gt-pics-apresenta-trabalho-no-ii-congresso-brasileiro-de-ciencias-farmaceuticas/,https://institucional.crf-al.org.br/imprensa/noticias/gt-pics-apresenta-trabalho-no-ii-congresso-brasileiro-de-ciencias-farmaceuticas,301
www.crf-al.org.br/crfal-estara-fechado-na-terca-feira-15-de-novembro/,https://institucional.crf-al.org.br/imprensa/noticias/crfal-estara-fechado-na-terca-feira-15-de-novembro,301
www.crf-al.org.br/lei-que-autoriza-uso-da-cannabis-medicinal-e-promulgada-em-alagoas/,https://institucional.crf-al.org.br/imprensa/noticias/lei-que-autoriza-uso-da-cannabis-medicinal-e-promulgada-em-alagoas,301
www.crf-al.org.br/crfal-convida-farmaceuticos-responderem-pesquisa/,https://institucional.crf-al.org.br/imprensa/noticias/crfal-convida-farmaceuticos-responderem-pesquisa,301
www.crf-al.org.br/crfal-estara-fechado-na-quarta-feira-02-de-novembro/,https://institucional.crf-al.org.br/imprensa/noticias/crfal-estara-fechado-na-quarta-feira-02-de-novembro,301
www.crf-al.org.br/crfal-informa-que-estara-fechado-nesta-sexta-feira-28/,https://institucional.crf-al.org.br/imprensa/noticias/crfal-informa-que-estara-fechado-nesta-sexta-feira-28,301
www.crf-al.org.br/outubro-rosa-crfal-promove-palestra-sobre-cancer-de-mama-e-de-utero-para-seus-colaboradores/,https://institucional.crf-al.org.br/imprensa/noticias/outubro-rosa-crfal-promove-palestra-sobre-cancer-de-mama-e-de-utero-para-seus-colaboradores,301
www.crf-al.org.br/vigilancias-sanitarias-sao-obrigadas-ter-farmaceuticos-durante-fiscalizacao-sanitaria/,https://institucional.crf-al.org.br/imprensa/noticias/vigilancias-sanitarias-sao-obrigadas-ter-farmaceuticos-durante-fiscalizacao-sanitaria,301
www.crf-al.org.br/sede-do-crfal-funciona-ate-16h-nesta-quinta-feira-20/,https://institucional.crf-al.org.br/imprensa/noticias/sede-do-crfal-funciona-ate-16h-nesta-quinta-feira-20,301
www.crf-al.org.br/professores-de-farmacia-sao-homenageados-em-solenidade-no-crfal/,https://institucional.crf-al.org.br/imprensa/noticias/professores-de-farmacia-sao-homenageados-em-solenidade-no-crfal,301
www.crf-al.org.br/fiscalizacao-do-crfal-promove-palestra-para-estudantes-de-farmacia-do-cesmac/,https://institucional.crf-al.org.br/imprensa/noticias/fiscalizacao-do-crfal-promove-palestra-para-estudantes-de-farmacia-do-cesmac,301
www.crf-al.org.br/pesquisa-revela-que-30-dos-brasileiros-adultos-devem-ser-obesos-ate-2030/,https://institucional.crf-al.org.br/imprensa/noticias/pesquisa-revela-que-30-dos-brasileiros-adultos-devem-ser-obesos-ate-2030,301
www.crf-al.org.br/dia-mundial-do-coracao-saiba-como-o-farmaceutico-cuida-deste-orgao/,https://institucional.crf-al.org.br/imprensa/noticias/dia-mundial-do-coracao-saiba-como-o-farmaceutico-cuida-deste-orgao,301
www.crf-al.org.br/sindfal-e-crfal-comemoram-dia-internacional-do-farmaceutico-com-realizacao-de-congresso/,https://institucional.crf-al.org.br/imprensa/noticias/sindfal-e-crfal-comemoram-dia-internacional-do-farmaceutico-com-realizacao-de-congresso,301
www.crf-al.org.br/crfal-promove-live-sobre-relacao-das-pics-na-saude-mental-nesta-quarta-feira-21/,https://institucional.crf-al.org.br/imprensa/noticias/crfal-promove-live-sobre-relacao-das-pics-na-saude-mental-nesta-quarta-feira-21,301
www.crf-al.org.br/simposio-saude-mental-profissionais-de-saude-elogiam-iniciativa-do-crfal/,https://institucional.crf-al.org.br/imprensa/noticias/simposio-saude-mental-profissionais-de-saude-elogiam-iniciativa-do-crfal,301
www.crf-al.org.br/os-linfomas-sao-oitava-forma-mais-comum-de-cancer-no-brasil/,https://institucional.crf-al.org.br/imprensa/noticias/os-linfomas-sao-oitava-forma-mais-comum-de-cancer-no-brasil,301
www.crf-al.org.br/novas-resolucoes-do-cff-respaldam-atuacao-em-pics-e-na-auriculoterapiaauriculoacupuntura/,https://institucional.crf-al.org.br/imprensa/noticias/novas-resolucoes-do-cff-respaldam-atuacao-em-pics-e-na-auriculoterapiaauriculoacupuntura,301
www.crf-al.org.br/crfal-estara-fechado-nesta-sexta-feira-16-de-setembro/,https://institucional.crf-al.org.br/imprensa/noticias/crfal-estara-fechado-nesta-sexta-feira-16-de-setembro,301
www.crf-al.org.br/o-nosso-trabalho-e-garantir-o-acesso-ao-medicamento-e-servicos-farmaceuticos-diz-angela-brandao-sobre-o-papel-do-farmaceutico-no-dia-nacional-de-medicamentos/,https://institucional.crf-al.org.br/imprensa/noticias/o-nosso-trabalho-e-garantir-o-acesso-ao-medicamento-e-servicos-farmaceuticos-diz-angela-brandao-sobre-o-papel-do-farmaceutico-no-dia-nacional-de-medicamentos,301
www.crf-al.org.br/setembro-amarelo-crfal-realiza-simposio-dedicado-saude-mental/,https://institucional.crf-al.org.br/imprensa/noticias/setembro-amarelo-crfal-realiza-simposio-dedicado-saude-mental,301
www.crf-al.org.br/alagoas-tem-17-farmaceuticos-habilitados-para-atuar-na-area-de-estetica/,https://institucional.crf-al.org.br/imprensa/noticias/alagoas-tem-17-farmaceuticos-habilitados-para-atuar-na-area-de-estetica,301
www.crf-al.org.br/considerado-droga-cigarro-mata-oito-milhoes-de-pessoas-no-mundo-por-ano/,https://institucional.crf-al.org.br/imprensa/noticias/considerado-droga-cigarro-mata-oito-milhoes-de-pessoas-no-mundo-por-ano,301
www.crf-al.org.br/diretoria-do-crfal-participa-de-encontro-de-diretores-dos-crfs-em-sp/,https://institucional.crf-al.org.br/imprensa/noticias/diretoria-do-crfal-participa-de-encontro-de-diretores-dos-crfs-em-sp,301
www.crf-al.org.br/inscricoes-abertas-sindfal-e-crfal-promovem-ii-congresso-alagoano-de-farmacia/,https://institucional.crf-al.org.br/imprensa/noticias/inscricoes-abertas-sindfal-e-crfal-promovem-ii-congresso-alagoano-de-farmacia,301
www.crf-al.org.br/nota-de-falecimento-denis-fagner-souza-lins/,https://institucional.crf-al.org.br/imprensa/noticias/nota-de-falecimento-denis-fagner-souza-lins,301
www.crf-al.org.br/agosto-dourado-farmaceutica-gabriela-amamentou-depois-de-um-cancer-de-mama/,https://institucional.crf-al.org.br/imprensa/noticias/agosto-dourado-farmaceutica-gabriela-amamentou-depois-de-um-cancer-de-mama,301
www.crf-al.org.br/setembro-amarelo-gt-de-saude-mental-realiza-simposio-para-discutir-temas-da-saude-mental/,https://institucional.crf-al.org.br/imprensa/noticias/setembro-amarelo-gt-de-saude-mental-realiza-simposio-para-discutir-temas-da-saude-mental,301
www.crf-al.org.br/penedo-reduz-40-de-gastos-com-medicamentos-com-contratacao-de-farmaceuticos/,https://institucional.crf-al.org.br/imprensa/noticias/penedo-reduz-40-de-gastos-com-medicamentos-com-contratacao-de-farmaceuticos,301
www.crf-al.org.br/farmaceuticas-pesquisam-novos-medicamentos-para-tratamento-de-leishmaniose/,https://institucional.crf-al.org.br/imprensa/noticias/farmaceuticas-pesquisam-novos-medicamentos-para-tratamento-de-leishmaniose,301
www.crf-al.org.br/enaf-fiscalizacao-em-consultorio-farmaceutico-e-tema-mais-relevante-para-farmaceuticos-fiscais-de-al/,https://institucional.crf-al.org.br/imprensa/noticias/enaf-fiscalizacao-em-consultorio-farmaceutico-e-tema-mais-relevante-para-farmaceuticos-fiscais-de-al,301
www.crf-al.org.br/educacao-continuada-gt-pics-inicia-retomada-de-eventos-presenciais/,https://institucional.crf-al.org.br/imprensa/noticias/educacao-continuada-gt-pics-inicia-retomada-de-eventos-presenciais,301
www.crf-al.org.br/dia-nacional-da-farmacia-dra-eline-baracho-fala-sobre-importancia-deste-estabelecimento-na-promocao-da-saude/,https://institucional.crf-al.org.br/imprensa/noticias/dia-nacional-da-farmacia-dra-eline-baracho-fala-sobre-importancia-deste-estabelecimento-na-promocao-da-saude,301
www.crf-al.org.br/coordenador-e-fiscais-do-crfal-participarao-do-encontro-nacional-de-fiscalizacao/,https://institucional.crf-al.org.br/imprensa/noticias/coordenador-e-fiscais-do-crfal-participarao-do-encontro-nacional-de-fiscalizacao,301
www.crf-al.org.br/crfal-realiza-atendimentos-de-saude-na-comunidade-do-vergel-do-lago/,https://institucional.crf-al.org.br/imprensa/noticias/crfal-realiza-atendimentos-de-saude-na-comunidade-do-vergel-do-lago,301
www.crf-al.org.br/pics-crfal-promove-seminario-no-proximo-dia-06-de-agosto/,https://institucional.crf-al.org.br/imprensa/noticias/pics-crfal-promove-seminario-no-proximo-dia-06-de-agosto,301
www.crf-al.org.br/no-dia-de-conscientizacao-de-combate-as-hepatites-virais-farmaceutico-fala-sobre-suas-formas-de-transmissao/,https://institucional.crf-al.org.br/imprensa/noticias/no-dia-de-conscientizacao-de-combate-as-hepatites-virais-farmaceutico-fala-sobre-suas-formas-de-transmissao,301
www.crf-al.org.br/conselheiro-do-crfal-e-o-representa-alagoas-em-evento-no-maranhao/,https://institucional.crf-al.org.br/imprensa/noticias/conselheiro-do-crfal-e-o-representa-alagoas-em-evento-no-maranhao,301
www.crf-al.org.br/presidente-do-crf-e-do-sindicato-dos-farmaceuticos-comemoram-aprovacao-do-piso-do-farmaceutico/,https://institucional.crf-al.org.br/imprensa/noticias/presidente-do-crf-e-do-sindicato-dos-farmaceuticos-comemoram-aprovacao-do-piso-do-farmaceutico,301
www.crf-al.org.br/efeitos-colaterais-crfal-alerta-sobre-os-riscos-da-automedicacao-com-antialergicos/,https://institucional.crf-al.org.br/imprensa/noticias/efeitos-colaterais-crfal-alerta-sobre-os-riscos-da-automedicacao-com-antialergicos,301
www.crf-al.org.br/centro-cirurgico-farmaceutico-e-o-profissional-responsavel-pelos-medicamentos-insumos-e-correlatos/,https://institucional.crf-al.org.br/imprensa/noticias/centro-cirurgico-farmaceutico-e-o-profissional-responsavel-pelos-medicamentos-insumos-e-correlatos,301
www.crf-al.org.br/pl-do-piso-nacional-do-farmaceutico-deve-ser-votado-nesta-quarta-feira-13-em-brasilia/,https://institucional.crf-al.org.br/imprensa/noticias/pl-do-piso-nacional-do-farmaceutico-deve-ser-votado-nesta-quarta-feira-13-em-brasilia,301
www.crf-al.org.br/penedo-farmaceuticos-participam-de-minicursos-promovidos-pelo-crfal/,https://institucional.crf-al.org.br/imprensa/noticias/penedo-farmaceuticos-participam-de-minicursos-promovidos-pelo-crfal,301
www.crf-al.org.br/porta-voz-dos-farmaceuticos-vanessa-veiga-e-eleita-delegada-da-6a-regiao-de-saude/,https://institucional.crf-al.org.br/imprensa/noticias/porta-voz-dos-farmaceuticos-vanessa-veiga-e-eleita-delegada-da-6a-regiao-de-saude,301
www.crf-al.org.br/crfal-recebe-doacoes-de-agasalhos-e-roupas-para-vitimas-das-chuvas/,https://institucional.crf-al.org.br/imprensa/noticias/crfal-recebe-doacoes-de-agasalhos-e-roupas-para-vitimas-das-chuvas,301
www.crf-al.org.br/nova-gestao-do-crfal-realiza-primeira-plenaria-itinerante-na-cidade-de-penedo/,https://institucional.crf-al.org.br/imprensa/noticias/nova-gestao-do-crfal-realiza-primeira-plenaria-itinerante-na-cidade-de-penedo,301
www.crf-al.org.br/seccional-arapiraca-estara-fechada-de-04-18-de-julho/,https://institucional.crf-al.org.br/imprensa/noticias/seccional-arapiraca-estara-fechada-de-04-18-de-julho,301
www.crf-al.org.br/crfal-estara-fechado-nesta-quarta-feira-29/,https://institucional.crf-al.org.br/imprensa/noticias/crfal-estara-fechado-nesta-quarta-feira-29,301
www.crf-al.org.br/entenda-tramitacao-do-pl-do-piso-salarial-do-farmaceutico/,https://institucional.crf-al.org.br/imprensa/noticias/entenda-tramitacao-do-pl-do-piso-salarial-do-farmaceutico,301
www.crf-al.org.br/governo-federal-lanca-estrategias-para-cuidar-da-saude-mental-dos-brasileiros/,https://institucional.crf-al.org.br/imprensa/noticias/governo-federal-lanca-estrategias-para-cuidar-da-saude-mental-dos-brasileiros,301
www.crf-al.org.br/relator-emite-parecer-favoravel-ao-piso-salarial-do-farmaceutico-na-cssf/,https://institucional.crf-al.org.br/imprensa/noticias/relator-emite-parecer-favoravel-ao-piso-salarial-do-farmaceutico-na-cssf,301
www.crf-al.org.br/crfal-funciona-normalmente-na-quinta-feira-23/,https://institucional.crf-al.org.br/imprensa/noticias/crfal-funciona-normalmente-na-quinta-feira-23,301
www.crf-al.org.br/pesquisa-indica-que-24-dos-brasileiros-ja-usaram-substancias-para-emagrecer/,https://institucional.crf-al.org.br/imprensa/noticias/pesquisa-indica-que-24-dos-brasileiros-ja-usaram-substancias-para-emagrecer,301
www.crf-al.org.br/crfal-estara-fechado-nos-dias-16-e-17-de-junho/,https://institucional.crf-al.org.br/imprensa/noticias/crfal-estara-fechado-nos-dias-16-e-17-de-junho,301
www.crf-al.org.br/deputado-usa-tribuna-da-camara-federal-pra-defender-piso-nacional-do-farmaceutico/,https://institucional.crf-al.org.br/imprensa/noticias/deputado-usa-tribuna-da-camara-federal-pra-defender-piso-nacional-do-farmaceutico,301
www.crf-al.org.br/rdc-da-anvisa-muda-validade-das-receitas-de-anorexigenos-para-30-dias/,https://institucional.crf-al.org.br/imprensa/noticias/rdc-da-anvisa-muda-validade-das-receitas-de-anorexigenos-para-30-dias,301
www.crf-al.org.br/nota-de-falecimento-4/,https://institucional.crf-al.org.br/imprensa/noticias/nota-de-falecimento-4,301
www.crf-al.org.br/dia-mundial-sem-tabaco-uso-da-substancia-implica-em-problemas-no-sono/,https://institucional.crf-al.org.br/imprensa/noticias/dia-mundial-sem-tabaco-uso-da-substancia-implica-em-problemas-no-sono,301
www.crf-al.org.br/ministerio-da-saude-lanca-capacitacao-sobre-cuidado-em-crises-epileticas-e-epilepsia/,https://institucional.crf-al.org.br/imprensa/noticias/ministerio-da-saude-lanca-capacitacao-sobre-cuidado-em-crises-epileticas-e-epilepsia,301
www.crf-al.org.br/farmaceutico-alerta-sobre-o-risco-da-automedicacao-em-casos-de-dengue-zika-e-chicungunya/,https://institucional.crf-al.org.br/imprensa/noticias/farmaceutico-alerta-sobre-o-risco-da-automedicacao-em-casos-de-dengue-zika-e-chicungunya,301
www.crf-al.org.br/farmaceutica-abre-200-vagas-para-representantes-em-todo-o-brasil/,https://institucional.crf-al.org.br/imprensa/noticias/farmaceutica-abre-200-vagas-para-representantes-em-todo-o-brasil,301
www.crf-al.org.br/ii-congresso-de-ciencias-farmaceuticas-trabalhos-podem-ser-inscritos-ate-04-de-julho/,https://institucional.crf-al.org.br/imprensa/noticias/ii-congresso-de-ciencias-farmaceuticas-trabalhos-podem-ser-inscritos-ate-04-de-julho,301
www.crf-al.org.br/farmaceuticos-falam-sobre-novos-medicamentos-para-tratamento-de-cancer/,https://institucional.crf-al.org.br/imprensa/noticias/farmaceuticos-falam-sobre-novos-medicamentos-para-tratamento-de-cancer,301
www.crf-al.org.br/cff-defende-implantacao-de-servicos-e-consultorio-farmaceutico-no-programa-farmacia-popular/,https://institucional.crf-al.org.br/imprensa/noticias/cff-defende-implantacao-de-servicos-e-consultorio-farmaceutico-no-programa-farmacia-popular,301
www.crf-al.org.br/medicamento-em-spray-usado-para-depressao-exige-cautela/,https://institucional.crf-al.org.br/imprensa/noticias/medicamento-em-spray-usado-para-depressao-exige-cautela,301
www.crf-al.org.br/ministerio-da-saude-lanca-concurso-sobre-uso-racional-de-medicamentos/,https://institucional.crf-al.org.br/imprensa/noticias/ministerio-da-saude-lanca-concurso-sobre-uso-racional-de-medicamentos,301
www.crf-al.org.br/seis-farmaceuticos-estao-entre-os-principais-cientistas-de-imunologia-do-brasil/,https://institucional.crf-al.org.br/imprensa/noticias/seis-farmaceuticos-estao-entre-os-principais-cientistas-de-imunologia-do-brasil,301
www.crf-al.org.br/crfal-promove-talk-show-e-atendimentos-no-dia-do-uso-racional-de-medicamentos/,https://institucional.crf-al.org.br/imprensa/noticias/crfal-promove-talk-show-e-atendimentos-no-dia-do-uso-racional-de-medicamentos,301
www.crf-al.org.br/crfal-promove-acao-de-saude-para-falar-sobre-os-riscos-do-uso-de-medicamentos-em-idosos-e-criancas/,https://institucional.crf-al.org.br/imprensa/noticias/crfal-promove-acao-de-saude-para-falar-sobre-os-riscos-do-uso-de-medicamentos-em-idosos-e-criancas,301
www.crf-al.org.br/crfal-estara-fechado-nos-dias-21-e-22-de-abril/,https://institucional.crf-al.org.br/imprensa/noticias/crfal-estara-fechado-nos-dias-21-e-22-de-abril,301
www.crf-al.org.br/curso-de-vacinacao-do-cff-encerra-inscricoes-no-dia-31-de-maio/,https://institucional.crf-al.org.br/imprensa/noticias/curso-de-vacinacao-do-cff-encerra-inscricoes-no-dia-31-de-maio,301
www.crf-al.org.br/ii-congresso-brasileiro-de-ciencias-farmaceuticas-esta-com-inscricoes-abertas/,https://institucional.crf-al.org.br/imprensa/noticias/ii-congresso-brasileiro-de-ciencias-farmaceuticas-esta-com-inscricoes-abertas,301
www.crf-al.org.br/crfal-funciona-ate-esta-quarta-feira-13-de-abril/,https://institucional.crf-al.org.br/imprensa/noticias/crfal-funciona-ate-esta-quarta-feira-13-de-abril,301
www.crf-al.org.br/nota-de-falecimento-eliane-pereira-dos-santos/,https://institucional.crf-al.org.br/imprensa/noticias/nota-de-falecimento-eliane-pereira-dos-santos,301
www.crf-al.org.br/diretores-do-crfal-participam-da-67a-reuniao-geral-dos-conselhos-regionais-em-brasilia/,https://institucional.crf-al.org.br/imprensa/noticias/diretores-do-crfal-participam-da-67a-reuniao-geral-dos-conselhos-regionais-em-brasilia,301
www.crf-al.org.br/uso-de-mascaras-continua-obrigatorio-nas-dependencias-do-crfal/,https://institucional.crf-al.org.br/imprensa/noticias/uso-de-mascaras-continua-obrigatorio-nas-dependencias-do-crfal,301
www.crf-al.org.br/sindicatos-apresentam-mesa-de-negociacao-dos-sus-emendas-para-pccs-dos-profissionais-de-saude/,https://institucional.crf-al.org.br/imprensa/noticias/sindicatos-apresentam-mesa-de-negociacao-dos-sus-emendas-para-pccs-dos-profissionais-de-saude,301
www.crf-al.org.br/arapiraca-processos-administrativos-serao-analisados-em-ate-48hs/,https://institucional.crf-al.org.br/imprensa/noticias/arapiraca-processos-administrativos-serao-analisados-em-ate-48hs,301
www.crf-al.org.br/treinamento-seccional-estara-fechada-nos-dias-1415-e-16-de-marco/,https://institucional.crf-al.org.br/imprensa/noticias/treinamento-seccional-estara-fechada-nos-dias-1415-e-16-de-marco,301
www.crf-al.org.br/nota-sobre-recolhimento-da-losartana/,https://institucional.crf-al.org.br/imprensa/noticias/nota-sobre-recolhimento-da-losartana,301
www.crf-al.org.br/anuidade-desconto-de-10-pode-ser-pago-ate-proxima-segunda-feira-07/,https://institucional.crf-al.org.br/imprensa/noticias/anuidade-desconto-de-10-pode-ser-pago-ate-proxima-segunda-feira-07,301
www.crf-al.org.br/nota-de-falecimento-da-farmaceutica-itala-paiva-de-brito/,https://institucional.crf-al.org.br/imprensa/noticias/nota-de-falecimento-da-farmaceutica-itala-paiva-de-brito,301
www.crf-al.org.br/x-encontro-dos-presidentes-do-crfs-reune-20-estados-e-conta-com-participacao-dos-vice-presidente-e-gerentes-de-fiscalizacao/,https://institucional.crf-al.org.br/imprensa/noticias/x-encontro-dos-presidentes-do-crfs-reune-20-estados-e-conta-com-participacao-dos-vice-presidente-e-gerentes-de-fiscalizacao,301
www.crf-al.org.br/nota-de-pesar-jose-neto-amorim-de-alexandre/,https://institucional.crf-al.org.br/imprensa/noticias/nota-de-pesar-jose-neto-amorim-de-alexandre,301
www.crf-al.org.br/nota-de-falecimento-levi-rodrigues-nicacio/,https://institucional.crf-al.org.br/imprensa/noticias/nota-de-falecimento-levi-rodrigues-nicacio,301
www.crf-al.org.br/feriado-carnaval-crfal-funciona-ate-sexta-feira-25-de-fevereiro/,https://institucional.crf-al.org.br/imprensa/noticias/feriado-carnaval-crfal-funciona-ate-sexta-feira-25-de-fevereiro,301
www.crf-al.org.br/acao-de-saude-realiza-cerca-de-400-atendimentos-e-identifica-casos-de-sifilis-e-hepatite/,https://institucional.crf-al.org.br/imprensa/noticias/acao-de-saude-realiza-cerca-de-400-atendimentos-e-identifica-casos-de-sifilis-e-hepatite,301
www.crf-al.org.br/nota-de-repudio-3/,https://institucional.crf-al.org.br/imprensa/noticias/nota-de-repudio-3,301
www.crf-al.org.br/crfal-tem-novo-horario-de-funcionamento-partir-de-fevereiro/,https://institucional.crf-al.org.br/imprensa/noticias/crfal-tem-novo-horario-de-funcionamento-partir-de-fevereiro,301
www.crf-al.org.br/anuidade-crfal-informa-que-nao-envia-boletos-por-email-sem-solicitacao/,https://institucional.crf-al.org.br/imprensa/noticias/anuidade-crfal-informa-que-nao-envia-boletos-por-email-sem-solicitacao,301
www.crf-al.org.br/anuidade-de-2022-nao-sofre-reajuste-e-descontos-permanecem-os-mesmos/,https://institucional.crf-al.org.br/imprensa/noticias/anuidade-de-2022-nao-sofre-reajuste-e-descontos-permanecem-os-mesmos,301
www.crf-al.org.br/crfal-promove-acoes-de-saude-em-maceio-e-arapiraca-para-comemorar-o-dia-do-farmaceutico/,https://institucional.crf-al.org.br/imprensa/noticias/crfal-promove-acoes-de-saude-em-maceio-e-arapiraca-para-comemorar-o-dia-do-farmaceutico,301
www.crf-al.org.br/crfal-identifica-aumento-de-118-na-venda-de-antigripais/,https://institucional.crf-al.org.br/imprensa/noticias/crfal-identifica-aumento-de-118-na-venda-de-antigripais,301
www.crf-al.org.br/vaga-de-estagio-em-home-care/,https://institucional.crf-al.org.br/imprensa/noticias/vaga-de-estagio-em-home-care,301
www.crf-al.org.br/crfal-funciona-com-novo-horario-partir-de-janeiro-de-2022/,https://institucional.crf-al.org.br/imprensa/noticias/crfal-funciona-com-novo-horario-partir-de-janeiro-de-2022,301
www.crf-al.org.br/crfal-entra-em-recesso-no-dia-23-de-dezembro/,https://institucional.crf-al.org.br/imprensa/noticias/crfal-entra-em-recesso-no-dia-23-de-dezembro,301
www.crf-al.org.br/crfal-repudia-fala-de-vereador-arapiraquense/,https://institucional.crf-al.org.br/imprensa/noticias/crfal-repudia-fala-de-vereador-arapiraquense,301
www.crf-al.org.br/crfal-realiza-cerimonia-de-diplomacao-dos-eleitos/,https://institucional.crf-al.org.br/imprensa/noticias/crfal-realiza-cerimonia-de-diplomacao-dos-eleitos,301
www.crf-al.org.br/crfal-estara-fechado-nesta-quarta-feira-08/,https://institucional.crf-al.org.br/imprensa/noticias/crfal-estara-fechado-nesta-quarta-feira-08,301
www.crf-al.org.br/crfal-participa-de-operacao-conjunta-com-procon-e-vigilancia-sanitaria-em-arapiraca/,https://institucional.crf-al.org.br/imprensa/noticias/crfal-participa-de-operacao-conjunta-com-procon-e-vigilancia-sanitaria-em-arapiraca,301
www.crf-al.org.br/conceito-farmaceutico-promove-curso-de-raciocinio-clinico-na-hipertensao-com-desconto-para-farmaceuticos/,https://institucional.crf-al.org.br/imprensa/noticias/conceito-farmaceutico-promove-curso-de-raciocinio-clinico-na-hipertensao-com-desconto-para-farmaceuticos,301
www.crf-al.org.br/educacao-continuada-encerra-atividades-com-curso-de-farmacia-estetica/,https://institucional.crf-al.org.br/imprensa/noticias/educacao-continuada-encerra-atividades-com-curso-de-farmacia-estetica,301
www.crf-al.org.br/farmaceuticos-em-dia-com-o-crfal-tem-desconto-em-curso-de-estetica/,https://institucional.crf-al.org.br/imprensa/noticias/farmaceuticos-em-dia-com-o-crfal-tem-desconto-em-curso-de-estetica,301
www.crf-al.org.br/workshop-marca-retomada-de-cursos-presenciais-com-capacidade-ampliada/,https://institucional.crf-al.org.br/imprensa/noticias/workshop-marca-retomada-de-cursos-presenciais-com-capacidade-ampliada,301
www.crf-al.org.br/crfal-promove-curso-em-farmacia-estetica-no-sabado-27/,https://institucional.crf-al.org.br/imprensa/noticias/crfal-promove-curso-em-farmacia-estetica-no-sabado-27,301
www.crf-al.org.br/crfal-assina-termo-de-cooperacao-com-procon-e-visa-de-arapiraca/,https://institucional.crf-al.org.br/imprensa/noticias/crfal-assina-termo-de-cooperacao-com-procon-e-visa-de-arapiraca,301
www.crf-al.org.br/seccional-arapiraca-estara-fechada-de-22-de-novembro-06-de-dezembro/,https://institucional.crf-al.org.br/imprensa/noticias/seccional-arapiraca-estara-fechada-de-22-de-novembro-06-de-dezembro,301
www.crf-al.org.br/farmaceutico-tem-60-dias-para-justificar-voto/,https://institucional.crf-al.org.br/imprensa/noticias/farmaceutico-tem-60-dias-para-justificar-voto,301
www.crf-al.org.br/crfal-promove-workshop-neste-final-de-semana/,https://institucional.crf-al.org.br/imprensa/noticias/crfal-promove-workshop-neste-final-de-semana,301
www.crf-al.org.br/assistencia-plena-promove-regularizacao-em-orgao-publicos-de-alagoas/,https://institucional.crf-al.org.br/imprensa/noticias/assistencia-plena-promove-regularizacao-em-orgao-publicos-de-alagoas,301
www.crf-al.org.br/diabetes-farmaceutico-consegue-controle-glicemico-de-88-em-pacientes-que-acompanha/,https://institucional.crf-al.org.br/imprensa/noticias/diabetes-farmaceutico-consegue-controle-glicemico-de-88-em-pacientes-que-acompanha,301
www.crf-al.org.br/sindfal-consegue-reajuste-salarial-e-mantem-conquistas-para-farmaceuticos/,https://institucional.crf-al.org.br/imprensa/noticias/sindfal-consegue-reajuste-salarial-e-mantem-conquistas-para-farmaceuticos,301
www.crf-al.org.br/depois-de-20-anos-sete-farmaceuticos-aprovados-em-concurso-da-sesau-sao-convocados/,https://institucional.crf-al.org.br/imprensa/noticias/depois-de-20-anos-sete-farmaceuticos-aprovados-em-concurso-da-sesau-sao-convocados,301
www.crf-al.org.br/eleicoes-vota-farmaceutico-traz-informacoes-sobre-candidadatos/,https://institucional.crf-al.org.br/imprensa/noticias/eleicoes-vota-farmaceutico-traz-informacoes-sobre-candidadatos,301
www.crf-al.org.br/eleicoes-senha-provisoria-nao-da-acesso-votacao/,https://institucional.crf-al.org.br/imprensa/noticias/eleicoes-senha-provisoria-nao-da-acesso-votacao,301
www.crf-al.org.br/pfizer-testa-medicamento-contra-covid-19-em-brasileiros/,https://institucional.crf-al.org.br/imprensa/noticias/pfizer-testa-medicamento-contra-covid-19-em-brasileiros,301
www.crf-al.org.br/deputados-aprovam-pl-contra-ead-na-graduacao-em-saude-em-comissao-da-camara/,https://institucional.crf-al.org.br/imprensa/noticias/deputados-aprovam-pl-contra-ead-na-graduacao-em-saude-em-comissao-da-camara,301
www.crf-al.org.br/dia-de-finados-crfal-estara-fechado-no-dia-02-de-novembro/,https://institucional.crf-al.org.br/imprensa/noticias/dia-de-finados-crfal-estara-fechado-no-dia-02-de-novembro,301
www.crf-al.org.br/crfal-promove-workshop-em-consulta-e-prescricao-farmaceutica/,https://institucional.crf-al.org.br/imprensa/noticias/crfal-promove-workshop-em-consulta-e-prescricao-farmaceutica,301
www.crf-al.org.br/eleicoes-prazo-para-atualizacao-cadastral-se-encerra-nesta-sexta-feira-29/,https://institucional.crf-al.org.br/imprensa/noticias/eleicoes-prazo-para-atualizacao-cadastral-se-encerra-nesta-sexta-feira-29,301
www.crf-al.org.br/dia-do-servidor-publico-crfal-estara-fechado-nesta-quinta-feira-28/,https://institucional.crf-al.org.br/imprensa/noticias/dia-do-servidor-publico-crfal-estara-fechado-nesta-quinta-feira-28,301
www.crf-al.org.br/em-arapiraca-farmaceutica-fala-do-trabalho-com-pacientes-com-psoriase/,https://institucional.crf-al.org.br/imprensa/noticias/em-arapiraca-farmaceutica-fala-do-trabalho-com-pacientes-com-psoriase,301
www.crf-al.org.br/eleicoes-farmaceuticos-recebem-nesta-terca-feira-senha-provisoria-para-votar/,https://institucional.crf-al.org.br/imprensa/noticias/eleicoes-farmaceuticos-recebem-nesta-terca-feira-senha-provisoria-para-votar,301
www.crf-al.org.br/stf-derruba-lei-que-permitia-venda-de-medicamentos-para-emagrecer-no-brasil/,https://institucional.crf-al.org.br/imprensa/noticias/stf-derruba-lei-que-permitia-venda-de-medicamentos-para-emagrecer-no-brasil,301
www.crf-al.org.br/cff-condena-venda-de-medicamentos-em-supermercados-na-camara-dos-deputados/,https://institucional.crf-al.org.br/imprensa/noticias/cff-condena-venda-de-medicamentos-em-supermercados-na-camara-dos-deputados,301
www.crf-al.org.br/de-paciente-empreendedor-evandro-campos-criou-uma-farmacia-para-nao-faltar-remedio/,https://institucional.crf-al.org.br/imprensa/noticias/de-paciente-empreendedor-evandro-campos-criou-uma-farmacia-para-nao-faltar-remedio,301
www.crf-al.org.br/crfal-realiza-live-sobre-intercorrencias-e-complicacao-da-harmonizacao-facial/,https://institucional.crf-al.org.br/imprensa/noticias/crfal-realiza-live-sobre-intercorrencias-e-complicacao-da-harmonizacao-facial,301
www.crf-al.org.br/crfal-abre-mais-20-vagas-para-minicurso-que-acontece-neste-sabado-09/,https://institucional.crf-al.org.br/imprensa/noticias/crfal-abre-mais-20-vagas-para-minicurso-que-acontece-neste-sabado-09,301
www.crf-al.org.br/crfal-nao-funcionara-na-segunda-11-de-outubro/,https://institucional.crf-al.org.br/imprensa/noticias/crfal-nao-funcionara-na-segunda-11-de-outubro,301
www.crf-al.org.br/eleicoes-farmaceuticos-devem-atualizar-seus-dados-junto-ao-crfal/,https://institucional.crf-al.org.br/imprensa/noticias/eleicoes-farmaceuticos-devem-atualizar-seus-dados-junto-ao-crfal,301
www.crf-al.org.br/deputada-apresenta-requerimento-e-pl-do-ead-e-retirado-de-pauta/,https://institucional.crf-al.org.br/imprensa/noticias/deputada-apresenta-requerimento-e-pl-do-ead-e-retirado-de-pauta,301
www.crf-al.org.br/crfal-abre-mais-20-vagas-para-minicurso-de-material-medico-hospitalar/,https://institucional.crf-al.org.br/imprensa/noticias/crfal-abre-mais-20-vagas-para-minicurso-de-material-medico-hospitalar,301
www.crf-al.org.br/crfal-recebe-selo-de-instituicao-que-promove-o-combate-corrupcao/,https://institucional.crf-al.org.br/imprensa/noticias/crfal-recebe-selo-de-instituicao-que-promove-o-combate-corrupcao,301
www.crf-al.org.br/ministerio-da-saude-e-entidades-pactuam-alianca-para-parto-seguro-e-respeitoso/,https://institucional.crf-al.org.br/imprensa/noticias/ministerio-da-saude-e-entidades-pactuam-alianca-para-parto-seguro-e-respeitoso,301
www.crf-al.org.br/crfal-promove-minicurso-de-uso-pratico-de-material-medico-hospitalar-para-farmaceuticos/,https://institucional.crf-al.org.br/imprensa/noticias/crfal-promove-minicurso-de-uso-pratico-de-material-medico-hospitalar-para-farmaceuticos,301
www.crf-al.org.br/crf-lanca-campanha-de-estimulo-atividades-fisicas/,https://institucional.crf-al.org.br/imprensa/noticias/crf-lanca-campanha-de-estimulo-atividades-fisicas,301
www.crf-al.org.br/dia-internacional-do-farmaceuticos-crf-e-cesmac-promovem-webnario/,https://institucional.crf-al.org.br/imprensa/noticias/dia-internacional-do-farmaceuticos-crf-e-cesmac-promovem-webnario,301
www.crf-al.org.br/seccional-arapiraca-reabre-na-terca-feira-21-de-setembro/,https://institucional.crf-al.org.br/imprensa/noticias/seccional-arapiraca-reabre-na-terca-feira-21-de-setembro,301
www.crf-al.org.br/dia-internacional-do-farmaceutico-inscricoes-abertas-para-manha-de-atividades-fisicas/,https://institucional.crf-al.org.br/imprensa/noticias/dia-internacional-do-farmaceutico-inscricoes-abertas-para-manha-de-atividades-fisicas,301
www.crf-al.org.br/farmaceutico-implanta-projeto-de-assistencia-farmaceutica-no-interior-de-alagoas/,https://institucional.crf-al.org.br/imprensa/noticias/farmaceutico-implanta-projeto-de-assistencia-farmaceutica-no-interior-de-alagoas,301
www.crf-al.org.br/crf-estara-aberto-na-quinta-feira-16-de-setembro/,https://institucional.crf-al.org.br/imprensa/noticias/crf-estara-aberto-na-quinta-feira-16-de-setembro,301
www.crf-al.org.br/assistencia-plena-431-farmaceuticos-foram-empregados-de-abril-agosto-de-2021/,https://institucional.crf-al.org.br/imprensa/noticias/assistencia-plena-431-farmaceuticos-foram-empregados-de-abril-agosto-de-2021,301
www.crf-al.org.br/anvisa-autoriza-uso-emergencial-de-mais-um-medicamento-contra-covid-19/,https://institucional.crf-al.org.br/imprensa/noticias/anvisa-autoriza-uso-emergencial-de-mais-um-medicamento-contra-covid-19,301
www.crf-al.org.br/crfal-estara-fechado-dia-06-e-07-de-setembro/,https://institucional.crf-al.org.br/imprensa/noticias/crfal-estara-fechado-dia-06-e-07-de-setembro,301
www.crf-al.org.br/parceiros-abrem-turmas-de-pos-graduacao-com-desconto-para-farmaceuticos/,https://institucional.crf-al.org.br/imprensa/noticias/parceiros-abrem-turmas-de-pos-graduacao-com-desconto-para-farmaceuticos,301
www.crf-al.org.br/covid-19-revista-farmaceutica-recebe-projetos-ate-30-de-setembro/,https://institucional.crf-al.org.br/imprensa/noticias/covid-19-revista-farmaceutica-recebe-projetos-ate-30-de-setembro,301
www.crf-al.org.br/crfal-informa-que-estara-fechado-na-sexta-feira-27/,https://institucional.crf-al.org.br/imprensa/noticias/crfal-informa-que-estara-fechado-na-sexta-feira-27,301
www.crf-al.org.br/convenios-crf-faz-alerta-quanto-ao-envio-de-mensagens-de-oferta-de-beneficios/,https://institucional.crf-al.org.br/imprensa/noticias/convenios-crf-faz-alerta-quanto-ao-envio-de-mensagens-de-oferta-de-beneficios,301
www.crf-al.org.br/publicada-resolucao-do-novo-codigo-de-etica-farmaceutica/,https://institucional.crf-al.org.br/imprensa/noticias/publicada-resolucao-do-novo-codigo-de-etica-farmaceutica,301
www.crf-al.org.br/crfal-registra-aumento-de-mais-de-50-em-abertura-de-processos/,https://institucional.crf-al.org.br/imprensa/noticias/crfal-registra-aumento-de-mais-de-50-em-abertura-de-processos,301
www.crf-al.org.br/cff-rechaca-tentativa-de-cercear-atuacao-do-farmaceutico-na-citopatologia-clinica/,https://institucional.crf-al.org.br/imprensa/noticias/cff-rechaca-tentativa-de-cercear-atuacao-do-farmaceutico-na-citopatologia-clinica,301
www.crf-al.org.br/antidepressivos-e-estabilizadores-de-humor-tem-aumento-de-34-nas-vendas-em-alagoas/,https://institucional.crf-al.org.br/imprensa/noticias/antidepressivos-e-estabilizadores-de-humor-tem-aumento-de-34-nas-vendas-em-alagoas,301
www.crf-al.org.br/crfal-fecha-convenio-com-conceito-farmaceutico/,https://institucional.crf-al.org.br/imprensa/noticias/crfal-fecha-convenio-com-conceito-farmaceutico,301
www.crf-al.org.br/nota-de-esclarecimento-sobre-averbacao-por-declaracao/,https://institucional.crf-al.org.br/imprensa/noticias/nota-de-esclarecimento-sobre-averbacao-por-declaracao,301
www.crf-al.org.br/gt-de-farmaceuticos-proprietarios-realiza-mais-uma-reuniao/,https://institucional.crf-al.org.br/imprensa/noticias/gt-de-farmaceuticos-proprietarios-realiza-mais-uma-reuniao,301
www.crf-al.org.br/canal-de-atendimento-whatsapp-e-substituido-pela-ouvidoria/,https://institucional.crf-al.org.br/imprensa/noticias/canal-de-atendimento-whatsapp-e-substituido-pela-ouvidoria,301
www.crf-al.org.br/anuidade-pagamento-sem-juros-encerra-no-dia-30-de-julho/,https://institucional.crf-al.org.br/imprensa/noticias/anuidade-pagamento-sem-juros-encerra-no-dia-30-de-julho,301
www.crf-al.org.br/queiroga-diz-que-intervalo-da-pfizer-deve-ser-reduzido-de-3-meses-para-21-dias/,https://institucional.crf-al.org.br/imprensa/noticias/queiroga-diz-que-intervalo-da-pfizer-deve-ser-reduzido-de-3-meses-para-21-dias,301
www.crf-al.org.br/covid-19-proxalutamida-nao-foi-aprovado-e-nao-possui-registro/,https://institucional.crf-al.org.br/imprensa/noticias/covid-19-proxalutamida-nao-foi-aprovado-e-nao-possui-registro,301
www.crf-al.org.br/crfal-faz-doacao-de-fraldas-e-leites-para-fundacao-de-idosos-em-arapiraca/,https://institucional.crf-al.org.br/imprensa/noticias/crfal-faz-doacao-de-fraldas-e-leites-para-fundacao-de-idosos-em-arapiraca,301
www.crf-al.org.br/anvisa-aprova-primeiro-generico-contra-asma-e-enfisema/,https://institucional.crf-al.org.br/imprensa/noticias/anvisa-aprova-primeiro-generico-contra-asma-e-enfisema,301
www.crf-al.org.br/nota-da-anvisa-aplicacao-de-terceira-dose-ou-dose-de-reforco/,https://institucional.crf-al.org.br/imprensa/noticias/nota-da-anvisa-aplicacao-de-terceira-dose-ou-dose-de-reforco,301
www.crf-al.org.br/relatorio-aponta-aumento-de-79-no-faturamento-do-mercado-de-medicamentos/,https://institucional.crf-al.org.br/imprensa/noticias/relatorio-aponta-aumento-de-79-no-faturamento-do-mercado-de-medicamentos,301
www.crf-al.org.br/bioquimico-crf-orienta-que-farmaceuticos-facam-inscricao-no-concurso-da-sesau/,https://institucional.crf-al.org.br/imprensa/noticias/bioquimico-crf-orienta-que-farmaceuticos-facam-inscricao-no-concurso-da-sesau,301
www.crf-al.org.br/farmaceuticos-esteticos-cff-alerta-para-denominacao-de-farmaceuticos-dermato-especialistas/,https://institucional.crf-al.org.br/imprensa/noticias/farmaceuticos-esteticos-cff-alerta-para-denominacao-de-farmaceuticos-dermato-especialistas,301
www.crf-al.org.br/crfal-vai-ingressar-com-mandado-de-seguranca-para-garantir-vaga-pra-farmaceutico-bioquimico/,https://institucional.crf-al.org.br/imprensa/noticias/crfal-vai-ingressar-com-mandado-de-seguranca-para-garantir-vaga-pra-farmaceutico-bioquimico,301
www.crf-al.org.br/ans-realiza-debate-sobre-inclusao-de-mais-um-teste-de-covid/,https://institucional.crf-al.org.br/imprensa/noticias/ans-realiza-debate-sobre-inclusao-de-mais-um-teste-de-covid,301
www.crf-al.org.br/farmaceuticos-procuram-crfal-para-denunciar-rede-de-farmacia/,https://institucional.crf-al.org.br/imprensa/noticias/farmaceuticos-procuram-crfal-para-denunciar-rede-de-farmacia,301
www.crf-al.org.br/atendimento-pode-ser-feito-atraves-da-ouvidoria/,https://institucional.crf-al.org.br/imprensa/noticias/atendimento-pode-ser-feito-atraves-da-ouvidoria,301
www.crf-al.org.br/eleicoes-crfal-convoca-farmaceuticos-para-atualizacao-cadastral/,https://institucional.crf-al.org.br/imprensa/noticias/eleicoes-crfal-convoca-farmaceuticos-para-atualizacao-cadastral,301
www.crf-al.org.br/seccional-do-crfal-estara-fechada-ate-o-dia-15-de-julho/,https://institucional.crf-al.org.br/imprensa/noticias/seccional-do-crfal-estara-fechada-ate-o-dia-15-de-julho,301
www.crf-al.org.br/alerta-da-anvisa-atualiza-dados-sobre-uso-das-vacinas-contra-covid-19/,https://institucional.crf-al.org.br/imprensa/noticias/alerta-da-anvisa-atualiza-dados-sobre-uso-das-vacinas-contra-covid-19,301
www.crf-al.org.br/crfal-estara-fechado-na-terca-feira-29-de-junho/,https://institucional.crf-al.org.br/imprensa/noticias/crfal-estara-fechado-na-terca-feira-29-de-junho,301
www.crf-al.org.br/prazo-para-averbacao-em-oncologia-e-ampliado-ate-31-de-dezembro/,https://institucional.crf-al.org.br/imprensa/noticias/prazo-para-averbacao-em-oncologia-e-ampliado-ate-31-de-dezembro,301
www.crf-al.org.br/crfal-estara-fechado-na-quinta-feira-24-de-junho/,https://institucional.crf-al.org.br/imprensa/noticias/crfal-estara-fechado-na-quinta-feira-24-de-junho,301
www.crf-al.org.br/concurso-sesau-crfal-pede-retificacao-em-cargo-de-bioquimico/,https://institucional.crf-al.org.br/imprensa/noticias/concurso-sesau-crfal-pede-retificacao-em-cargo-de-bioquimico,301
www.crf-al.org.br/em-alagoas-600-pessoas-sao-detectadas-com-doenca-falciforme/,https://institucional.crf-al.org.br/imprensa/noticias/em-alagoas-600-pessoas-sao-detectadas-com-doenca-falciforme,301
www.crf-al.org.br/capacitacao-do-sus-prepara-profissionais-da-saude-para-atendimento-idoso/,https://institucional.crf-al.org.br/imprensa/noticias/capacitacao-do-sus-prepara-profissionais-da-saude-para-atendimento-idoso,301
www.crf-al.org.br/brasil-institui-o-dia-nacional-do-laboratorio-clinico/,https://institucional.crf-al.org.br/imprensa/noticias/brasil-institui-o-dia-nacional-do-laboratorio-clinico,301
www.crf-al.org.br/testes-para-diagnostico-de-covid-19-nao-atestam-protecao-vacinal/,https://institucional.crf-al.org.br/imprensa/noticias/testes-para-diagnostico-de-covid-19-nao-atestam-protecao-vacinal,301
www.crf-al.org.br/farmacias-com-manipulacao-crescem-acima-da-media/,https://institucional.crf-al.org.br/imprensa/noticias/farmacias-com-manipulacao-crescem-acima-da-media,301
www.crf-al.org.br/venda-de-medicamentos-farmacias-magistrais-devem-utilizar-apenas-sua-ferramenta/,https://institucional.crf-al.org.br/imprensa/noticias/venda-de-medicamentos-farmacias-magistrais-devem-utilizar-apenas-sua-ferramenta,301
www.crf-al.org.br/nota-de-pesar-10/,https://institucional.crf-al.org.br/imprensa/noticias/nota-de-pesar-10,301
www.crf-al.org.br/crfal-nao-funcionara-nesta-quinta-feira-03-de-junho/,https://institucional.crf-al.org.br/imprensa/noticias/crfal-nao-funcionara-nesta-quinta-feira-03-de-junho,301
www.crf-al.org.br/auto-de-infracao-traz-informacoes-impressas-sobre-prazo-para-entrega-de-justificativa/,https://institucional.crf-al.org.br/imprensa/noticias/auto-de-infracao-traz-informacoes-impressas-sobre-prazo-para-entrega-de-justificativa,301
www.crf-al.org.br/crfal-promove-mais-uma-edicao-do-curso-de-aplicacao-de-injetaveis/,https://institucional.crf-al.org.br/imprensa/noticias/crfal-promove-mais-uma-edicao-do-curso-de-aplicacao-de-injetaveis,301
www.crf-al.org.br/anvisa-alerta-para-riscos-do-uso-indiscriminado-de-paracetamol/,https://institucional.crf-al.org.br/imprensa/noticias/anvisa-alerta-para-riscos-do-uso-indiscriminado-de-paracetamol,301
www.crf-al.org.br/anvisa-promove-webinar-sobre-medicina-tradicional-chinesa/,https://institucional.crf-al.org.br/imprensa/noticias/anvisa-promove-webinar-sobre-medicina-tradicional-chinesa,301
www.crf-al.org.br/empregos-crfal-disponibiliza-ferramenta-para-cadastro-de-curriculo/,https://institucional.crf-al.org.br/imprensa/noticias/empregos-crfal-disponibiliza-ferramenta-para-cadastro-de-curriculo,301
www.crf-al.org.br/especializa-farmaceutico-crfal-promove-curso-de-capacitacao-em-arapiraca/,https://institucional.crf-al.org.br/imprensa/noticias/especializa-farmaceutico-crfal-promove-curso-de-capacitacao-em-arapiraca,301
www.crf-al.org.br/covid-19-farmaceutico-com-curso-de-aplicacao-de-injetaveis-esta-apto-para-participar-da-vacinacao/,https://institucional.crf-al.org.br/imprensa/noticias/covid-19-farmaceutico-com-curso-de-aplicacao-de-injetaveis-esta-apto-para-participar-da-vacinacao,301
www.crf-al.org.br/cff-participa-de-audiencia-publica-para-debater-prescricao-medica-eletronica/,https://institucional.crf-al.org.br/imprensa/noticias/cff-participa-de-audiencia-publica-para-debater-prescricao-medica-eletronica,301
www.crf-al.org.br/crfal-oferece-nova-ferramenta-de-atendimento-atraves-da-ouvidoria/,https://institucional.crf-al.org.br/imprensa/noticias/crfal-oferece-nova-ferramenta-de-atendimento-atraves-da-ouvidoria,301
www.crf-al.org.br/crfal-realiza-live-sobre-estrategias-de-sucesso-no-empreendedorismo/,https://institucional.crf-al.org.br/imprensa/noticias/crfal-realiza-live-sobre-estrategias-de-sucesso-no-empreendedorismo,301
www.crf-al.org.br/anvisa-alerta-sobre-armazenamento-preparo-dose-e-administracao-das-vacinas-contra-covid/,https://institucional.crf-al.org.br/imprensa/noticias/anvisa-alerta-sobre-armazenamento-preparo-dose-e-administracao-das-vacinas-contra-covid,301
www.crf-al.org.br/nota-de-esclarecimento-5/,https://institucional.crf-al.org.br/imprensa/noticias/nota-de-esclarecimento-5,301
www.crf-al.org.br/crfal-alerta-sobre-os-riscos-da-automedicacao-com-fitoterapicos-e-plantas-medicinais/,https://institucional.crf-al.org.br/imprensa/noticias/crfal-alerta-sobre-os-riscos-da-automedicacao-com-fitoterapicos-e-plantas-medicinais,301
www.crf-al.org.br/covid-19-farmaceutico-alagoano-fala-da-importancia-da-segunda-dose-da-vacina/,https://institucional.crf-al.org.br/imprensa/noticias/covid-19-farmaceutico-alagoano-fala-da-importancia-da-segunda-dose-da-vacina,301
www.crf-al.org.br/crfal-promove-simposio-alagoano-sobre-uso-racional-de-medicamentos/,https://institucional.crf-al.org.br/imprensa/noticias/crfal-promove-simposio-alagoano-sobre-uso-racional-de-medicamentos,301
www.crf-al.org.br/resolucoes-cff-mudancas-na-fiscalizacao-acontecem-partir-de-maio/,https://institucional.crf-al.org.br/imprensa/noticias/resolucoes-cff-mudancas-na-fiscalizacao-acontecem-partir-de-maio,301
www.crf-al.org.br/crfal-estara-fechado-na-quarta-feira-21-de-abril/,https://institucional.crf-al.org.br/imprensa/noticias/crfal-estara-fechado-na-quarta-feira-21-de-abril,301
www.crf-al.org.br/crfal-fecha-convenio-com-seguradora-e-com-empresa-de-assessoria-contabil/,https://institucional.crf-al.org.br/imprensa/noticias/crfal-fecha-convenio-com-seguradora-e-com-empresa-de-assessoria-contabil,301
www.crf-al.org.br/novo-endereco-seccional-tem-estrutura-confortavel-para-atender-farmaceuticos/,https://institucional.crf-al.org.br/imprensa/noticias/novo-endereco-seccional-tem-estrutura-confortavel-para-atender-farmaceuticos,301
www.crf-al.org.br/nota-de-falecimento-bernardino-souto-maior/,https://institucional.crf-al.org.br/imprensa/noticias/nota-de-falecimento-bernardino-souto-maior,301
www.crf-al.org.br/crfal-ingressa-com-mandado-de-seguranca-para-garantir-vacinacao-no-interior/,https://institucional.crf-al.org.br/imprensa/noticias/crfal-ingressa-com-mandado-de-seguranca-para-garantir-vacinacao-no-interior,301
www.crf-al.org.br/laudos-de-testes-da-covid-19-realizado-pela-ufal-arapiraca-e-assinado-por-farmaceutico/,https://institucional.crf-al.org.br/imprensa/noticias/laudos-de-testes-da-covid-19-realizado-pela-ufal-arapiraca-e-assinado-por-farmaceutico,301
www.crf-al.org.br/na-contramao-da-crise-315-novas-farmacias-sao-abertas-em-alagoas/,https://institucional.crf-al.org.br/imprensa/noticias/na-contramao-da-crise-315-novas-farmacias-sao-abertas-em-alagoas,301
www.crf-al.org.br/crfal-funciona-das-13-as-17h-nos-dias-06-07-e-08-de-abril/,https://institucional.crf-al.org.br/imprensa/noticias/crfal-funciona-das-13-as-17h-nos-dias-06-07-e-08-de-abril,301
www.crf-al.org.br/anuidade-cota-unica-tem-pagamento-ampliado-ate-julho/,https://institucional.crf-al.org.br/imprensa/noticias/anuidade-cota-unica-tem-pagamento-ampliado-ate-julho,301
www.crf-al.org.br/vacinacao-crfal-entra-em-contato-com-sms-para-sanar-duvidas-sobre-documentacao/,https://institucional.crf-al.org.br/imprensa/noticias/vacinacao-crfal-entra-em-contato-com-sms-para-sanar-duvidas-sobre-documentacao,301
www.crf-al.org.br/lei-indeniza-farmaceuticos-incapacitados-pela-covid-19/,https://institucional.crf-al.org.br/imprensa/noticias/lei-indeniza-farmaceuticos-incapacitados-pela-covid-19,301
www.crf-al.org.br/farmaceuticos-de-40-44-anos-ja-podem-se-vacinar-em-maceio/,https://institucional.crf-al.org.br/imprensa/noticias/farmaceuticos-de-40-44-anos-ja-podem-se-vacinar-em-maceio,301
www.crf-al.org.br/farmaceuticos-de-45-49-anos-sao-vacinados-em-maceio/,https://institucional.crf-al.org.br/imprensa/noticias/farmaceuticos-de-45-49-anos-sao-vacinados-em-maceio,301
www.crf-al.org.br/farmaceutica-esclarece-duvidas-sobre-hipovitaminose-e-hipervitaminose/,https://institucional.crf-al.org.br/imprensa/noticias/farmaceutica-esclarece-duvidas-sobre-hipovitaminose-e-hipervitaminose,301
www.crf-al.org.br/semana-santa-crfal-funcionara-ate-o-dia-31-de-marco/,https://institucional.crf-al.org.br/imprensa/noticias/semana-santa-crfal-funcionara-ate-o-dia-31-de-marco,301
www.crf-al.org.br/covid-19-crfal-rebate-informacao-de-campanha-sobre-uso-de-ivermectina/,https://institucional.crf-al.org.br/imprensa/noticias/covid-19-crfal-rebate-informacao-de-campanha-sobre-uso-de-ivermectina,301
www.crf-al.org.br/maceio-farmaceuticos-de-50-54-anos-serao-vacinados-partir-de-domingo-21/,https://institucional.crf-al.org.br/imprensa/noticias/maceio-farmaceuticos-de-50-54-anos-serao-vacinados-partir-de-domingo-21,301
www.crf-al.org.br/atendimento-presencial-so-por-agendamento-partir-de-segunda-22/,https://institucional.crf-al.org.br/imprensa/noticias/atendimento-presencial-so-por-agendamento-partir-de-segunda-22,301
www.crf-al.org.br/farmaceuticos-de-55-74-estao-sendo-vacinados-em-maceio/,https://institucional.crf-al.org.br/imprensa/noticias/farmaceuticos-de-55-74-estao-sendo-vacinados-em-maceio,301
www.crf-al.org.br/nota-de-falecimento-da-farmaceutica-andressa-oliveira/,https://institucional.crf-al.org.br/imprensa/noticias/nota-de-falecimento-da-farmaceutica-andressa-oliveira,301
www.crf-al.org.br/crfal-renova-convenio-com-ipog-com-desconto-para-farmaceuticos/,https://institucional.crf-al.org.br/imprensa/noticias/crfal-renova-convenio-com-ipog-com-desconto-para-farmaceuticos,301
www.crf-al.org.br/nota-de-pesar-pelo-falecimento-de-marcos-hilario/,https://institucional.crf-al.org.br/imprensa/noticias/nota-de-pesar-pelo-falecimento-de-marcos-hilario,301
www.crf-al.org.br/crf-seccional-funciona-em-novo-endereco-partir-de-quarta-17/,https://institucional.crf-al.org.br/imprensa/noticias/crf-seccional-funciona-em-novo-endereco-partir-de-quarta-17,301
www.crf-al.org.br/remdesivir-medicamento-aprovado-pela-anvisa-e-de-alto-custo-e-de-uso-exclusivo-para-hospitais/,https://institucional.crf-al.org.br/imprensa/noticias/remdesivir-medicamento-aprovado-pela-anvisa-e-de-alto-custo-e-de-uso-exclusivo-para-hospitais,301
www.crf-al.org.br/veja-quais-medicamentos-ja-foram-testados-contra-o-coronavirus/,https://institucional.crf-al.org.br/imprensa/noticias/veja-quais-medicamentos-ja-foram-testados-contra-o-coronavirus,301
www.crf-al.org.br/crfal-faz-entrega-de-fraldas-geriatricas-para-abrigo-de-idosos-em-arapiraca/,https://institucional.crf-al.org.br/imprensa/noticias/crfal-faz-entrega-de-fraldas-geriatricas-para-abrigo-de-idosos-em-arapiraca,301
www.crf-al.org.br/farmaceutica-trata-endometriose-com-medicina-tradicional-chinesa/,https://institucional.crf-al.org.br/imprensa/noticias/farmaceutica-trata-endometriose-com-medicina-tradicional-chinesa,301
www.crf-al.org.br/crfal-promove-curso-de-injetaveis-com-foco-em-vacinas-na-cidade-de-arapiraca/,https://institucional.crf-al.org.br/imprensa/noticias/crfal-promove-curso-de-injetaveis-com-foco-em-vacinas-na-cidade-de-arapiraca,301
www.crf-al.org.br/arapiraca-seccional-estara-fechada-de-01-05-de-marco/,https://institucional.crf-al.org.br/imprensa/noticias/arapiraca-seccional-estara-fechada-de-01-05-de-marco,301
www.crf-al.org.br/gt-de-farmaceutico-proprietaria-realiza-mais-uma-reuniao/,https://institucional.crf-al.org.br/imprensa/noticias/gt-de-farmaceutico-proprietaria-realiza-mais-uma-reuniao,301
www.crf-al.org.br/nova-resolucao-altera-fiscalizacao-do-exercicio-farmaceutico/,https://institucional.crf-al.org.br/imprensa/noticias/nova-resolucao-altera-fiscalizacao-do-exercicio-farmaceutico,301
www.crf-al.org.br/anvisa-publica-nova-resolucao-sobre-criterios-para-antimicrobianos/,https://institucional.crf-al.org.br/imprensa/noticias/anvisa-publica-nova-resolucao-sobre-criterios-para-antimicrobianos,301
www.crf-al.org.br/rastreabilidade-segue-indefinida-e-ameaca-seguranca-das-vacinas/,https://institucional.crf-al.org.br/imprensa/noticias/rastreabilidade-segue-indefinida-e-ameaca-seguranca-das-vacinas,301
www.crf-al.org.br/uso-de-medicamentos-fora-do-prazo-de-validade-pode-acarretar-riscos-saude/,https://institucional.crf-al.org.br/imprensa/noticias/uso-de-medicamentos-fora-do-prazo-de-validade-pode-acarretar-riscos-saude,301
www.crf-al.org.br/covid-19-eventos-adversos-apos-aplicacao-das-vacinas-devem-ser-notificados-em-ate-24h/,https://institucional.crf-al.org.br/imprensa/noticias/covid-19-eventos-adversos-apos-aplicacao-das-vacinas-devem-ser-notificados-em-ate-24h,301
www.crf-al.org.br/cff-defende-recursos-de-acessibilidade-para-pessoas-com-deficiencia/,https://institucional.crf-al.org.br/imprensa/noticias/cff-defende-recursos-de-acessibilidade-para-pessoas-com-deficiencia,301
www.crf-al.org.br/nota-de-falecimento-3/,https://institucional.crf-al.org.br/imprensa/noticias/nota-de-falecimento-3,301
www.crf-al.org.br/carnaval-crfal-estara-fechado-nos-dias-15-e-16-de-fevereiro/,https://institucional.crf-al.org.br/imprensa/noticias/carnaval-crfal-estara-fechado-nos-dias-15-e-16-de-fevereiro,301
www.crf-al.org.br/diretoria-do-crfal-faz-um-balanco-das-acoes-promovidas-no-primeiro-ano-de-gestao/,https://institucional.crf-al.org.br/imprensa/noticias/diretoria-do-crfal-faz-um-balanco-das-acoes-promovidas-no-primeiro-ano-de-gestao,301
www.crf-al.org.br/vacinacao-covid-19-crfal-pede-prioridade-para-farmaceuticos-arapiraquenses/,https://institucional.crf-al.org.br/imprensa/noticias/vacinacao-covid-19-crfal-pede-prioridade-para-farmaceuticos-arapiraquenses,301
www.crf-al.org.br/convenio-com-ide-e-renovado-e-oferece-desconto-de-20-nas-mensalidades/,https://institucional.crf-al.org.br/imprensa/noticias/convenio-com-ide-e-renovado-e-oferece-desconto-de-20-nas-mensalidades,301
www.crf-al.org.br/covid-19-crfal-pede-prioridade-para-farmaceuticos-na-vacinacao-em-maceio/,https://institucional.crf-al.org.br/imprensa/noticias/covid-19-crfal-pede-prioridade-para-farmaceuticos-na-vacinacao-em-maceio,301
www.crf-al.org.br/anuidade-desconto-de-15-pode-ser-pago-ate-proxima-sexta-feira-05/,https://institucional.crf-al.org.br/imprensa/noticias/anuidade-desconto-de-15-pode-ser-pago-ate-proxima-sexta-feira-05,301
www.crf-al.org.br/seccional-do-crfal-estara-fechada-nesta-terca-feira-02-de-fevereiro/,https://institucional.crf-al.org.br/imprensa/noticias/seccional-do-crfal-estara-fechada-nesta-terca-feira-02-de-fevereiro,301
www.crf-al.org.br/semana-do-farmaceutico-atendimento-em-florais-de-bach-aromaterapia-e-acupuntura-foram-realizados-no-sabado-23/,https://institucional.crf-al.org.br/imprensa/noticias/semana-do-farmaceutico-atendimento-em-florais-de-bach-aromaterapia-e-acupuntura-foram-realizados-no-sabado-23,301
www.crf-al.org.br/dia-do-farmaceutico-crfal-promove-webnario-de-inovacoes-da-profissao-farmaceutica/,https://institucional.crf-al.org.br/imprensa/noticias/dia-do-farmaceutico-crfal-promove-webnario-de-inovacoes-da-profissao-farmaceutica,301
www.crf-al.org.br/dia-do-farmaceutico-crfal-promove-atendimento-em-pics-neste-sabado-23/,https://institucional.crf-al.org.br/imprensa/noticias/dia-do-farmaceutico-crfal-promove-atendimento-em-pics-neste-sabado-23,301
www.crf-al.org.br/13033-2/,https://institucional.crf-al.org.br/imprensa/noticias/13033-2,301
www.crf-al.org.br/crfal-faz-entrega-de-kits-de-limpeza-para-abrigo-de-idosas-no-bairro-do-farol/,https://institucional.crf-al.org.br/imprensa/noticias/crfal-faz-entrega-de-kits-de-limpeza-para-abrigo-de-idosas-no-bairro-do-farol,301
www.crf-al.org.br/farmaceuticos-alagoanos-sao-contemplados-na-primeira-fase-de-imunizacao-da-covid-19/,https://institucional.crf-al.org.br/imprensa/noticias/farmaceuticos-alagoanos-sao-contemplados-na-primeira-fase-de-imunizacao-da-covid-19,301
www.crf-al.org.br/covid-19-farmaceuticos-e-farmacias-serao-estrategicos-na-vacinacao/,https://institucional.crf-al.org.br/imprensa/noticias/covid-19-farmaceuticos-e-farmacias-serao-estrategicos-na-vacinacao,301
www.crf-al.org.br/dia-do-farmaceutico-acao-de-vacinacao-imuniza-mais-de-200-pessoas-em-maceio/,https://institucional.crf-al.org.br/imprensa/noticias/dia-do-farmaceutico-acao-de-vacinacao-imuniza-mais-de-200-pessoas-em-maceio,301
www.crf-al.org.br/farmaceuticos-do-servico-publico-serao-imunizados-nesta-primeira-etapa/,https://institucional.crf-al.org.br/imprensa/noticias/farmaceuticos-do-servico-publico-serao-imunizados-nesta-primeira-etapa,301
www.crf-al.org.br/anvisa-publica-nota-tecnica-sobre-pos-vacinacao/,https://institucional.crf-al.org.br/imprensa/noticias/anvisa-publica-nota-tecnica-sobre-pos-vacinacao,301
www.crf-al.org.br/crfal-promove-acoes-de-saude-para-comemorar-o-dia-do-farmaceutico/,https://institucional.crf-al.org.br/imprensa/noticias/crfal-promove-acoes-de-saude-para-comemorar-o-dia-do-farmaceutico,301
www.crf-al.org.br/anuidade-de-2021-boleto-ja-esta-disponivel-pela-ferramenta-crfweb/,https://institucional.crf-al.org.br/imprensa/noticias/anuidade-de-2021-boleto-ja-esta-disponivel-pela-ferramenta-crfweb,301
www.crf-al.org.br/anvisa-aprova-importacao-de-dois-milhoes-de-doses-de-vacinas-pela-fiocruz/,https://institucional.crf-al.org.br/imprensa/noticias/anvisa-aprova-importacao-de-dois-milhoes-de-doses-de-vacinas-pela-fiocruz,301
www.crf-al.org.br/vacinacao-covid-19-crfal-pede-que-farmaceuticos-sejam-do-grupo-prioritario/,https://institucional.crf-al.org.br/imprensa/noticias/vacinacao-covid-19-crfal-pede-que-farmaceuticos-sejam-do-grupo-prioritario,301
www.crf-al.org.br/dezembro-vermelho-em-arapiraca-farmaceutico-acompanha-paciente-com-hiv/,https://institucional.crf-al.org.br/imprensa/noticias/dezembro-vermelho-em-arapiraca-farmaceutico-acompanha-paciente-com-hiv,301
www.crf-al.org.br/crfal-entra-em-recesso-nesta-quinta-feira-24/,https://institucional.crf-al.org.br/imprensa/noticias/crfal-entra-em-recesso-nesta-quinta-feira-24,301
www.crf-al.org.br/identificacao-profissional-e-registro-provisorio-de-especializacao-sao-aprovados-na-ultima-plenaria-de-2020/,https://institucional.crf-al.org.br/imprensa/noticias/identificacao-profissional-e-registro-provisorio-de-especializacao-sao-aprovados-na-ultima-plenaria-de-2020,301
www.crf-al.org.br/em-meio-pandemia-farmaceutico-decide-abrir-sua-primeira-farmacia/,https://institucional.crf-al.org.br/imprensa/noticias/em-meio-pandemia-farmaceutico-decide-abrir-sua-primeira-farmacia,301
www.crf-al.org.br/projeto-de-vacinacao-contra-covid-19-em-farmacias-e-entregue-ao-ministerio-da-saude/,https://institucional.crf-al.org.br/imprensa/noticias/projeto-de-vacinacao-contra-covid-19-em-farmacias-e-entregue-ao-ministerio-da-saude,301
www.crf-al.org.br/crfal-entra-em-recesso-na-proxima-quarta-feira-23/,https://institucional.crf-al.org.br/imprensa/noticias/crfal-entra-em-recesso-na-proxima-quarta-feira-23,301
www.crf-al.org.br/plenario-do-cff-altera-normativa-que-disciplina-atuacao-farmaceutica-na-ozonioterapia/,https://institucional.crf-al.org.br/imprensa/noticias/plenario-do-cff-altera-normativa-que-disciplina-atuacao-farmaceutica-na-ozonioterapia,301
www.crf-al.org.br/boletos-de-anuidade-serao-emitidos-somente-em-janeiro-de-2021/,https://institucional.crf-al.org.br/imprensa/noticias/boletos-de-anuidade-serao-emitidos-somente-em-janeiro-de-2021,301
www.crf-al.org.br/nota-de-repudio-contra-prefeitura-de-quebrangulo/,https://institucional.crf-al.org.br/imprensa/noticias/nota-de-repudio-contra-prefeitura-de-quebrangulo,301
www.crf-al.org.br/dezembro-vermelho-farmaceutica-destaca-importancia-da-educacao-em-saude/,https://institucional.crf-al.org.br/imprensa/noticias/dezembro-vermelho-farmaceutica-destaca-importancia-da-educacao-em-saude,301
www.crf-al.org.br/inscricoes-para-residencia-multiprofissional-em-saude-da-fio-cruz-terminam-nesta-sexta-feira-11/,https://institucional.crf-al.org.br/imprensa/noticias/inscricoes-para-residencia-multiprofissional-em-saude-da-fio-cruz-terminam-nesta-sexta-feira-11,301
www.crf-al.org.br/farmace-faz-recolhimento-voluntario-de-dipirona-monoidratada/,https://institucional.crf-al.org.br/imprensa/noticias/farmace-faz-recolhimento-voluntario-de-dipirona-monoidratada,301
www.crf-al.org.br/12914-2/,https://institucional.crf-al.org.br/imprensa/noticias/12914-2,301
www.crf-al.org.br/anuidade-de-2021-nao-sofrem-reajuste/,https://institucional.crf-al.org.br/imprensa/noticias/anuidade-de-2021-nao-sofrem-reajuste,301
www.crf-al.org.br/crfal-nao-funcionaria-na-terca-feira-08-de-dezembro/,https://institucional.crf-al.org.br/imprensa/noticias/crfal-nao-funcionaria-na-terca-feira-08-de-dezembro,301
www.crf-al.org.br/inscricoes-abertas-para-o-evento-virtual-farmacia-na-era-da-disrupcao/,https://institucional.crf-al.org.br/imprensa/noticias/inscricoes-abertas-para-o-evento-virtual-farmacia-na-era-da-disrupcao,301
www.crf-al.org.br/crfal-nao-funcionara-na-segunda-feira-30/,https://institucional.crf-al.org.br/imprensa/noticias/crfal-nao-funcionara-na-segunda-feira-30,301
www.crf-al.org.br/homem-se-apresenta-como-fiscal-do-crfal-em-lagoa-da-canoa/,https://institucional.crf-al.org.br/imprensa/noticias/homem-se-apresenta-como-fiscal-do-crfal-em-lagoa-da-canoa,301
www.crf-al.org.br/grupo-de-desenvolvimento-de-diretrizes-da-oms-desaconselha-uso-de-remdesivir-para-covid-19/,https://institucional.crf-al.org.br/imprensa/noticias/grupo-de-desenvolvimento-de-diretrizes-da-oms-desaconselha-uso-de-remdesivir-para-covid-19,301
www.crf-al.org.br/consultorio-farmaceutico-crfal-libera-registro-para-pessoa-fisica/,https://institucional.crf-al.org.br/imprensa/noticias/consultorio-farmaceutico-crfal-libera-registro-para-pessoa-fisica,301
www.crf-al.org.br/crfal-faz-um-alerta-sobre-os-riscos-do-uso-indiscriminado-de-antimicrobianos/,https://institucional.crf-al.org.br/imprensa/noticias/crfal-faz-um-alerta-sobre-os-riscos-do-uso-indiscriminado-de-antimicrobianos,301
www.crf-al.org.br/farmaceuticos-tem-reajuste-de-28-no-piso-da-categoria/,https://institucional.crf-al.org.br/imprensa/noticias/farmaceuticos-tem-reajuste-de-28-no-piso-da-categoria,301
www.crf-al.org.br/crfal-estara-fechado-na-sexta-feira-20/,https://institucional.crf-al.org.br/imprensa/noticias/crfal-estara-fechado-na-sexta-feira-20,301
www.crf-al.org.br/ministerio-da-saude-vai-receber-representantes-de-farmaceuticas/,https://institucional.crf-al.org.br/imprensa/noticias/ministerio-da-saude-vai-receber-representantes-de-farmaceuticas,301
www.crf-al.org.br/ministerio-da-saude-prorroga-selecao-para-projetos-de-estruturacao-de-farmacias-vivas/,https://institucional.crf-al.org.br/imprensa/noticias/ministerio-da-saude-prorroga-selecao-para-projetos-de-estruturacao-de-farmacias-vivas,301
www.crf-al.org.br/nota-de-falecimento-2/,https://institucional.crf-al.org.br/imprensa/noticias/nota-de-falecimento-2,301
www.crf-al.org.br/academia-virtual-de-farmacia-ja-esta-disponivel-para-farmaceuticos-alagoanos/,https://institucional.crf-al.org.br/imprensa/noticias/academia-virtual-de-farmacia-ja-esta-disponivel-para-farmaceuticos-alagoanos,301
www.crf-al.org.br/crfal-renova-convenios-com-colegios-intensivo-e-marista/,https://institucional.crf-al.org.br/imprensa/noticias/crfal-renova-convenios-com-colegios-intensivo-e-marista,301
www.crf-al.org.br/psa-livre-e-total-farmaceutica-explica-quando-valores-indicam-cancer-de-prostata/,https://institucional.crf-al.org.br/imprensa/noticias/psa-livre-e-total-farmaceutica-explica-quando-valores-indicam-cancer-de-prostata,301
www.crf-al.org.br/anvisa-interrompe-os-estudos-clinicos-da-vacina-coronavac/,https://institucional.crf-al.org.br/imprensa/noticias/anvisa-interrompe-os-estudos-clinicos-da-vacina-coronavac,301
www.crf-al.org.br/crfal-realiza-live-de-lancamento-da-academia-virtual-de-farmacia/,https://institucional.crf-al.org.br/imprensa/noticias/crfal-realiza-live-de-lancamento-da-academia-virtual-de-farmacia,301
www.crf-al.org.br/fda-esta-perto-de-aprovar-medicamento-para-alzheimer-da-biogen/,https://institucional.crf-al.org.br/imprensa/noticias/fda-esta-perto-de-aprovar-medicamento-para-alzheimer-da-biogen,301
www.crf-al.org.br/projeto-suspende-ajustes-de-precos-de-medicamentos-em-casos-de-pandemia/,https://institucional.crf-al.org.br/imprensa/noticias/projeto-suspende-ajustes-de-precos-de-medicamentos-em-casos-de-pandemia,301
www.crf-al.org.br/cff-analisa-conceito-enade-sobre-cursos-de-farmacia/,https://institucional.crf-al.org.br/imprensa/noticias/cff-analisa-conceito-enade-sobre-cursos-de-farmacia,301
www.crf-al.org.br/cff-realiza-496a-reuniao-plenaria-em-brasilia/,https://institucional.crf-al.org.br/imprensa/noticias/cff-realiza-496a-reuniao-plenaria-em-brasilia,301
www.crf-al.org.br/guia-de-autocuidado-na-covid-19-ja-esta-disponivel-para-farmaceuticos-e-populacao/,https://institucional.crf-al.org.br/imprensa/noticias/guia-de-autocuidado-na-covid-19-ja-esta-disponivel-para-farmaceuticos-e-populacao,301
www.crf-al.org.br/live-de-lancamento-de-guia-pratico-de-autocuidado-na-covid-19-acontece-hoje-as-20h/,https://institucional.crf-al.org.br/imprensa/noticias/live-de-lancamento-de-guia-pratico-de-autocuidado-na-covid-19-acontece-hoje-as-20h,301
www.crf-al.org.br/28-cursos-de-farmacia-sao-avaliados-com-nota-maxima-no-enade/,https://institucional.crf-al.org.br/imprensa/noticias/28-cursos-de-farmacia-sao-avaliados-com-nota-maxima-no-enade,301
www.crf-al.org.br/crfal-funciona-normalmente-nesta-quarta-feira-28/,https://institucional.crf-al.org.br/imprensa/noticias/crfal-funciona-normalmente-nesta-quarta-feira-28,301
www.crf-al.org.br/gt-de-farmaceuticos-proprietarios-se-reune-com-diretoria-do-crfal/,https://institucional.crf-al.org.br/imprensa/noticias/gt-de-farmaceuticos-proprietarios-se-reune-com-diretoria-do-crfal,301
www.crf-al.org.br/oms-alerta-para-o-risco-de-descontrole-da-tuberculose/,https://institucional.crf-al.org.br/imprensa/noticias/oms-alerta-para-o-risco-de-descontrole-da-tuberculose,301
www.crf-al.org.br/busca-por-remedio-abortivo-cresceu-91-durante-pandemia/,https://institucional.crf-al.org.br/imprensa/noticias/busca-por-remedio-abortivo-cresceu-91-durante-pandemia,301
www.crf-al.org.br/grupos-de-trabalho-do-crfal-se-reunem-para-montar-estrategias-de-atuacao/,https://institucional.crf-al.org.br/imprensa/noticias/grupos-de-trabalho-do-crfal-se-reunem-para-montar-estrategias-de-atuacao,301
www.crf-al.org.br/crfal-participa-de-reuniao-sobre-projeto-de-violencia-contra-idoso/,https://institucional.crf-al.org.br/imprensa/noticias/crfal-participa-de-reuniao-sobre-projeto-de-violencia-contra-idoso,301
www.crf-al.org.br/mais-de-80-dos-pais-eou-responsaveis-praticam-automedicacao-em-criancas/,https://institucional.crf-al.org.br/imprensa/noticias/mais-de-80-dos-pais-eou-responsaveis-praticam-automedicacao-em-criancas,301
www.crf-al.org.br/grupo-de-trabalho-de-pics-recebe-novos-integrantes-que-trabalham-com-reiki/,https://institucional.crf-al.org.br/imprensa/noticias/grupo-de-trabalho-de-pics-recebe-novos-integrantes-que-trabalham-com-reiki,301
www.crf-al.org.br/nove-em-cada-dez-pacientes-curados-da-covid-19-apresentam-efeitos-colaterais/,https://institucional.crf-al.org.br/imprensa/noticias/nove-em-cada-dez-pacientes-curados-da-covid-19-apresentam-efeitos-colaterais,301
www.crf-al.org.br/crfal-convida-farmaceuticos-participarem-de-reuniao-com-ministerio-publico/,https://institucional.crf-al.org.br/imprensa/noticias/crfal-convida-farmaceuticos-participarem-de-reuniao-com-ministerio-publico,301
www.crf-al.org.br/crfal-tem-novo-horario-de-funcionamento/,https://institucional.crf-al.org.br/imprensa/noticias/crfal-tem-novo-horario-de-funcionamento,301
www.crf-al.org.br/cientista-brasileiro-correlaciona-epidemia-de-dengue-pandemia-de-covid-19/,https://institucional.crf-al.org.br/imprensa/noticias/cientista-brasileiro-correlaciona-epidemia-de-dengue-pandemia-de-covid-19,301
www.crf-al.org.br/cff-realiza-495-reuniao-plenaria-e-comemora-dia-internacional-do-farmaceutico/,https://institucional.crf-al.org.br/imprensa/noticias/cff-realiza-495-reuniao-plenaria-e-comemora-dia-internacional-do-farmaceutico,301
www.crf-al.org.br/dia-internacional-do-farmaceutico-crfal-parabeniza-os-profissionais-alagoanos/,https://institucional.crf-al.org.br/imprensa/noticias/dia-internacional-do-farmaceutico-crfal-parabeniza-os-profissionais-alagoanos,301
www.crf-al.org.br/crfal-informa-que-atendimento-sera-suspenso-nesta-sexta-feira-25/,https://institucional.crf-al.org.br/imprensa/noticias/crfal-informa-que-atendimento-sera-suspenso-nesta-sexta-feira-25,301
www.crf-al.org.br/crfal-esclarece-questionamentos-sobre-registro-profissional-de-alunos-de-ead/,https://institucional.crf-al.org.br/imprensa/noticias/crfal-esclarece-questionamentos-sobre-registro-profissional-de-alunos-de-ead,301
www.crf-al.org.br/crfal-informa-sobre-retomada-de-prazos-dos-processos-internos/,https://institucional.crf-al.org.br/imprensa/noticias/crfal-informa-sobre-retomada-de-prazos-dos-processos-internos,301
www.crf-al.org.br/12696-2/,https://institucional.crf-al.org.br/imprensa/noticias/12696-2,301
www.crf-al.org.br/alem-do-medicamento-farmaceuticos-usam-praticas-integrativas-no-tratamento-de-doencas/,https://institucional.crf-al.org.br/imprensa/noticias/alem-do-medicamento-farmaceuticos-usam-praticas-integrativas-no-tratamento-de-doencas,301
www.crf-al.org.br/crf-realiza-fiscalizacao-em-hospitais-de-alagoas/,https://institucional.crf-al.org.br/imprensa/noticias/crf-realiza-fiscalizacao-em-hospitais-de-alagoas,301
www.crf-al.org.br/covid-19-ministerio-da-saude-institui-incentivo-financeiro-federal/,https://institucional.crf-al.org.br/imprensa/noticias/covid-19-ministerio-da-saude-institui-incentivo-financeiro-federal,301
www.crf-al.org.br/farmaceutica-desenvolve-cosmeticos-base-de-cafe-no-sul-de-mg/,https://institucional.crf-al.org.br/imprensa/noticias/farmaceutica-desenvolve-cosmeticos-base-de-cafe-no-sul-de-mg,301
www.crf-al.org.br/com-fake-news-discurso-antivacina-se-espalha-nas-redes/,https://institucional.crf-al.org.br/imprensa/noticias/com-fake-news-discurso-antivacina-se-espalha-nas-redes,301
www.crf-al.org.br/sindfal-fecha-parceria-com-plano-de-saude-e-traz-condicoes-especiais-para-associados/,https://institucional.crf-al.org.br/imprensa/noticias/sindfal-fecha-parceria-com-plano-de-saude-e-traz-condicoes-especiais-para-associados,301
www.crf-al.org.br/crfal-repudia-declaracao-de-medica-sobre-restricao-da-acupuntura/,https://institucional.crf-al.org.br/imprensa/noticias/crfal-repudia-declaracao-de-medica-sobre-restricao-da-acupuntura,301
www.crf-al.org.br/empresa-cofundada-por-farmaceutico-cria-respirador-mais-em-conta/,https://institucional.crf-al.org.br/imprensa/noticias/empresa-cofundada-por-farmaceutico-cria-respirador-mais-em-conta,301
www.crf-al.org.br/cff-recomenda-que-conselhos-regionais-nao-registrem-graduados-em-ead/,https://institucional.crf-al.org.br/imprensa/noticias/cff-recomenda-que-conselhos-regionais-nao-registrem-graduados-em-ead,301
www.crf-al.org.br/ivermectina-e-nitazoxanida-volta-receita-em-uma-via/,https://institucional.crf-al.org.br/imprensa/noticias/ivermectina-e-nitazoxanida-volta-receita-em-uma-via,301
www.crf-al.org.br/crfal-mostra-o-papel-do-farmaceutico-no-programa-de-cessacao-tabagica/,https://institucional.crf-al.org.br/imprensa/noticias/crfal-mostra-o-papel-do-farmaceutico-no-programa-de-cessacao-tabagica,301
www.crf-al.org.br/crfal-informa-que-atendimento-presencial-e-virtual-esta-suspenso-amanha/,https://institucional.crf-al.org.br/imprensa/noticias/crfal-informa-que-atendimento-presencial-e-virtual-esta-suspenso-amanha,301
www.crf-al.org.br/crfal-participa-do-lancamento-da-campanha-sinal-vermelho-no-canal-do-youtube-da-secretaria-da-mulher-da-camara-dos-deputados/,https://institucional.crf-al.org.br/imprensa/noticias/crfal-participa-do-lancamento-da-campanha-sinal-vermelho-no-canal-do-youtube-da-secretaria-da-mulher-da-camara-dos-deputados,301
www.crf-al.org.br/farmaceutico-participa-de-pesquisa-sobre-interacao-quimica-interna-dos-anfibios/,https://institucional.crf-al.org.br/imprensa/noticias/farmaceutico-participa-de-pesquisa-sobre-interacao-quimica-interna-dos-anfibios,301
www.crf-al.org.br/webinar-internacional-virtual-sobre-covid-19-recebe-inscricoes/,https://institucional.crf-al.org.br/imprensa/noticias/webinar-internacional-virtual-sobre-covid-19-recebe-inscricoes,301
www.crf-al.org.br/cff-lanca-livro-voltado-ao-publico-infantil-sobre-pandemia-da-covid-19/,https://institucional.crf-al.org.br/imprensa/noticias/cff-lanca-livro-voltado-ao-publico-infantil-sobre-pandemia-da-covid-19,301
www.crf-al.org.br/justica-atesta-proibicao-do-uso-de-cannabis-por-farmacias/,https://institucional.crf-al.org.br/imprensa/noticias/justica-atesta-proibicao-do-uso-de-cannabis-por-farmacias,301
www.crf-al.org.br/crfal-promove-curso-de-capacitacao-para-membros-da-comissao-de-ensino/,https://institucional.crf-al.org.br/imprensa/noticias/crfal-promove-curso-de-capacitacao-para-membros-da-comissao-de-ensino,301
www.crf-al.org.br/conselhos-garantem-vitoria-no-julgamento-de-recurso-do-processo-contra-tecnico-em-farmacia/,https://institucional.crf-al.org.br/imprensa/noticias/conselhos-garantem-vitoria-no-julgamento-de-recurso-do-processo-contra-tecnico-em-farmacia,301
www.crf-al.org.br/campanha-sinal-vermelho-saiba-como-participar/,https://institucional.crf-al.org.br/imprensa/noticias/campanha-sinal-vermelho-saiba-como-participar,301
www.crf-al.org.br/juizas-explicam-farmaceuticos-que-o-sofrimento-da-mulher-nao-deve-ser-minimizado/,https://institucional.crf-al.org.br/imprensa/noticias/juizas-explicam-farmaceuticos-que-o-sofrimento-da-mulher-nao-deve-ser-minimizado,301
www.crf-al.org.br/covid-19-anvisa-autoriza-novo-ensaio-clinico-de-vacina/,https://institucional.crf-al.org.br/imprensa/noticias/covid-19-anvisa-autoriza-novo-ensaio-clinico-de-vacina,301
www.crf-al.org.br/uso-racional-de-psicotropicos-durante-pandemia/,https://institucional.crf-al.org.br/imprensa/noticias/uso-racional-de-psicotropicos-durante-pandemia,301
www.crf-al.org.br/covid-19-ufsc-realiza-pesquisa-para-conhecer-ensino-superior-no-brasil/,https://institucional.crf-al.org.br/imprensa/noticias/covid-19-ufsc-realiza-pesquisa-para-conhecer-ensino-superior-no-brasil,301
www.crf-al.org.br/agosto-dourado-farmaceutico-analisa-leite-doado-para-atingir-padrao-ouro/,https://institucional.crf-al.org.br/imprensa/noticias/agosto-dourado-farmaceutico-analisa-leite-doado-para-atingir-padrao-ouro,301
www.crf-al.org.br/camara-aprova-mp-que-exige-assinatura-qualificada-para-medicamentos-controlados/,https://institucional.crf-al.org.br/imprensa/noticias/camara-aprova-mp-que-exige-assinatura-qualificada-para-medicamentos-controlados,301
www.crf-al.org.br/stf-julga-direito-de-responsabilidade-tecnica-para-tecnico-em-farmacia/,https://institucional.crf-al.org.br/imprensa/noticias/stf-julga-direito-de-responsabilidade-tecnica-para-tecnico-em-farmacia,301
www.crf-al.org.br/farmacia-de-pai-para-os-filhos-conheca-historia-da-familia-amorim/,https://institucional.crf-al.org.br/imprensa/noticias/farmacia-de-pai-para-os-filhos-conheca-historia-da-familia-amorim,301
www.crf-al.org.br/tjal-promove-webnario-sobre-violencia-domestica-para-farmaceuticos/,https://institucional.crf-al.org.br/imprensa/noticias/tjal-promove-webnario-sobre-violencia-domestica-para-farmaceuticos,301
www.crf-al.org.br/laserterapia-farmaceutica-alagoana-e-primeira-usar-tecnica-no-estado/,https://institucional.crf-al.org.br/imprensa/noticias/laserterapia-farmaceutica-alagoana-e-primeira-usar-tecnica-no-estado,301
www.crf-al.org.br/atendimento-diario-presencial-acontece-somente-por-agendamento/,https://institucional.crf-al.org.br/imprensa/noticias/atendimento-diario-presencial-acontece-somente-por-agendamento,301
www.crf-al.org.br/329-farmacias-em-alagoas-auxiliam-no-combate-violencia-domestica/,https://institucional.crf-al.org.br/imprensa/noticias/329-farmacias-em-alagoas-auxiliam-no-combate-violencia-domestica,301
www.crf-al.org.br/prescricao-eletronica-e-programa-farmacia-popular-comprovam-evolucao-do-setor-farmaceutico-durante-pandemia/,https://institucional.crf-al.org.br/imprensa/noticias/prescricao-eletronica-e-programa-farmacia-popular-comprovam-evolucao-do-setor-farmaceutico-durante-pandemia,301
www.crf-al.org.br/crfal-faz-um-balanco-das-acoes-que-vem-desenvolvendo-durante-pandemia-do-covid-19/,https://institucional.crf-al.org.br/imprensa/noticias/crfal-faz-um-balanco-das-acoes-que-vem-desenvolvendo-durante-pandemia-do-covid-19,301
www.crf-al.org.br/prescricao-medica-de-hidroxicloroquina-cresce-mais-de-800-no-brasil/,https://institucional.crf-al.org.br/imprensa/noticias/prescricao-medica-de-hidroxicloroquina-cresce-mais-de-800-no-brasil,301
www.crf-al.org.br/lei-sobre-validade-indeterminada-de-receitas-ja-esta-valendo/,https://institucional.crf-al.org.br/imprensa/noticias/lei-sobre-validade-indeterminada-de-receitas-ja-esta-valendo,301
www.crf-al.org.br/farmaceuticas-pedem-apoio-de-colegas-na-campanha-sinal-vermelho/,https://institucional.crf-al.org.br/imprensa/noticias/farmaceuticas-pedem-apoio-de-colegas-na-campanha-sinal-vermelho,301
www.crf-al.org.br/estudo-brasileiro-mostra-que-hidroxicloroquina-nao-e-efetiva-em-casos-leves-moderados-de-covid-19/,https://institucional.crf-al.org.br/imprensa/noticias/estudo-brasileiro-mostra-que-hidroxicloroquina-nao-e-efetiva-em-casos-leves-moderados-de-covid-19,301
www.crf-al.org.br/cff-entrevista-farmaceutica-que-participa-de-testes-com-vacina-chinesa-no-brasil/,https://institucional.crf-al.org.br/imprensa/noticias/cff-entrevista-farmaceutica-que-participa-de-testes-com-vacina-chinesa-no-brasil,301
www.crf-al.org.br/venda-de-ivermectina-passa-ser-feita-com-retencao-de-receita/,https://institucional.crf-al.org.br/imprensa/noticias/venda-de-ivermectina-passa-ser-feita-com-retencao-de-receita,301
www.crf-al.org.br/crfal-disponibiliza-atendimento-virtual-partir-desta-terca-21-de-julho/,https://institucional.crf-al.org.br/imprensa/noticias/crfal-disponibiliza-atendimento-virtual-partir-desta-terca-21-de-julho,301
www.crf-al.org.br/covid-19-proqualis-lanca-pesquisa-de-avaliacao-da-seguranca-do-profissional-da-saude/,https://institucional.crf-al.org.br/imprensa/noticias/covid-19-proqualis-lanca-pesquisa-de-avaliacao-da-seguranca-do-profissional-da-saude,301
www.crf-al.org.br/crfal-convida-farmaceuticas-apoiarem-campanha-sinal-vermelho/,https://institucional.crf-al.org.br/imprensa/noticias/crfal-convida-farmaceuticas-apoiarem-campanha-sinal-vermelho,301
www.crf-al.org.br/cff-cria-grupos-no-whatsapp-e-telegram-para-divulgacao-de-noticias/,https://institucional.crf-al.org.br/imprensa/noticias/cff-cria-grupos-no-whatsapp-e-telegram-para-divulgacao-de-noticias,301
www.crf-al.org.br/distribuidora-de-arapiraca-adere-campanha-sinal-vermelho-contra-violencia-domestica/,https://institucional.crf-al.org.br/imprensa/noticias/distribuidora-de-arapiraca-adere-campanha-sinal-vermelho-contra-violencia-domestica,301
www.crf-al.org.br/imip-abre-processo-seletivo-para-contratacao-de-farmaceutico/,https://institucional.crf-al.org.br/imprensa/noticias/imip-abre-processo-seletivo-para-contratacao-de-farmaceutico,301
www.crf-al.org.br/tutmes-airan-agradece-apoio-de-farmaceuticos-campanha-sinal-vermelho/,https://institucional.crf-al.org.br/imprensa/noticias/tutmes-airan-agradece-apoio-de-farmaceuticos-campanha-sinal-vermelho,301
www.crf-al.org.br/farmacias-ja-aplicaram-quase-200-mil-testes-rapidos-para-coronavirus/,https://institucional.crf-al.org.br/imprensa/noticias/farmacias-ja-aplicaram-quase-200-mil-testes-rapidos-para-coronavirus,301
www.crf-al.org.br/concurso-fiscal-farmaceutico-e-convocado-e-ja-esta-em-treinamento/,https://institucional.crf-al.org.br/imprensa/noticias/concurso-fiscal-farmaceutico-e-convocado-e-ja-esta-em-treinamento,301
www.crf-al.org.br/cff-reitera-seu-respaldo-ao-ato-farmaceutico-em-webconferencia/,https://institucional.crf-al.org.br/imprensa/noticias/cff-reitera-seu-respaldo-ao-ato-farmaceutico-em-webconferencia,301
www.crf-al.org.br/crfal-esclarece-sobre-distribuicao-de-epis-para-farmaceuticos/,https://institucional.crf-al.org.br/imprensa/noticias/crfal-esclarece-sobre-distribuicao-de-epis-para-farmaceuticos,301
www.crf-al.org.br/concluida-maior-pesquisa-brasileira-sobre-covid-19/,https://institucional.crf-al.org.br/imprensa/noticias/concluida-maior-pesquisa-brasileira-sobre-covid-19,301
www.crf-al.org.br/dividas-com-vencimento-ate-31-de-dezembro-de-2018-podem-ser-parceladas/,https://institucional.crf-al.org.br/imprensa/noticias/dividas-com-vencimento-ate-31-de-dezembro-de-2018-podem-ser-parceladas,301
www.crf-al.org.br/medida-provisoria-sobre-assinaturas-eletronicas-deve-simplificar-processos-no-sus/,https://institucional.crf-al.org.br/imprensa/noticias/medida-provisoria-sobre-assinaturas-eletronicas-deve-simplificar-processos-no-sus,301
www.crf-al.org.br/roche-inicia-recolhimento-de-quatro-lotes-do-medicamento-herceptin/,https://institucional.crf-al.org.br/imprensa/noticias/roche-inicia-recolhimento-de-quatro-lotes-do-medicamento-herceptin,301
www.crf-al.org.br/inscritos-no-crfal-tem-desconto-em-pos-graduacao-de-farmacia-hospitalar/,https://institucional.crf-al.org.br/imprensa/noticias/inscritos-no-crfal-tem-desconto-em-pos-graduacao-de-farmacia-hospitalar,301
www.crf-al.org.br/covid-19-pode-afetar-disponibilidade-e-custo-de-antirretrovirais-no-mundo/,https://institucional.crf-al.org.br/imprensa/noticias/covid-19-pode-afetar-disponibilidade-e-custo-de-antirretrovirais-no-mundo,301
www.crf-al.org.br/pl-propoe-elevar-insalubridade-de-farmaceutico-que-atuar-na-pandemia-do-novo-coronavirus/,https://institucional.crf-al.org.br/imprensa/noticias/pl-propoe-elevar-insalubridade-de-farmaceutico-que-atuar-na-pandemia-do-novo-coronavirus,301
www.crf-al.org.br/em-alagoas-43-farmaceuticos-testaram-positivo-para-o-covid-19/,https://institucional.crf-al.org.br/imprensa/noticias/em-alagoas-43-farmaceuticos-testaram-positivo-para-o-covid-19,301
www.crf-al.org.br/autorizados-novos-estudos-clinicos-para-covid-10/,https://institucional.crf-al.org.br/imprensa/noticias/autorizados-novos-estudos-clinicos-para-covid-10,301
www.crf-al.org.br/cff-recebe-contribuicoes-para-guia-farmacoterapeutico-no-tratamento-do-covid-19/,https://institucional.crf-al.org.br/imprensa/noticias/cff-recebe-contribuicoes-para-guia-farmacoterapeutico-no-tratamento-do-covid-19,301
www.crf-al.org.br/mais-de-22-mil-farmacias-ja-aderiram-receita-digital-memed/,https://institucional.crf-al.org.br/imprensa/noticias/mais-de-22-mil-farmacias-ja-aderiram-receita-digital-memed,301
www.crf-al.org.br/mais-de-760-municipios-podem-implantar-centros-de-atendimento-para-covid-19/,https://institucional.crf-al.org.br/imprensa/noticias/mais-de-760-municipios-podem-implantar-centros-de-atendimento-para-covid-19,301
www.crf-al.org.br/ministerio-da-saude-lanca-orientacoes-para-padronizacao-do-atendimento-covid-19/,https://institucional.crf-al.org.br/imprensa/noticias/ministerio-da-saude-lanca-orientacoes-para-padronizacao-do-atendimento-covid-19,301
www.crf-al.org.br/cff-vai-justica-contra-estagio-ead-e-em-defesa-do-ensino-presencial/,https://institucional.crf-al.org.br/imprensa/noticias/cff-vai-justica-contra-estagio-ead-e-em-defesa-do-ensino-presencial,301
www.crf-al.org.br/crfal-faz-alerta-para-o-uso-da-dexametasona-na-fase-leve-da-covid-19/,https://institucional.crf-al.org.br/imprensa/noticias/crfal-faz-alerta-para-o-uso-da-dexametasona-na-fase-leve-da-covid-19,301
www.crf-al.org.br/farmaceutico-compoe-comite-de-enfrentamento-do-covid-19-em-campo-grande/,https://institucional.crf-al.org.br/imprensa/noticias/farmaceutico-compoe-comite-de-enfrentamento-do-covid-19-em-campo-grande,301
www.crf-al.org.br/mais-de-970-mil-profissionais-de-saude-sao-cadastrados-para-atuar-no-combate-covid-19/,https://institucional.crf-al.org.br/imprensa/noticias/mais-de-970-mil-profissionais-de-saude-sao-cadastrados-para-atuar-no-combate-covid-19,301
www.crf-al.org.br/doacoes-de-sangue-sao-essenciais-durante-pandemia-de-covid-19-afirma-opas/,https://institucional.crf-al.org.br/imprensa/noticias/doacoes-de-sangue-sao-essenciais-durante-pandemia-de-covid-19-afirma-opas,301
www.crf-al.org.br/uso-off-label-farmaceutico-pode-negar-dispensacao-caso-seja-identificado-risco-ao-paciente/,https://institucional.crf-al.org.br/imprensa/noticias/uso-off-label-farmaceutico-pode-negar-dispensacao-caso-seja-identificado-risco-ao-paciente,301
www.crf-al.org.br/crfal-e-parceiro-da-campanha-sinal-vermelho/,https://institucional.crf-al.org.br/imprensa/noticias/crfal-e-parceiro-da-campanha-sinal-vermelho,301
www.crf-al.org.br/farmacias-em-alagoas-ja-estao-ofertando-servicos-de-testes-rapidos/,https://institucional.crf-al.org.br/imprensa/noticias/farmacias-em-alagoas-ja-estao-ofertando-servicos-de-testes-rapidos,301
www.crf-al.org.br/farmaceutica-cria-alternativa-para-continuar-assistencia-farmaceutica-durante-pandemia/,https://institucional.crf-al.org.br/imprensa/noticias/farmaceutica-cria-alternativa-para-continuar-assistencia-farmaceutica-durante-pandemia,301
www.crf-al.org.br/governo-federal-regulamenta-descarte-de-medicamentos/,https://institucional.crf-al.org.br/imprensa/noticias/governo-federal-regulamenta-descarte-de-medicamentos,301
www.crf-al.org.br/anvisa-alerta-para-falsificacao-de-medicamentos/,https://institucional.crf-al.org.br/imprensa/noticias/anvisa-alerta-para-falsificacao-de-medicamentos,301
www.crf-al.org.br/fiocruz-lanca-curso-sobre-manejo-da-infeccao-causada-pelo-novo-coronavirus/,https://institucional.crf-al.org.br/imprensa/noticias/fiocruz-lanca-curso-sobre-manejo-da-infeccao-causada-pelo-novo-coronavirus,301
www.crf-al.org.br/anvisa-aprova-nova-opcao-de-tratamento-para-diabetes-tipo-2/,https://institucional.crf-al.org.br/imprensa/noticias/anvisa-aprova-nova-opcao-de-tratamento-para-diabetes-tipo-2,301
www.crf-al.org.br/pos-graduacao-de-farmacia-clinica-e-prescricao-farmaceutica-do-espaco-cienciaunisuam-esta-com-inscricoes-abertas/,https://institucional.crf-al.org.br/imprensa/noticias/pos-graduacao-de-farmacia-clinica-e-prescricao-farmaceutica-do-espaco-cienciaunisuam-esta-com-inscricoes-abertas,301
www.crf-al.org.br/hepatite-c-anvisa-alerta-sobre-medicamento-falsificado/,https://institucional.crf-al.org.br/imprensa/noticias/hepatite-c-anvisa-alerta-sobre-medicamento-falsificado,301
www.crf-al.org.br/governo-autoriza-reajuste-nos-precos-de-medicamentos/,https://institucional.crf-al.org.br/imprensa/noticias/governo-autoriza-reajuste-nos-precos-de-medicamentos,301
www.crf-al.org.br/farmacias-e-drogarias-podem-vender-mascaras-de-tecido/,https://institucional.crf-al.org.br/imprensa/noticias/farmacias-e-drogarias-podem-vender-mascaras-de-tecido,301
www.crf-al.org.br/diabetes-hipertensao-e-obesidade-avancam-entre-os-brasileiros/,https://institucional.crf-al.org.br/imprensa/noticias/diabetes-hipertensao-e-obesidade-avancam-entre-os-brasileiros,301
www.crf-al.org.br/aplicativo-da-academia-da-oms-em-portugues-ja-esta-disponivel-para-profissionais-de-saude/,https://institucional.crf-al.org.br/imprensa/noticias/aplicativo-da-academia-da-oms-em-portugues-ja-esta-disponivel-para-profissionais-de-saude,301
www.crf-al.org.br/conselho-nacional-de-saude-recomenda-pics-no-combate-covid-19/,https://institucional.crf-al.org.br/imprensa/noticias/conselho-nacional-de-saude-recomenda-pics-no-combate-covid-19,301
www.crf-al.org.br/diretora-da-opas-afirma-que-luta-contra-pandemia-de-covid-19-deve-incluir-tratamento-de-doencas-cronicas/,https://institucional.crf-al.org.br/imprensa/noticias/diretora-da-opas-afirma-que-luta-contra-pandemia-de-covid-19-deve-incluir-tratamento-de-doencas-cronicas,301
www.crf-al.org.br/lenalidomida-autorizadas-novas-indicacoes-terapeuticas/,https://institucional.crf-al.org.br/imprensa/noticias/lenalidomida-autorizadas-novas-indicacoes-terapeuticas,301
www.crf-al.org.br/cfm-e-cff-repudiam-praticas-que-interfiram-na-autonomia-de-medicos-e-farmaceuticos-em-relacao-receita-digital/,https://institucional.crf-al.org.br/imprensa/noticias/cfm-e-cff-repudiam-praticas-que-interfiram-na-autonomia-de-medicos-e-farmaceuticos-em-relacao-receita-digital,301
www.crf-al.org.br/crfal-disponibiliza-ferramenta-que-auxilia-populacao-na-busca-de-medicamentos-para-covid-19/,https://institucional.crf-al.org.br/imprensa/noticias/crfal-disponibiliza-ferramenta-que-auxilia-populacao-na-busca-de-medicamentos-para-covid-19,301
www.crf-al.org.br/semana-alerta-para-cuidados-necessarios-com-tireoide/,https://institucional.crf-al.org.br/imprensa/noticias/semana-alerta-para-cuidados-necessarios-com-tireoide,301
www.crf-al.org.br/testes-com-cloroquina-para-coronavirus-sao-suspensos-pela-oms-por-que/,https://institucional.crf-al.org.br/imprensa/noticias/testes-com-cloroquina-para-coronavirus-sao-suspensos-pela-oms-por-que,301
www.crf-al.org.br/farmaceutico-explica-quais-as-diferencas-dos-testes-disponiveis-no-mercado/,https://institucional.crf-al.org.br/imprensa/noticias/farmaceutico-explica-quais-as-diferencas-dos-testes-disponiveis-no-mercado,301
www.crf-al.org.br/genericos-representam-34-das-vendas-de-medicamentos-no-pais/,https://institucional.crf-al.org.br/imprensa/noticias/genericos-representam-34-das-vendas-de-medicamentos-no-pais,301
www.crf-al.org.br/o-farmaceutico-e-os-cuidados-com-saude-psiquica/,https://institucional.crf-al.org.br/imprensa/noticias/o-farmaceutico-e-os-cuidados-com-saude-psiquica,301
www.crf-al.org.br/nota-oficial-do-crfal-sobre-atendimento-durante-pandemia/,https://institucional.crf-al.org.br/imprensa/noticias/nota-oficial-do-crfal-sobre-atendimento-durante-pandemia,301
www.crf-al.org.br/farmaceuticos-peritos-analisam-amostras-de-alcool-gel-apreendido-pela-policia-civil-de-alagoas/,https://institucional.crf-al.org.br/imprensa/noticias/farmaceuticos-peritos-analisam-amostras-de-alcool-gel-apreendido-pela-policia-civil-de-alagoas,301
www.crf-al.org.br/annita-sem-comprovacao-cientifica-crfal-alerta-para-o-risco-da-automedicacao/,https://institucional.crf-al.org.br/imprensa/noticias/annita-sem-comprovacao-cientifica-crfal-alerta-para-o-risco-da-automedicacao,301
www.crf-al.org.br/cff-alerta-sobre-risco-da-ivermectina-de-uso-veterinario-em-humanos/,https://institucional.crf-al.org.br/imprensa/noticias/cff-alerta-sobre-risco-da-ivermectina-de-uso-veterinario-em-humanos,301
www.crf-al.org.br/criancas-e-covid-19-farmaceutica-orienta-sobre-automedicacao/,https://institucional.crf-al.org.br/imprensa/noticias/criancas-e-covid-19-farmaceutica-orienta-sobre-automedicacao,301
www.crf-al.org.br/baixa-de-rt-farmaceutico-e-obrigado-comunicar-ao-crfal/,https://institucional.crf-al.org.br/imprensa/noticias/baixa-de-rt-farmaceutico-e-obrigado-comunicar-ao-crfal,301
www.crf-al.org.br/dia-mundial-da-cruz-vermelha-e-celebrado-em-8-de-maio/,https://institucional.crf-al.org.br/imprensa/noticias/dia-mundial-da-cruz-vermelha-e-celebrado-em-8-de-maio,301
www.crf-al.org.br/covid-19-fiocruz-lanca-curso-ead-de-atencao-psicossocial-e-saude-mental/,https://institucional.crf-al.org.br/imprensa/noticias/covid-19-fiocruz-lanca-curso-ead-de-atencao-psicossocial-e-saude-mental,301
www.crf-al.org.br/posto-de-medicamento-farmaceutico-responde-solidariamente/,https://institucional.crf-al.org.br/imprensa/noticias/posto-de-medicamento-farmaceutico-responde-solidariamente,301
www.crf-al.org.br/vendas-de-medicamentos-crescem-durante-pandemia-do-covid-19/,https://institucional.crf-al.org.br/imprensa/noticias/vendas-de-medicamentos-crescem-durante-pandemia-do-covid-19,301
www.crf-al.org.br/coronavirus-quem-tem-rinite-nao-faz-parte-do-grupo-de-risco/,https://institucional.crf-al.org.br/imprensa/noticias/coronavirus-quem-tem-rinite-nao-faz-parte-do-grupo-de-risco,301
www.crf-al.org.br/coronavirus-pode-causar-sintomas-na-pele/,https://institucional.crf-al.org.br/imprensa/noticias/coronavirus-pode-causar-sintomas-na-pele,301
www.crf-al.org.br/hipertensao-arterial-e-responsavel-pelas-principais-causas-de-morte-no-brasil/,https://institucional.crf-al.org.br/imprensa/noticias/hipertensao-arterial-e-responsavel-pelas-principais-causas-de-morte-no-brasil,301
www.crf-al.org.br/ministerio-da-saude-garante-suporte-psicologico-profissionais-do-sus/,https://institucional.crf-al.org.br/imprensa/noticias/ministerio-da-saude-garante-suporte-psicologico-profissionais-do-sus,301
www.crf-al.org.br/crfal-disponibiliza-assessoria-tecnica-para-tirar-duvidas-sobre-assuntos-regulatorios/,https://institucional.crf-al.org.br/imprensa/noticias/crfal-disponibiliza-assessoria-tecnica-para-tirar-duvidas-sobre-assuntos-regulatorios,301
www.crf-al.org.br/farmaceutico-tire-suas-duvidas-sobre-receita-digital/,https://institucional.crf-al.org.br/imprensa/noticias/farmaceutico-tire-suas-duvidas-sobre-receita-digital,301
www.crf-al.org.br/entenda-dispensacao-na-telemedicina/,https://institucional.crf-al.org.br/imprensa/noticias/entenda-dispensacao-na-telemedicina,301
www.crf-al.org.br/crfal-atendimento-presencial-retornara-com-agendamento-previo/,https://institucional.crf-al.org.br/imprensa/noticias/crfal-atendimento-presencial-retornara-com-agendamento-previo,301
www.crf-al.org.br/anvisa-divulga-perguntas-e-respostas-sobre-questoes-recorrentes-da-covid-19/,https://institucional.crf-al.org.br/imprensa/noticias/anvisa-divulga-perguntas-e-respostas-sobre-questoes-recorrentes-da-covid-19,301
www.crf-al.org.br/cff-posiciona-sobre-antecipacao-da-colacao-de-grau-frente-pandemia-de-covid-19/,https://institucional.crf-al.org.br/imprensa/noticias/cff-posiciona-sobre-antecipacao-da-colacao-de-grau-frente-pandemia-de-covid-19,301
www.crf-al.org.br/tratamento-natural-oleos-essenciais-podem-ser-opcao-para-enfrentar-covid-19/,https://institucional.crf-al.org.br/imprensa/noticias/tratamento-natural-oleos-essenciais-podem-ser-opcao-para-enfrentar-covid-19,301
www.crf-al.org.br/pagamento-de-anuidade-tem-novas-datas-de-vencimento/,https://institucional.crf-al.org.br/imprensa/noticias/pagamento-de-anuidade-tem-novas-datas-de-vencimento,301
www.crf-al.org.br/nota-de-esclarecimento-sobre-compra-de-epis/,https://institucional.crf-al.org.br/imprensa/noticias/nota-de-esclarecimento-sobre-compra-de-epis,301
www.crf-al.org.br/orientacoes-para-as-atividades-da-farmacia-durante-o-covid-19/,https://institucional.crf-al.org.br/imprensa/noticias/orientacoes-para-as-atividades-da-farmacia-durante-o-covid-19,301
www.crf-al.org.br/crfal-retorna-as-atividades-em-horario-reduzido-com-expediente-interno/,https://institucional.crf-al.org.br/imprensa/noticias/crfal-retorna-as-atividades-em-horario-reduzido-com-expediente-interno,301
www.crf-al.org.br/o-que-voce-precisa-saber-sobre-convocacao-do-ministerio-da-saude/,https://institucional.crf-al.org.br/imprensa/noticias/o-que-voce-precisa-saber-sobre-convocacao-do-ministerio-da-saude,301
www.crf-al.org.br/ministerio-da-saude-inscreve-profissionais-da-saude-para-combate-covid-19/,https://institucional.crf-al.org.br/imprensa/noticias/ministerio-da-saude-inscreve-profissionais-da-saude-para-combate-covid-19,301
www.crf-al.org.br/farmaceutica-do-hu-anna-claudia-nao-encontrou-dificuldades-por-ser-mulher/,https://institucional.crf-al.org.br/imprensa/noticias/farmaceutica-do-hu-anna-claudia-nao-encontrou-dificuldades-por-ser-mulher,301
www.crf-al.org.br/covid-19-florais-de-bach-podem-ajudar-enfrentar-o-isolamento-social/,https://institucional.crf-al.org.br/imprensa/noticias/covid-19-florais-de-bach-podem-ajudar-enfrentar-o-isolamento-social,301
www.crf-al.org.br/farmaceutica-do-hea-cuidado-com-automedicacao-para-covid-19/,https://institucional.crf-al.org.br/imprensa/noticias/farmaceutica-do-hea-cuidado-com-automedicacao-para-covid-19,301
www.crf-al.org.br/farmaceuticos-sao-reconhecidos-como-referencia-em-analises-clinicas-em-penedo/,https://institucional.crf-al.org.br/imprensa/noticias/farmaceuticos-sao-reconhecidos-como-referencia-em-analises-clinicas-em-penedo,301
www.crf-al.org.br/nota-3/,https://institucional.crf-al.org.br/imprensa/noticias/nota-3,301
www.crf-al.org.br/covid-19-uso-de-mascaras-sem-indicacao-traz-falsa-sensacao-de-seguranca/,https://institucional.crf-al.org.br/imprensa/noticias/covid-19-uso-de-mascaras-sem-indicacao-traz-falsa-sensacao-de-seguranca,301
www.crf-al.org.br/crfal-suspende-atendimento-presencial-partir-de-segunda-23/,https://institucional.crf-al.org.br/imprensa/noticias/crfal-suspende-atendimento-presencial-partir-de-segunda-23,301
www.crf-al.org.br/nota-2/,https://institucional.crf-al.org.br/imprensa/noticias/nota-2,301
www.crf-al.org.br/crfal-orienta-sobre-uso-da-hidroxicloroquina-na-infeccao-pelo-coronavirus/,https://institucional.crf-al.org.br/imprensa/noticias/crfal-orienta-sobre-uso-da-hidroxicloroquina-na-infeccao-pelo-coronavirus,301
www.crf-al.org.br/covid-19-crf-al-alerta-sobre-orientacao-da-oms-em-evitar-uso-de-ibuprofeno/,https://institucional.crf-al.org.br/imprensa/noticias/covid-19-crf-al-alerta-sobre-orientacao-da-oms-em-evitar-uso-de-ibuprofeno,301
www.crf-al.org.br/crfal-adia-curso-de-capacitacao-que-aconteceria-no-sabado-21/,https://institucional.crf-al.org.br/imprensa/noticias/crfal-adia-curso-de-capacitacao-que-aconteceria-no-sabado-21,301
www.crf-al.org.br/conselheira-do-crfal-alerta-sobre-tipo-de-alcool-gel-ser-usado-na-limpeza-da-maos/,https://institucional.crf-al.org.br/imprensa/noticias/conselheira-do-crfal-alerta-sobre-tipo-de-alcool-gel-ser-usado-na-limpeza-da-maos,301
www.crf-al.org.br/alta-do-dolar-e-coronavirus-podem-fazer-medicamento-ficar-mais-caro-no-brasil/,https://institucional.crf-al.org.br/imprensa/noticias/alta-do-dolar-e-coronavirus-podem-fazer-medicamento-ficar-mais-caro-no-brasil,301
www.crf-al.org.br/com-apenas-24-anos-farmaceutica-vanessa-amaral-abriu-sua-propria-farmacia/,https://institucional.crf-al.org.br/imprensa/noticias/com-apenas-24-anos-farmaceutica-vanessa-amaral-abriu-sua-propria-farmacia,301
www.crf-al.org.br/ministerio-da-saude-abre-3a-oferta-do-curso-sobre-politicas-de-saude-e-assistencia-farmaceutica-no-sus/,https://institucional.crf-al.org.br/imprensa/noticias/ministerio-da-saude-abre-3a-oferta-do-curso-sobre-politicas-de-saude-e-assistencia-farmaceutica-no-sus,301
www.crf-al.org.br/de-farmaceutica-gestora-liliane-administra-seu-negocio-com-mais-duas-socias/,https://institucional.crf-al.org.br/imprensa/noticias/de-farmaceutica-gestora-liliane-administra-seu-negocio-com-mais-duas-socias,301
www.crf-al.org.br/saude-da-mulher-e-mais-do-que-cuidados-ginecologicos/,https://institucional.crf-al.org.br/imprensa/noticias/saude-da-mulher-e-mais-do-que-cuidados-ginecologicos,301
www.crf-al.org.br/espaco-ciencia-oferta-cursos-de-pos-graduacao-com-desconto-para-farmaceuticos/,https://institucional.crf-al.org.br/imprensa/noticias/espaco-ciencia-oferta-cursos-de-pos-graduacao-com-desconto-para-farmaceuticos,301
www.crf-al.org.br/crfal-emite-parecer-juridico-para-que-farmaceutico-concorra-vaga-de-biomedico-em-concurso-publico/,https://institucional.crf-al.org.br/imprensa/noticias/crfal-emite-parecer-juridico-para-que-farmaceutico-concorra-vaga-de-biomedico-em-concurso-publico,301
www.crf-al.org.br/farmaceutico-saiba-quais-sao-os-seus-direitos-nos-feriados-e-pontos-facultativos/,https://institucional.crf-al.org.br/imprensa/noticias/farmaceutico-saiba-quais-sao-os-seus-direitos-nos-feriados-e-pontos-facultativos,301
www.crf-al.org.br/recorde-de-medicamentos-aprovados-para-doencas-raras/,https://institucional.crf-al.org.br/imprensa/noticias/recorde-de-medicamentos-aprovados-para-doencas-raras,301
www.crf-al.org.br/farmaceutica-arapiraquense-utiliza-tecnica-do-furinho-humanizado/,https://institucional.crf-al.org.br/imprensa/noticias/farmaceutica-arapiraquense-utiliza-tecnica-do-furinho-humanizado,301
www.crf-al.org.br/o-impacto-social-dos-biossimilares-no-setor-de-saude/,https://institucional.crf-al.org.br/imprensa/noticias/o-impacto-social-dos-biossimilares-no-setor-de-saude,301
www.crf-al.org.br/nota-de-repudio-2/,https://institucional.crf-al.org.br/imprensa/noticias/nota-de-repudio-2,301
www.crf-al.org.br/crfal-orienta-folioes-sobre-uso-de-medicamentos-durante-o-carnaval/,https://institucional.crf-al.org.br/imprensa/noticias/crfal-orienta-folioes-sobre-uso-de-medicamentos-durante-o-carnaval,301
www.crf-al.org.br/ministerio-da-saude-lanca-projeto-para-teste-rapido-de-leptospirose/,https://institucional.crf-al.org.br/imprensa/noticias/ministerio-da-saude-lanca-projeto-para-teste-rapido-de-leptospirose,301
www.crf-al.org.br/anvisa-reavalia-seguranca-do-medicamento-lorcasserina/,https://institucional.crf-al.org.br/imprensa/noticias/anvisa-reavalia-seguranca-do-medicamento-lorcasserina,301
www.crf-al.org.br/11882-2/,https://institucional.crf-al.org.br/imprensa/noticias/11882-2,301
www.crf-al.org.br/convenio-com-administradora-de-plano-de-saude-da-desconto-para-farmaceuticos/,https://institucional.crf-al.org.br/imprensa/noticias/convenio-com-administradora-de-plano-de-saude-da-desconto-para-farmaceuticos,301
www.crf-al.org.br/crfal-faz-homenagem-primeira-turma-de-farmaceuticos-do-estado-de-alagoas/,https://institucional.crf-al.org.br/imprensa/noticias/crfal-faz-homenagem-primeira-turma-de-farmaceuticos-do-estado-de-alagoas,301
www.crf-al.org.br/palestra-sob-uso-medicinal-da-cannabis-encerra-semana-do-farmaceutico/,https://institucional.crf-al.org.br/imprensa/noticias/palestra-sob-uso-medicinal-da-cannabis-encerra-semana-do-farmaceutico,301
www.crf-al.org.br/lancado-edital-sobre-registro-de-medicamentos-similares/,https://institucional.crf-al.org.br/imprensa/noticias/lancado-edital-sobre-registro-de-medicamentos-similares,301
www.crf-al.org.br/governo-investe-em-tecnologia-para-qualificar-saude/,https://institucional.crf-al.org.br/imprensa/noticias/governo-investe-em-tecnologia-para-qualificar-saude,301
www.crf-al.org.br/presidente-e-vice-do-crfal-participam-da-primeira-reuniao-plenaria-do-cff/,https://institucional.crf-al.org.br/imprensa/noticias/presidente-e-vice-do-crfal-participam-da-primeira-reuniao-plenaria-do-cff,301
www.crf-al.org.br/farmaceutico-nao-perdeu-atividade-privativa-para-enfermeiros/,https://institucional.crf-al.org.br/imprensa/noticias/farmaceutico-nao-perdeu-atividade-privativa-para-enfermeiros,301
www.crf-al.org.br/farmaceuticos-alagoanos-ministrarao-curso-de-hematologia-avancada-em-mg/,https://institucional.crf-al.org.br/imprensa/noticias/farmaceuticos-alagoanos-ministrarao-curso-de-hematologia-avancada-em-mg,301
www.crf-al.org.br/anvisa-simplifica-importacao-de-canabidiol/,https://institucional.crf-al.org.br/imprensa/noticias/anvisa-simplifica-importacao-de-canabidiol,301
www.crf-al.org.br/em-fiscalizacao-conjunta-com-mpe-crfal-identifica-irregularidades-em-unidade-de-saude-de-maceio/,https://institucional.crf-al.org.br/imprensa/noticias/em-fiscalizacao-conjunta-com-mpe-crfal-identifica-irregularidades-em-unidade-de-saude-de-maceio,301
www.crf-al.org.br/farmaceutica-do-he-do-agreste-orienta-sobre-armazenamento-correto-de-medicamentos/,https://institucional.crf-al.org.br/imprensa/noticias/farmaceutica-do-he-do-agreste-orienta-sobre-armazenamento-correto-de-medicamentos,301
www.crf-al.org.br/acoes-de-saude-marcam-comemoracoes-do-dia-do-farmaceutico-em-al/,https://institucional.crf-al.org.br/imprensa/noticias/acoes-de-saude-marcam-comemoracoes-do-dia-do-farmaceutico-em-al,301
www.crf-al.org.br/com-o-tema-um-farmaceutico-pra-chamar-de-seu-crfal-prepara-comemoracoes-do-dia-do-farmaceutico/,https://institucional.crf-al.org.br/imprensa/noticias/com-o-tema-um-farmaceutico-pra-chamar-de-seu-crfal-prepara-comemoracoes-do-dia-do-farmaceutico,301
www.crf-al.org.br/nota-de-agradecimento/,https://institucional.crf-al.org.br/imprensa/noticias/nota-de-agradecimento,301
www.crf-al.org.br/boletos-de-anuidade-ja-estao-disponiveis-pelo-crfweb/,https://institucional.crf-al.org.br/imprensa/noticias/boletos-de-anuidade-ja-estao-disponiveis-pelo-crfweb,301
www.crf-al.org.br/feliz-2020/,https://institucional.crf-al.org.br/imprensa/noticias/feliz-2020,301
www.crf-al.org.br/feliz-natal/,https://institucional.crf-al.org.br/imprensa/noticias/feliz-natal,301
www.crf-al.org.br/luto-joao-yosikazu-maeda/,https://institucional.crf-al.org.br/imprensa/noticias/luto-joao-yosikazu-maeda,301
www.crf-al.org.br/plenario-do-cff-reelege-diretoria-para-o-bienio-20202021/,https://institucional.crf-al.org.br/imprensa/noticias/plenario-do-cff-reelege-diretoria-para-o-bienio-20202021,301
www.crf-al.org.br/municipio-de-roteiro-inaugura-central-de-abastecimento-farmaceutico/,https://institucional.crf-al.org.br/imprensa/noticias/municipio-de-roteiro-inaugura-central-de-abastecimento-farmaceutico,301
www.crf-al.org.br/conselhos-de-farmacia-estao-em-campanha-contra-venda-de-mips-em-supermercados/,https://institucional.crf-al.org.br/imprensa/noticias/conselhos-de-farmacia-estao-em-campanha-contra-venda-de-mips-em-supermercados,301
www.crf-al.org.br/cff-distribui-nova-edicao-da-revista-experiencias-exitosas-de-farmaceuticos-no-sus/,https://institucional.crf-al.org.br/imprensa/noticias/cff-distribui-nova-edicao-da-revista-experiencias-exitosas-de-farmaceuticos-no-sus,301
www.crf-al.org.br/comenda-do-merito-farmaceutico/,https://institucional.crf-al.org.br/imprensa/noticias/comenda-do-merito-farmaceutico,301
www.crf-al.org.br/farmaceutica-realiza-acao-social-voltada-ao-dia-mundial-da-diabetes/,https://institucional.crf-al.org.br/imprensa/noticias/farmaceutica-realiza-acao-social-voltada-ao-dia-mundial-da-diabetes,301
www.crf-al.org.br/i-simposio-alagoano-de-analises-clinicas/,https://institucional.crf-al.org.br/imprensa/noticias/i-simposio-alagoano-de-analises-clinicas,301
www.crf-al.org.br/cer-realiza-solenidade-de-diplomacao-e-posse-da-nova-diretoria-regional-e-conselheiros/,https://institucional.crf-al.org.br/imprensa/noticias/cer-realiza-solenidade-de-diplomacao-e-posse-da-nova-diretoria-regional-e-conselheiros,301
www.crf-al.org.br/tuberculose-novo-medicamento-reduz-tempo-de-tratamento-pela-metade/,https://institucional.crf-al.org.br/imprensa/noticias/tuberculose-novo-medicamento-reduz-tempo-de-tratamento-pela-metade,301
www.crf-al.org.br/cff-aprova-resolucao-sobre-atuacao-do-farmaceutico-na-logistica/,https://institucional.crf-al.org.br/imprensa/noticias/cff-aprova-resolucao-sobre-atuacao-do-farmaceutico-na-logistica,301
www.crf-al.org.br/anvisa-debate-simplificacao-de-regras/,https://institucional.crf-al.org.br/imprensa/noticias/anvisa-debate-simplificacao-de-regras,301
www.crf-al.org.br/carta-de-apoio-aos-profissionais-do-nasf/,https://institucional.crf-al.org.br/imprensa/noticias/carta-de-apoio-aos-profissionais-do-nasf,301
www.crf-al.org.br/aprovada-resolucao-que-disciplina-o-pagamento-de-anuidades-em-2020/,https://institucional.crf-al.org.br/imprensa/noticias/aprovada-resolucao-que-disciplina-o-pagamento-de-anuidades-em-2020,301
www.crf-al.org.br/dia-nacional-do-doador-de-sangue/,https://institucional.crf-al.org.br/imprensa/noticias/dia-nacional-do-doador-de-sangue,301
www.crf-al.org.br/membros-da-comissao-de-ensino-apresentam-crf-academico-em-congresso/,https://institucional.crf-al.org.br/imprensa/noticias/membros-da-comissao-de-ensino-apresentam-crf-academico-em-congresso,301
www.crf-al.org.br/cff-sugere-mais-envolvimento-de-farmaceuticos-em-acoes-estrategicas-para-reducao-da-sifilis-no-brasil/,https://institucional.crf-al.org.br/imprensa/noticias/cff-sugere-mais-envolvimento-de-farmaceuticos-em-acoes-estrategicas-para-reducao-da-sifilis-no-brasil,301
www.crf-al.org.br/expediente-proclamacao-da-republica/,https://institucional.crf-al.org.br/imprensa/noticias/expediente-proclamacao-da-republica,301
www.crf-al.org.br/comenda-do-merito-farmaceutico-2019/,https://institucional.crf-al.org.br/imprensa/noticias/comenda-do-merito-farmaceutico-2019,301
www.crf-al.org.br/farmaceuticos-criam-sociedade-brasileira-de-farmacia-clinica-regional-alagoas/,https://institucional.crf-al.org.br/imprensa/noticias/farmaceuticos-criam-sociedade-brasileira-de-farmacia-clinica-regional-alagoas,301
www.crf-al.org.br/experiencias-apresentadas-no-enaf-demonstram-como-educar-para-fiscalizar/,https://institucional.crf-al.org.br/imprensa/noticias/experiencias-apresentadas-no-enaf-demonstram-como-educar-para-fiscalizar,301
www.crf-al.org.br/governo-federal-libera-r-268-milhoes-para-saude-em-alagoas/,https://institucional.crf-al.org.br/imprensa/noticias/governo-federal-libera-r-268-milhoes-para-saude-em-alagoas,301
www.crf-al.org.br/workshop-judicializacao-da-saude/,https://institucional.crf-al.org.br/imprensa/noticias/workshop-judicializacao-da-saude,301
www.crf-al.org.br/farmacovigilancia-sera-foco-de-debate-em-brasilia-no-dia-23/,https://institucional.crf-al.org.br/imprensa/noticias/farmacovigilancia-sera-foco-de-debate-em-brasilia-no-dia-23,301
www.crf-al.org.br/cff-incentiva-participacao-de-farmaceuticos-em-consultas-publicas-da-conitec/,https://institucional.crf-al.org.br/imprensa/noticias/cff-incentiva-participacao-de-farmaceuticos-em-consultas-publicas-da-conitec,301
www.crf-al.org.br/farmasis-e-apresentado-no-xv-encontro-nacional-de-fiscalizacao/,https://institucional.crf-al.org.br/imprensa/noticias/farmasis-e-apresentado-no-xv-encontro-nacional-de-fiscalizacao,301
www.crf-al.org.br/10931-2/,https://institucional.crf-al.org.br/imprensa/noticias/10931-2,301
www.crf-al.org.br/cff-alerta-sobre-pratica-de-marketplace-em-farmacias-magistrais/,https://institucional.crf-al.org.br/imprensa/noticias/cff-alerta-sobre-pratica-de-marketplace-em-farmacias-magistrais,301
www.crf-al.org.br/i-simposio-alagoano-de-farmacia-clinica/,https://institucional.crf-al.org.br/imprensa/noticias/i-simposio-alagoano-de-farmacia-clinica,301
www.crf-al.org.br/cff-e-sbfc-se-reunem-com-ebserh-para-discutir-melhorias-para-farmaceuticos/,https://institucional.crf-al.org.br/imprensa/noticias/cff-e-sbfc-se-reunem-com-ebserh-para-discutir-melhorias-para-farmaceuticos,301
www.crf-al.org.br/regulamentadas-as-atribuicoes-do-farmaceutico-clinico-intensivista/,https://institucional.crf-al.org.br/imprensa/noticias/regulamentadas-as-atribuicoes-do-farmaceutico-clinico-intensivista,301
www.crf-al.org.br/cff-vai-criar-grupo-tecnico-para-definir-parametros-de-fiscalizacao-de-rt-diante-do-imbroglio-envolvendo-dispensarios/,https://institucional.crf-al.org.br/imprensa/noticias/cff-vai-criar-grupo-tecnico-para-definir-parametros-de-fiscalizacao-de-rt-diante-do-imbroglio-envolvendo-dispensarios,301
www.crf-al.org.br/medicamentos-rdc-dispoe-sobre-validade-e-regularizacao/,https://institucional.crf-al.org.br/imprensa/noticias/medicamentos-rdc-dispoe-sobre-validade-e-regularizacao,301
www.crf-al.org.br/presidente-do-crfal-realiza-palestra-aos-servidores-da-justica-federal/,https://institucional.crf-al.org.br/imprensa/noticias/presidente-do-crfal-realiza-palestra-aos-servidores-da-justica-federal,301
www.crf-al.org.br/dia-do-servidor-publico/,https://institucional.crf-al.org.br/imprensa/noticias/dia-do-servidor-publico,301
www.crf-al.org.br/aviso-de-expediente-2/,https://institucional.crf-al.org.br/imprensa/noticias/aviso-de-expediente-2,301
www.crf-al.org.br/laboratorios-oficiais-sao-decisivos-para-o-fornecimento-de-medicamentos-ao-sus/,https://institucional.crf-al.org.br/imprensa/noticias/laboratorios-oficiais-sao-decisivos-para-o-fornecimento-de-medicamentos-ao-sus,301
www.crf-al.org.br/ministerio-da-saude-abre-edital-para-capacitacao-de-farmaceutico-no-sus-em-seguranca-do-paciente/,https://institucional.crf-al.org.br/imprensa/noticias/ministerio-da-saude-abre-edital-para-capacitacao-de-farmaceutico-no-sus-em-seguranca-do-paciente,301
www.crf-al.org.br/alagoas-tem-13-trabalhos-cientificos-apresentados-no-xx-congresso-farmaceutico-em-sao-paulo/,https://institucional.crf-al.org.br/imprensa/noticias/alagoas-tem-13-trabalhos-cientificos-apresentados-no-xx-congresso-farmaceutico-em-sao-paulo,301
www.crf-al.org.br/consultorio-farmaceutico-no-sus-proporciona-qualidade-de-vida-em-craibas/,https://institucional.crf-al.org.br/imprensa/noticias/consultorio-farmaceutico-no-sus-proporciona-qualidade-de-vida-em-craibas,301
www.crf-al.org.br/anvisa-abre-consulta-publica-sobre-medicamentos-sob-prescricao-se-tornarem-mips/,https://institucional.crf-al.org.br/imprensa/noticias/anvisa-abre-consulta-publica-sobre-medicamentos-sob-prescricao-se-tornarem-mips,301
www.crf-al.org.br/dia-do-professor/,https://institucional.crf-al.org.br/imprensa/noticias/dia-do-professor,301
www.crf-al.org.br/cff-emitira-nota-tecnica-sobre-dispensacao-de-medicamentos-por-prescricao-eletronica/,https://institucional.crf-al.org.br/imprensa/noticias/cff-emitira-nota-tecnica-sobre-dispensacao-de-medicamentos-por-prescricao-eletronica,301
www.crf-al.org.br/sobrafo-realiza-seminario-voltado-assistencia-farmaceutica-na-oncologia/,https://institucional.crf-al.org.br/imprensa/noticias/sobrafo-realiza-seminario-voltado-assistencia-farmaceutica-na-oncologia,301
www.crf-al.org.br/sistema-cffcrfs-elege-seus-representantes/,https://institucional.crf-al.org.br/imprensa/noticias/sistema-cffcrfs-elege-seus-representantes,301
www.crf-al.org.br/resultado-das-eleicoes-2019-cffcrfs/,https://institucional.crf-al.org.br/imprensa/noticias/resultado-das-eleicoes-2019-cffcrfs,301
www.crf-al.org.br/ministerio-da-saude-vai-reunir-profissionais-para-promocao-do-uso-racional-de-medicamentos/,https://institucional.crf-al.org.br/imprensa/noticias/ministerio-da-saude-vai-reunir-profissionais-para-promocao-do-uso-racional-de-medicamentos,301
www.crf-al.org.br/10817-2/,https://institucional.crf-al.org.br/imprensa/noticias/10817-2,301
www.crf-al.org.br/cannabis-medicinal-e-tema-da-dicol-de-810/,https://institucional.crf-al.org.br/imprensa/noticias/cannabis-medicinal-e-tema-da-dicol-de-810,301
www.crf-al.org.br/nota-de-esclarecimento-4/,https://institucional.crf-al.org.br/imprensa/noticias/nota-de-esclarecimento-4,301
www.crf-al.org.br/esclareca-suas-duvidas-sobre-nova-rdc-no-30419/,https://institucional.crf-al.org.br/imprensa/noticias/esclareca-suas-duvidas-sobre-nova-rdc-no-30419,301
www.crf-al.org.br/eleicoes-2019-tire-suas-duvidas-sobre-o-uso-da-senha/,https://institucional.crf-al.org.br/imprensa/noticias/eleicoes-2019-tire-suas-duvidas-sobre-o-uso-da-senha,301
www.crf-al.org.br/ministerio-publico-de-alagoas-e-crfal-fiscalizam-servico-de-abastecimento-farmaceutico-nas-unidades-de-saude-de-maceio/,https://institucional.crf-al.org.br/imprensa/noticias/ministerio-publico-de-alagoas-e-crfal-fiscalizam-servico-de-abastecimento-farmaceutico-nas-unidades-de-saude-de-maceio,301
www.crf-al.org.br/premio-jayme-torres-2019-inscricoes-vao-ate-25-de-outubro/,https://institucional.crf-al.org.br/imprensa/noticias/premio-jayme-torres-2019-inscricoes-vao-ate-25-de-outubro,301
www.crf-al.org.br/nota-de-pesar-9/,https://institucional.crf-al.org.br/imprensa/noticias/nota-de-pesar-9,301
www.crf-al.org.br/07-o-farmaceutico-faz-minha-vida-melhor/,https://institucional.crf-al.org.br/imprensa/noticias/07-o-farmaceutico-faz-minha-vida-melhor,301
www.crf-al.org.br/nota-de-esclarecimento-3/,https://institucional.crf-al.org.br/imprensa/noticias/nota-de-esclarecimento-3,301
www.crf-al.org.br/inscricoes-para-curso-de-gestao-da-qualidade-em-pesquisa-clinica-terminam-nesta-quinta-feira/,https://institucional.crf-al.org.br/imprensa/noticias/inscricoes-para-curso-de-gestao-da-qualidade-em-pesquisa-clinica-terminam-nesta-quinta-feira,301
www.crf-al.org.br/07-o-farmaceutico-faz-minha-vida-melhor-na-gestao/,https://institucional.crf-al.org.br/imprensa/noticias/07-o-farmaceutico-faz-minha-vida-melhor-na-gestao,301
www.crf-al.org.br/hospital-universitario-comemora-dia-internacional-do-farmaceutico/,https://institucional.crf-al.org.br/imprensa/noticias/hospital-universitario-comemora-dia-internacional-do-farmaceutico,301
www.crf-al.org.br/parabens-farmaceuticos/,https://institucional.crf-al.org.br/imprensa/noticias/parabens-farmaceuticos,301
www.crf-al.org.br/dia-internacional-do-farmaceutico-25-de-setembro/,https://institucional.crf-al.org.br/imprensa/noticias/dia-internacional-do-farmaceutico-25-de-setembro,301
www.crf-al.org.br/farmaceutico-leva-atendimento-populacao-carente-no-interior-do-estado/,https://institucional.crf-al.org.br/imprensa/noticias/farmaceutico-leva-atendimento-populacao-carente-no-interior-do-estado,301
www.crf-al.org.br/06-o-farmaceutico-faz-minha-vida-melhor/,https://institucional.crf-al.org.br/imprensa/noticias/06-o-farmaceutico-faz-minha-vida-melhor,301
www.crf-al.org.br/05-o-farmaceutico-faz-minha-vida-melhor/,https://institucional.crf-al.org.br/imprensa/noticias/05-o-farmaceutico-faz-minha-vida-melhor,301
www.crf-al.org.br/04-o-farmaceutico-faz-minha-vida-melhor/,https://institucional.crf-al.org.br/imprensa/noticias/04-o-farmaceutico-faz-minha-vida-melhor,301
www.crf-al.org.br/cff-recebe-o-premio-fip-de-melhor-campanha-de-promocao-da-saude/,https://institucional.crf-al.org.br/imprensa/noticias/cff-recebe-o-premio-fip-de-melhor-campanha-de-promocao-da-saude,301
www.crf-al.org.br/03-o-farmaceutico-faz-minha-vida-melhor/,https://institucional.crf-al.org.br/imprensa/noticias/03-o-farmaceutico-faz-minha-vida-melhor,301
www.crf-al.org.br/ead-e-destaque-no-encontro-sobre-formacao-profissional-do-fcfas/,https://institucional.crf-al.org.br/imprensa/noticias/ead-e-destaque-no-encontro-sobre-formacao-profissional-do-fcfas,301
www.crf-al.org.br/02-o-farmaceutico-fez-minha-vida-melhor/,https://institucional.crf-al.org.br/imprensa/noticias/02-o-farmaceutico-fez-minha-vida-melhor,301
www.crf-al.org.br/o-farmaceutico-fez-minha-vida-melhor/,https://institucional.crf-al.org.br/imprensa/noticias/o-farmaceutico-fez-minha-vida-melhor,301
www.crf-al.org.br/10578-2/,https://institucional.crf-al.org.br/imprensa/noticias/10578-2,301
www.crf-al.org.br/cff-participa-de-encontro-sobre-formacao-profissional-da-area-da-saude/,https://institucional.crf-al.org.br/imprensa/noticias/cff-participa-de-encontro-sobre-formacao-profissional-da-area-da-saude,301
www.crf-al.org.br/ministerio-da-saude-lanca-campanha-de-combate-ao-aedes-aegypti/,https://institucional.crf-al.org.br/imprensa/noticias/ministerio-da-saude-lanca-campanha-de-combate-ao-aedes-aegypti,301
www.crf-al.org.br/farmaceutica-alagoana-ganha-segundo-lugar-viii-jofah-por-trabalho-desenvolvido-em-hospital-de-maceio/,https://institucional.crf-al.org.br/imprensa/noticias/farmaceutica-alagoana-ganha-segundo-lugar-viii-jofah-por-trabalho-desenvolvido-em-hospital-de-maceio,301
www.crf-al.org.br/ja-atualizou-seus-dados-veja-aqui-como-fazer/,https://institucional.crf-al.org.br/imprensa/noticias/ja-atualizou-seus-dados-veja-aqui-como-fazer,301
www.crf-al.org.br/curso-cuidado-farmaceutico-no-sus-melhora-atendimento-clinico-em-maceio-al/,https://institucional.crf-al.org.br/imprensa/noticias/curso-cuidado-farmaceutico-no-sus-melhora-atendimento-clinico-em-maceio-al,301
www.crf-al.org.br/pf-muda-regras-para-controle-de-produtos-quimicos-no-pais/,https://institucional.crf-al.org.br/imprensa/noticias/pf-muda-regras-para-controle-de-produtos-quimicos-no-pais,301
www.crf-al.org.br/assessores-de-imprensa-apresentam-resultados-da-campanha-sobre-o-uso-racional-de-medicamentos/,https://institucional.crf-al.org.br/imprensa/noticias/assessores-de-imprensa-apresentam-resultados-da-campanha-sobre-o-uso-racional-de-medicamentos,301
www.crf-al.org.br/premio-jayme-torres-2019-inscricoes-vao-de-1o-de-setembro-25-de-outubro/,https://institucional.crf-al.org.br/imprensa/noticias/premio-jayme-torres-2019-inscricoes-vao-de-1o-de-setembro-25-de-outubro,301
www.crf-al.org.br/cff-aprova-resolucao-que-dispoe-sobre-regulamentacao-dos-cursos-livres-de-formacao-complementar/,https://institucional.crf-al.org.br/imprensa/noticias/cff-aprova-resolucao-que-dispoe-sobre-regulamentacao-dos-cursos-livres-de-formacao-complementar,301
www.crf-al.org.br/aviso-de-expediente/,https://institucional.crf-al.org.br/imprensa/noticias/aviso-de-expediente,301
www.crf-al.org.br/10454-2/,https://institucional.crf-al.org.br/imprensa/noticias/10454-2,301
www.crf-al.org.br/estabilidade-de-medicamentos-sera-tema-de-audiencia/,https://institucional.crf-al.org.br/imprensa/noticias/estabilidade-de-medicamentos-sera-tema-de-audiencia,301
www.crf-al.org.br/congresso-de-farmacia-comunitaria/,https://institucional.crf-al.org.br/imprensa/noticias/congresso-de-farmacia-comunitaria,301
www.crf-al.org.br/exame-para-verificacao-do-colesterol-tem-novo-parametro/,https://institucional.crf-al.org.br/imprensa/noticias/exame-para-verificacao-do-colesterol-tem-novo-parametro,301
www.crf-al.org.br/aloe-vera-ajuda-emagrecer/,https://institucional.crf-al.org.br/imprensa/noticias/aloe-vera-ajuda-emagrecer,301
www.crf-al.org.br/ingestao-de-medicamentos-durante-amamentacao/,https://institucional.crf-al.org.br/imprensa/noticias/ingestao-de-medicamentos-durante-amamentacao,301
www.crf-al.org.br/comissao-eleitoral-regional-realiza-sorteio-das-chapas/,https://institucional.crf-al.org.br/imprensa/noticias/comissao-eleitoral-regional-realiza-sorteio-das-chapas,301
www.crf-al.org.br/remedios-podem-ter-imposto-zero-com-reforma-tributaria/,https://institucional.crf-al.org.br/imprensa/noticias/remedios-podem-ter-imposto-zero-com-reforma-tributaria,301
www.crf-al.org.br/sarampo-criancas-que-forem-para-municipios-em-situacao-de-risco-devem-ser-vacinadas/,https://institucional.crf-al.org.br/imprensa/noticias/sarampo-criancas-que-forem-para-municipios-em-situacao-de-risco-devem-ser-vacinadas,301
www.crf-al.org.br/cff-apoia-atividade-sobre-assistencia-farmaceutica-no-sus-durante-16a-conferencia-nacional-de-saude/,https://institucional.crf-al.org.br/imprensa/noticias/cff-apoia-atividade-sobre-assistencia-farmaceutica-no-sus-durante-16a-conferencia-nacional-de-saude,301
www.crf-al.org.br/voce-tem-uma-historia-de-gratidao-ao-farmaceutico/,https://institucional.crf-al.org.br/imprensa/noticias/voce-tem-uma-historia-de-gratidao-ao-farmaceutico,301
www.crf-al.org.br/mais-de-180-pessoas-participaram-de-curso-realizado-pelo-crfal/,https://institucional.crf-al.org.br/imprensa/noticias/mais-de-180-pessoas-participaram-de-curso-realizado-pelo-crfal,301
www.crf-al.org.br/comunicado-2/,https://institucional.crf-al.org.br/imprensa/noticias/comunicado-2,301
www.crf-al.org.br/o-que-e-colegio-eleitoral-do-crf/,https://institucional.crf-al.org.br/imprensa/noticias/o-que-e-colegio-eleitoral-do-crf,301
www.crf-al.org.br/voce-sabe-por-que-fiscalizacao-e-importante/,https://institucional.crf-al.org.br/imprensa/noticias/voce-sabe-por-que-fiscalizacao-e-importante,301
www.crf-al.org.br/forum-dos-conselhos-discute-alteracoes-na-pec-10819/,https://institucional.crf-al.org.br/imprensa/noticias/forum-dos-conselhos-discute-alteracoes-na-pec-10819,301
www.crf-al.org.br/sistema-nacional-de-gerenciamento-produtos-controlados-sngpc-e-tema-de-curso-em-maceio-e-arapiraca/,https://institucional.crf-al.org.br/imprensa/noticias/sistema-nacional-de-gerenciamento-produtos-controlados-sngpc-e-tema-de-curso-em-maceio-e-arapiraca,301
www.crf-al.org.br/o-voto-e-obrigatorio/,https://institucional.crf-al.org.br/imprensa/noticias/o-voto-e-obrigatorio,301
www.crf-al.org.br/crfal-realiza-nona-turma-do-curso-de-aplicacao-de-injetaveis/,https://institucional.crf-al.org.br/imprensa/noticias/crfal-realiza-nona-turma-do-curso-de-aplicacao-de-injetaveis,301
www.crf-al.org.br/sobrames-homenageia-farmaceutico-paulo-sarmento/,https://institucional.crf-al.org.br/imprensa/noticias/sobrames-homenageia-farmaceutico-paulo-sarmento,301
www.crf-al.org.br/operacao-overdose-interdita-estabelecimentos-farmaceuticos-irregulares-e-clandestinos/,https://institucional.crf-al.org.br/imprensa/noticias/operacao-overdose-interdita-estabelecimentos-farmaceuticos-irregulares-e-clandestinos,301
www.crf-al.org.br/farmaceuticos-descobrem-fungo-que-mata-larva-do-vetor-da-dengue/,https://institucional.crf-al.org.br/imprensa/noticias/farmaceuticos-descobrem-fungo-que-mata-larva-do-vetor-da-dengue,301
www.crf-al.org.br/quem-sera-eleito-no-processo-eleitoral-2019/,https://institucional.crf-al.org.br/imprensa/noticias/quem-sera-eleito-no-processo-eleitoral-2019,301
www.crf-al.org.br/quando-e-de-que-forma-vao-ocorrer-as-eleicoes/,https://institucional.crf-al.org.br/imprensa/noticias/quando-e-de-que-forma-vao-ocorrer-as-eleicoes,301
www.crf-al.org.br/posicionamento-sobre-proposta-de-emenda-constituicao-pec-no-1082019/,https://institucional.crf-al.org.br/imprensa/noticias/posicionamento-sobre-proposta-de-emenda-constituicao-pec-no-1082019,301
www.crf-al.org.br/atualizacao-cadastral-veja-como-fazer/,https://institucional.crf-al.org.br/imprensa/noticias/atualizacao-cadastral-veja-como-fazer,301
www.crf-al.org.br/9818-2/,https://institucional.crf-al.org.br/imprensa/noticias/9818-2,301
www.crf-al.org.br/guia-de-uso-do-sisconweb/,https://institucional.crf-al.org.br/imprensa/noticias/guia-de-uso-do-sisconweb,301
www.crf-al.org.br/participe-da-cp-sobre-servicos-farmaceuticos-da-anvisa/,https://institucional.crf-al.org.br/imprensa/noticias/participe-da-cp-sobre-servicos-farmaceuticos-da-anvisa,301
www.crf-al.org.br/fiocruz-brasilia-abre-inscricoes-para-curso-de-atualizacao-em-direito-sanitario/,https://institucional.crf-al.org.br/imprensa/noticias/fiocruz-brasilia-abre-inscricoes-para-curso-de-atualizacao-em-direito-sanitario,301
www.crf-al.org.br/confira-como-foi-o-i-simposio-alagoano-de-dor-do-crfal/,https://institucional.crf-al.org.br/imprensa/noticias/confira-como-foi-o-i-simposio-alagoano-de-dor-do-crfal,301
www.crf-al.org.br/nota-do-sistema-cffcrfs-sobre-mp-no-8812019/,https://institucional.crf-al.org.br/imprensa/noticias/nota-do-sistema-cffcrfs-sobre-mp-no-8812019,301
www.crf-al.org.br/relator-da-mp-88119-futura-lei-da-liberdade-economica-se-compromete-com-o-cff-retirar-proposta-de-venda-de-medicamentos-fora-das-farmacias/,https://institucional.crf-al.org.br/imprensa/noticias/relator-da-mp-88119-futura-lei-da-liberdade-economica-se-compromete-com-o-cff-retirar-proposta-de-venda-de-medicamentos-fora-das-farmacias,301
www.crf-al.org.br/crfal-participa-do-xxxv-conasems/,https://institucional.crf-al.org.br/imprensa/noticias/crfal-participa-do-xxxv-conasems,301
www.crf-al.org.br/anvisa-abre-consulta-publica-sobre-uso-medicinal-do-canabidiol/,https://institucional.crf-al.org.br/imprensa/noticias/anvisa-abre-consulta-publica-sobre-uso-medicinal-do-canabidiol,301
www.crf-al.org.br/curso-de-aplicacao-de-injetaveis/,https://institucional.crf-al.org.br/imprensa/noticias/curso-de-aplicacao-de-injetaveis,301
www.crf-al.org.br/nota-de-apoio-greve-dos-jornalistas-alagoanos-contra-reducao-salarial/,https://institucional.crf-al.org.br/imprensa/noticias/nota-de-apoio-greve-dos-jornalistas-alagoanos-contra-reducao-salarial,301
www.crf-al.org.br/farmacia-marca-presenca-no-xxii-congresso-da-sociedade-brasileira-de-diabetes-em-natal-rn/,https://institucional.crf-al.org.br/imprensa/noticias/farmacia-marca-presenca-no-xxii-congresso-da-sociedade-brasileira-de-diabetes-em-natal-rn,301
www.crf-al.org.br/i-simposio-alagoano-de-dor-do-crfal/,https://institucional.crf-al.org.br/imprensa/noticias/i-simposio-alagoano-de-dor-do-crfal,301
www.crf-al.org.br/sistema-cffcrfs-diz-nao-venda-de-medicamentos-fora-das-farmacias-sem-supervisao-de-farmaceuticos/,https://institucional.crf-al.org.br/imprensa/noticias/sistema-cffcrfs-diz-nao-venda-de-medicamentos-fora-das-farmacias-sem-supervisao-de-farmaceuticos,301
www.crf-al.org.br/confira-o-expediente-do-crfal-partir-desta-quinta-feira/,https://institucional.crf-al.org.br/imprensa/noticias/confira-o-expediente-do-crfal-partir-desta-quinta-feira,301
www.crf-al.org.br/nota-de-pesar-8/,https://institucional.crf-al.org.br/imprensa/noticias/nota-de-pesar-8,301
www.crf-al.org.br/crfal-realiza-curso-em-alusao-ao-dia-nacional-de-combate-doenca-da-asma/,https://institucional.crf-al.org.br/imprensa/noticias/crfal-realiza-curso-em-alusao-ao-dia-nacional-de-combate-doenca-da-asma,301
www.crf-al.org.br/ata-de-abertura-do-processo-eleitoral-2019/,https://institucional.crf-al.org.br/imprensa/noticias/ata-de-abertura-do-processo-eleitoral-2019,301
www.crf-al.org.br/nota-de-esclarecimento-2/,https://institucional.crf-al.org.br/imprensa/noticias/nota-de-esclarecimento-2,301
www.crf-al.org.br/alagoana-recebe-comenda-do-merito-farmaceutico/,https://institucional.crf-al.org.br/imprensa/noticias/alagoana-recebe-comenda-do-merito-farmaceutico,301
www.crf-al.org.br/cff-homenageia-farmaceuticos-com-comenda-do-merito/,https://institucional.crf-al.org.br/imprensa/noticias/cff-homenageia-farmaceuticos-com-comenda-do-merito,301
www.crf-al.org.br/cff-realiza-483a-reuniao-plenaria-em-brasilia/,https://institucional.crf-al.org.br/imprensa/noticias/cff-realiza-483a-reuniao-plenaria-em-brasilia,301
www.crf-al.org.br/diretores-do-crfal-visitam-alunos-do-10o-periodo-de-farmacia-do-cesmac/,https://institucional.crf-al.org.br/imprensa/noticias/diretores-do-crfal-visitam-alunos-do-10o-periodo-de-farmacia-do-cesmac,301
www.crf-al.org.br/atualizacao-do-calendario-de-aulas-do-curso-cuidado-farmaceutico-nas-farmacias-comunitarias/,https://institucional.crf-al.org.br/imprensa/noticias/atualizacao-do-calendario-de-aulas-do-curso-cuidado-farmaceutico-nas-farmacias-comunitarias,301
www.crf-al.org.br/farmaceutico-desenvolve-vacina-contra-leishmaniose/,https://institucional.crf-al.org.br/imprensa/noticias/farmaceutico-desenvolve-vacina-contra-leishmaniose,301
www.crf-al.org.br/cuidado-farmaceutico-em-asma-com-enfase-em-tecnicas-no-uso-dos-dispositivos-inalatorios/,https://institucional.crf-al.org.br/imprensa/noticias/cuidado-farmaceutico-em-asma-com-enfase-em-tecnicas-no-uso-dos-dispositivos-inalatorios,301
www.crf-al.org.br/x-conferencia-nacional-de-educacao-farmaceutica/,https://institucional.crf-al.org.br/imprensa/noticias/x-conferencia-nacional-de-educacao-farmaceutica,301
www.crf-al.org.br/descartedemedicamentos-crfal-participa-da-semana-do-meio-ambiente/,https://institucional.crf-al.org.br/imprensa/noticias/descartedemedicamentos-crfal-participa-da-semana-do-meio-ambiente,301
www.crf-al.org.br/abertura-do-curso-cuidado-farmaceutico-nas-farmacias-comunitarias/,https://institucional.crf-al.org.br/imprensa/noticias/abertura-do-curso-cuidado-farmaceutico-nas-farmacias-comunitarias,301
www.crf-al.org.br/dia-mundial-sem-tabaco/,https://institucional.crf-al.org.br/imprensa/noticias/dia-mundial-sem-tabaco,301
www.crf-al.org.br/nota-sobre-responsabilidade-tecnica-de-farmacias-e-drogarias/,https://institucional.crf-al.org.br/imprensa/noticias/nota-sobre-responsabilidade-tecnica-de-farmacias-e-drogarias,301
www.crf-al.org.br/comissao-de-ensino-discute/,https://institucional.crf-al.org.br/imprensa/noticias/comissao-de-ensino-discute,301
www.crf-al.org.br/rui-palmeira-reinaugura-unidade-de-saude-do-rosane-collor/,https://institucional.crf-al.org.br/imprensa/noticias/rui-palmeira-reinaugura-unidade-de-saude-do-rosane-collor,301
www.crf-al.org.br/inscricoes-prorrogadas-cuidado-farmaceutico-nas-farmacias-comunitaria/,https://institucional.crf-al.org.br/imprensa/noticias/inscricoes-prorrogadas-cuidado-farmaceutico-nas-farmacias-comunitaria,301
www.crf-al.org.br/482o-reuniao-plenaria-do-conselho-federal-de-farmacia/,https://institucional.crf-al.org.br/imprensa/noticias/482o-reuniao-plenaria-do-conselho-federal-de-farmacia,301
www.crf-al.org.br/nota-de-esclarecimento/,https://institucional.crf-al.org.br/imprensa/noticias/nota-de-esclarecimento,301
www.crf-al.org.br/confira-como-foi-o-i-simposio-alagoano-de-estetica-e-suplementacao-nutricional/,https://institucional.crf-al.org.br/imprensa/noticias/confira-como-foi-o-i-simposio-alagoano-de-estetica-e-suplementacao-nutricional,301
www.crf-al.org.br/crfal-denuncia-vigilancia-sanitaria-estabelecimentos-irregulares-em-arapiraca/,https://institucional.crf-al.org.br/imprensa/noticias/crfal-denuncia-vigilancia-sanitaria-estabelecimentos-irregulares-em-arapiraca,301
www.crf-al.org.br/cff-realiza-pesquisa-para-avaliar-o-enade/,https://institucional.crf-al.org.br/imprensa/noticias/cff-realiza-pesquisa-para-avaliar-o-enade,301
www.crf-al.org.br/x-conferencia-nacional-de-educacao-farmaceutica-sera-realizada-em-junho/,https://institucional.crf-al.org.br/imprensa/noticias/x-conferencia-nacional-de-educacao-farmaceutica-sera-realizada-em-junho,301
www.crf-al.org.br/veja-como-foi-acao-social-sobre-o-uso-racional-de-medicamentos-em-arapiraca/,https://institucional.crf-al.org.br/imprensa/noticias/veja-como-foi-acao-social-sobre-o-uso-racional-de-medicamentos-em-arapiraca,301
www.crf-al.org.br/veja-repercussao-da-pesquisa-sobre-uso-racional-de-medicamentos-na-midia/,https://institucional.crf-al.org.br/imprensa/noticias/veja-repercussao-da-pesquisa-sobre-uso-racional-de-medicamentos-na-midia,301
www.crf-al.org.br/inscricoes-gratuitas-para-o-3o-meeting-nacional-de-farmacia-clinica/,https://institucional.crf-al.org.br/imprensa/noticias/inscricoes-gratuitas-para-o-3o-meeting-nacional-de-farmacia-clinica,301
www.crf-al.org.br/ultimos-dias-para-matricula-no-curso-cuidado-farmaceutico-nas-farmacias-comunitarias/,https://institucional.crf-al.org.br/imprensa/noticias/ultimos-dias-para-matricula-no-curso-cuidado-farmaceutico-nas-farmacias-comunitarias,301
www.crf-al.org.br/i-simposio-alagoano-de-estetica-e-suplementacao-nutricional/,https://institucional.crf-al.org.br/imprensa/noticias/i-simposio-alagoano-de-estetica-e-suplementacao-nutricional,301
www.crf-al.org.br/confira-como-foi-acao-social-em-alusao-ao-uso-racional-de-medicamentos/,https://institucional.crf-al.org.br/imprensa/noticias/confira-como-foi-acao-social-em-alusao-ao-uso-racional-de-medicamentos,301
www.crf-al.org.br/usoracionaldemedicamentos-5/,https://institucional.crf-al.org.br/imprensa/noticias/usoracionaldemedicamentos-5,301
www.crf-al.org.br/usoracionaldemedicamentos-4/,https://institucional.crf-al.org.br/imprensa/noticias/usoracionaldemedicamentos-4,301
www.crf-al.org.br/usoracionaldemedicamentos-3/,https://institucional.crf-al.org.br/imprensa/noticias/usoracionaldemedicamentos-3,301
www.crf-al.org.br/vale-do-reginaldo-recebe-acao-social-voltada-ao-uso-racional-de-medicamentos/,https://institucional.crf-al.org.br/imprensa/noticias/vale-do-reginaldo-recebe-acao-social-voltada-ao-uso-racional-de-medicamentos,301
www.crf-al.org.br/usoracionaldemedicamentos-2/,https://institucional.crf-al.org.br/imprensa/noticias/usoracionaldemedicamentos-2,301
www.crf-al.org.br/usoracionaldemedicamentos/,https://institucional.crf-al.org.br/imprensa/noticias/usoracionaldemedicamentos,301
www.crf-al.org.br/rastreamento-feito-pelo-cff-constata-um-em-cada-5-brasileiros-pode-ter-diabetes/,https://institucional.crf-al.org.br/imprensa/noticias/rastreamento-feito-pelo-cff-constata-um-em-cada-5-brasileiros-pode-ter-diabetes,301
www.crf-al.org.br/quase-metade-dos-brasileiros-que-usaram-medicamentos-nos-ultimos-seis-meses-se-automedicou-ate-uma-vez-por-mes/,https://institucional.crf-al.org.br/imprensa/noticias/quase-metade-dos-brasileiros-que-usaram-medicamentos-nos-ultimos-seis-meses-se-automedicou-ate-uma-vez-por-mes,301
www.crf-al.org.br/brasilia-sedia-o-i-congresso-de-ciencias-farmaceuticas-do-centro-oeste/,https://institucional.crf-al.org.br/imprensa/noticias/brasilia-sedia-o-i-congresso-de-ciencias-farmaceuticas-do-centro-oeste,301
www.crf-al.org.br/nota-de-repudio/,https://institucional.crf-al.org.br/imprensa/noticias/nota-de-repudio,301
www.crf-al.org.br/justica-garante-atuacao-do-farmaceutico-na-citologia/,https://institucional.crf-al.org.br/imprensa/noticias/justica-garante-atuacao-do-farmaceutico-na-citologia,301
www.crf-al.org.br/ministerio-da-saude-abre-cursos-para-qualificacao-da-assistencia-farmaceutica-no-sus/,https://institucional.crf-al.org.br/imprensa/noticias/ministerio-da-saude-abre-cursos-para-qualificacao-da-assistencia-farmaceutica-no-sus,301
www.crf-al.org.br/brasil-adota-imunizacao-e-vacinacao-como-tema-do-dia-mundial-da-saude/,https://institucional.crf-al.org.br/imprensa/noticias/brasil-adota-imunizacao-e-vacinacao-como-tema-do-dia-mundial-da-saude,301
www.crf-al.org.br/farmaceuticos-recebem-certificados-do-curso-cuidado-farmaceutico-no-sus/,https://institucional.crf-al.org.br/imprensa/noticias/farmaceuticos-recebem-certificados-do-curso-cuidado-farmaceutico-no-sus,301
www.crf-al.org.br/justica-reconhece-o-farmaceutico-nas-distribuidoras-de-medicamentos/,https://institucional.crf-al.org.br/imprensa/noticias/justica-reconhece-o-farmaceutico-nas-distribuidoras-de-medicamentos,301
www.crf-al.org.br/valorizacao-profissional-e-cuidados-farmaceuticos-inscricoes-abertas/,https://institucional.crf-al.org.br/imprensa/noticias/valorizacao-profissional-e-cuidados-farmaceuticos-inscricoes-abertas,301
www.crf-al.org.br/lxv-reuniao-geral-dos-conselhos-federal-e-regionais-de-farmacia-discute-temas-de-interesse-da-profissao/,https://institucional.crf-al.org.br/imprensa/noticias/lxv-reuniao-geral-dos-conselhos-federal-e-regionais-de-farmacia-discute-temas-de-interesse-da-profissao,301
www.crf-al.org.br/estao-abertas-as-inscricoes-do-curso-cuidado-farmaceutico-em-farmacias-comunitarias-capacitacao-em-servico/,https://institucional.crf-al.org.br/imprensa/noticias/estao-abertas-as-inscricoes-do-curso-cuidado-farmaceutico-em-farmacias-comunitarias-capacitacao-em-servico,301
www.crf-al.org.br/ministerio-da-saude-faz-campanha-publicitaria-de-alerta-sobre-tuberculose/,https://institucional.crf-al.org.br/imprensa/noticias/ministerio-da-saude-faz-campanha-publicitaria-de-alerta-sobre-tuberculose,301
www.crf-al.org.br/crf-al-recebe-apoio-do-conselho-de-medicina-contra-as-prescricoes-ilegiveis/,https://institucional.crf-al.org.br/imprensa/noticias/crf-al-recebe-apoio-do-conselho-de-medicina-contra-as-prescricoes-ilegiveis,301
www.crf-al.org.br/confira-como-foi-o-i-simposio-alagoanos-de-farmacia-hospitalar/,https://institucional.crf-al.org.br/imprensa/noticias/confira-como-foi-o-i-simposio-alagoanos-de-farmacia-hospitalar,301
www.crf-al.org.br/micromedex-libera-acesso-gratuito-por-30-dias-veja-como-acessar/,https://institucional.crf-al.org.br/imprensa/noticias/micromedex-libera-acesso-gratuito-por-30-dias-veja-como-acessar,301
www.crf-al.org.br/propostas-para-16a-cns-sao-apresentadas-ao-plenario-do-cff/,https://institucional.crf-al.org.br/imprensa/noticias/propostas-para-16a-cns-sao-apresentadas-ao-plenario-do-cff,301
www.crf-al.org.br/nota-de-pesar-7/,https://institucional.crf-al.org.br/imprensa/noticias/nota-de-pesar-7,301
www.crf-al.org.br/aviso-expediente-de-carnaval/,https://institucional.crf-al.org.br/imprensa/noticias/aviso-expediente-de-carnaval,301
www.crf-al.org.br/boletim-farmaceutico-relembre-as-acoes-do-conselho-nos-ultimos-seis-meses/,https://institucional.crf-al.org.br/imprensa/noticias/boletim-farmaceutico-relembre-as-acoes-do-conselho-nos-ultimos-seis-meses,301
www.crf-al.org.br/estaoabertasasincricoesparaoisimposio-alagoano-de-farmacia-hospitalar/,https://institucional.crf-al.org.br/imprensa/noticias/estaoabertasasincricoesparaoisimposio-alagoano-de-farmacia-hospitalar,301
www.crf-al.org.br/cuidados-com-pele-no-verao/,https://institucional.crf-al.org.br/imprensa/noticias/cuidados-com-pele-no-verao,301
www.crf-al.org.br/saiba-como-se-prevenir-contra-o-hpv/,https://institucional.crf-al.org.br/imprensa/noticias/saiba-como-se-prevenir-contra-o-hpv,301
www.crf-al.org.br/minicurso-sobre-diabetes-atrai-profissionais-e-estudantes/,https://institucional.crf-al.org.br/imprensa/noticias/minicurso-sobre-diabetes-atrai-profissionais-e-estudantes,301
www.crf-al.org.br/aprovados-no-ultimo-concurso-iniciam-atividades-no-crf-al/,https://institucional.crf-al.org.br/imprensa/noticias/aprovados-no-ultimo-concurso-iniciam-atividades-no-crf-al,301
www.crf-al.org.br/comissao-de-ensino-define-programacao-para-o-i-simposio-alagoano-de-farmacia-hospitalar/,https://institucional.crf-al.org.br/imprensa/noticias/comissao-de-ensino-define-programacao-para-o-i-simposio-alagoano-de-farmacia-hospitalar,301
www.crf-al.org.br/entrevista-farmaceutica-fala-do-hpv/,https://institucional.crf-al.org.br/imprensa/noticias/entrevista-farmaceutica-fala-do-hpv,301
www.crf-al.org.br/publicado-o-acordao-manipulacao-de-antineoplasicos-e-privativa-do-farmaceutico/,https://institucional.crf-al.org.br/imprensa/noticias/publicado-o-acordao-manipulacao-de-antineoplasicos-e-privativa-do-farmaceutico,301
www.crf-al.org.br/receitas-passam-ter-validade-em-todo-o-pais/,https://institucional.crf-al.org.br/imprensa/noticias/receitas-passam-ter-validade-em-todo-o-pais,301
www.crf-al.org.br/termina-no-dia-07-o-prazo-para-contribuicoes-cp-no-0618/,https://institucional.crf-al.org.br/imprensa/noticias/termina-no-dia-07-o-prazo-para-contribuicoes-cp-no-0618,301
www.crf-al.org.br/consulta-publica-atribuicoes-do-farmaceutico-na-logistica-de-medicamentos/,https://institucional.crf-al.org.br/imprensa/noticias/consulta-publica-atribuicoes-do-farmaceutico-na-logistica-de-medicamentos,301
www.crf-al.org.br/cff-proibe-registro-de-diplomas-de-cursos-ead/,https://institucional.crf-al.org.br/imprensa/noticias/cff-proibe-registro-de-diplomas-de-cursos-ead,301
www.crf-al.org.br/dispensa-de-antibioticos-somente-com-receita-e-com-orientacao-do-farmaceutico/,https://institucional.crf-al.org.br/imprensa/noticias/dispensa-de-antibioticos-somente-com-receita-e-com-orientacao-do-farmaceutico,301
www.crf-al.org.br/minicurso-sobre-valorizacao-profissional-encerra-dia-nacional-do-farmaceutico/,https://institucional.crf-al.org.br/imprensa/noticias/minicurso-sobre-valorizacao-profissional-encerra-dia-nacional-do-farmaceutico,301
www.crf-al.org.br/hospital-universitario-comemora-dia-nacional-do-farmaceutico/,https://institucional.crf-al.org.br/imprensa/noticias/hospital-universitario-comemora-dia-nacional-do-farmaceutico,301
www.crf-al.org.br/crf-al-realiza-palestra-sobre-desafios-no-tratamento-da-obesidade/,https://institucional.crf-al.org.br/imprensa/noticias/crf-al-realiza-palestra-sobre-desafios-no-tratamento-da-obesidade,301
www.crf-al.org.br/cff-vai-regulamentar-dispensacao-por-receituario-eletronico/,https://institucional.crf-al.org.br/imprensa/noticias/cff-vai-regulamentar-dispensacao-por-receituario-eletronico,301
www.crf-al.org.br/conselho-realiza-acao-de-saude-no-vale-de-reginaldo/,https://institucional.crf-al.org.br/imprensa/noticias/conselho-realiza-acao-de-saude-no-vale-de-reginaldo,301
www.crf-al.org.br/confira-programacao-do-dia-nacional-do-farmaceutico/,https://institucional.crf-al.org.br/imprensa/noticias/confira-programacao-do-dia-nacional-do-farmaceutico,301
www.crf-al.org.br/brasil-e-segundo-pais-no-mundo-em-casos-de-hanseniase/,https://institucional.crf-al.org.br/imprensa/noticias/brasil-e-segundo-pais-no-mundo-em-casos-de-hanseniase,301
www.crf-al.org.br/os-desafios-da-lei-da-legibilidade-da-prescricao/,https://institucional.crf-al.org.br/imprensa/noticias/os-desafios-da-lei-da-legibilidade-da-prescricao,301
www.crf-al.org.br/alto-consumo-de-antibioticos-no-brasil-preocupa-especialistas/,https://institucional.crf-al.org.br/imprensa/noticias/alto-consumo-de-antibioticos-no-brasil-preocupa-especialistas,301
www.crf-al.org.br/crfal-disponibiliza-boletos-para-quitacao-da-anuidade-de-2019/,https://institucional.crf-al.org.br/imprensa/noticias/crfal-disponibiliza-boletos-para-quitacao-da-anuidade-de-2019,301
www.crf-al.org.br/campanha-nacional-no-combate-diabetes-chega-maceio/,https://institucional.crf-al.org.br/imprensa/noticias/campanha-nacional-no-combate-diabetes-chega-maceio,301
www.crf-al.org.br/rastreamento-de-diabetes-ultrapassa-19-mil-atendimentos/,https://institucional.crf-al.org.br/imprensa/noticias/rastreamento-de-diabetes-ultrapassa-19-mil-atendimentos,301
www.crf-al.org.br/cff-abre-consulta-publica-sobre-atribuicoes-do-farmaceutico-na-logistica-de-medicamentos/,https://institucional.crf-al.org.br/imprensa/noticias/cff-abre-consulta-publica-sobre-atribuicoes-do-farmaceutico-na-logistica-de-medicamentos,301
www.crf-al.org.br/camara-tecnica-divulga-nota-sobre-ead/,https://institucional.crf-al.org.br/imprensa/noticias/camara-tecnica-divulga-nota-sobre-ead,301
www.crf-al.org.br/recesso-de-final-de-ano/,https://institucional.crf-al.org.br/imprensa/noticias/recesso-de-final-de-ano,301
www.crf-al.org.br/8097-2/,https://institucional.crf-al.org.br/imprensa/noticias/8097-2,301
www.crf-al.org.br/8093-2/,https://institucional.crf-al.org.br/imprensa/noticias/8093-2,301
www.crf-al.org.br/reajuste-de-anuidade-foi-aprovado-em-reuniao-plenaria-do-cff/,https://institucional.crf-al.org.br/imprensa/noticias/reajuste-de-anuidade-foi-aprovado-em-reuniao-plenaria-do-cff,301
www.crf-al.org.br/tratamento-homeopatico-e-baseado-no-principio-de-que-semelhante-cura-semelhante/,https://institucional.crf-al.org.br/imprensa/noticias/tratamento-homeopatico-e-baseado-no-principio-de-que-semelhante-cura-semelhante,301
www.crf-al.org.br/cuidado-farmaceutico-na-saude-mental-e-tema-de-palestra-no-crfal/,https://institucional.crf-al.org.br/imprensa/noticias/cuidado-farmaceutico-na-saude-mental-e-tema-de-palestra-no-crfal,301
www.crf-al.org.br/farmacias-realizam-testes-gratuitos-para-identificar-casos-suspeitos-de-diabetes/,https://institucional.crf-al.org.br/imprensa/noticias/farmacias-realizam-testes-gratuitos-para-identificar-casos-suspeitos-de-diabetes,301
www.crf-al.org.br/8057-2/,https://institucional.crf-al.org.br/imprensa/noticias/8057-2,301
www.crf-al.org.br/reuniao-plenaria-acontecera-em-arapiraca/,https://institucional.crf-al.org.br/imprensa/noticias/reuniao-plenaria-acontecera-em-arapiraca,301
www.crf-al.org.br/confira-o-nosso-horario-de-expediente-durante-o-feriado/,https://institucional.crf-al.org.br/imprensa/noticias/confira-o-nosso-horario-de-expediente-durante-o-feriado,301
www.crf-al.org.br/fiscalizacao-crf-al-autua-12-estabelecimentos-de-saude-em-arapiraca/,https://institucional.crf-al.org.br/imprensa/noticias/fiscalizacao-crf-al-autua-12-estabelecimentos-de-saude-em-arapiraca,301
www.crf-al.org.br/cff-aprova-resolucao-que-trata-do-cuidado-farmaceutico-as-pessoas-com-deficiencia/,https://institucional.crf-al.org.br/imprensa/noticias/cff-aprova-resolucao-que-trata-do-cuidado-farmaceutico-as-pessoas-com-deficiencia,301
www.crf-al.org.br/conselheiro-do-crfal-participa-de-audiencia-publica-sobre-cancer-de-mama/,https://institucional.crf-al.org.br/imprensa/noticias/conselheiro-do-crfal-participa-de-audiencia-publica-sobre-cancer-de-mama,301
www.crf-al.org.br/cartilha-pode-ajudar-na-reducao-de-processos-para-aquisicao-de-medicamentos/,https://institucional.crf-al.org.br/imprensa/noticias/cartilha-pode-ajudar-na-reducao-de-processos-para-aquisicao-de-medicamentos,301
www.crf-al.org.br/presidente-do-crfal-participa-de-encontro-que-discute-mudancas-no-codigo-de-etica/,https://institucional.crf-al.org.br/imprensa/noticias/presidente-do-crfal-participa-de-encontro-que-discute-mudancas-no-codigo-de-etica,301
www.crf-al.org.br/presidente-do-crfal-conversa-com-estudantes-da-rede-estadual-de-ensino/,https://institucional.crf-al.org.br/imprensa/noticias/presidente-do-crfal-conversa-com-estudantes-da-rede-estadual-de-ensino,301
www.crf-al.org.br/fiscais-do-crfal-participam-de-encontro-em-brasilia/,https://institucional.crf-al.org.br/imprensa/noticias/fiscais-do-crfal-participam-de-encontro-em-brasilia,301
www.crf-al.org.br/convocacao-reuniao-plenaria/,https://institucional.crf-al.org.br/imprensa/noticias/convocacao-reuniao-plenaria,301
www.crf-al.org.br/nota-de-pesar-6/,https://institucional.crf-al.org.br/imprensa/noticias/nota-de-pesar-6,301
www.crf-al.org.br/ii-congresso-alagoano-de-ciencias-farmaceuticas-tem-103-trabalhos-apresentados/,https://institucional.crf-al.org.br/imprensa/noticias/ii-congresso-alagoano-de-ciencias-farmaceuticas-tem-103-trabalhos-apresentados,301
www.crf-al.org.br/palestras-trazem-temas-que-tratam-desde-gestao-ate-relacao-clientepaciente/,https://institucional.crf-al.org.br/imprensa/noticias/palestras-trazem-temas-que-tratam-desde-gestao-ate-relacao-clientepaciente,301
www.crf-al.org.br/congresso-alagoano-reune-mais-de-300-participantes-em-maceio/,https://institucional.crf-al.org.br/imprensa/noticias/congresso-alagoano-reune-mais-de-300-participantes-em-maceio,301
www.crf-al.org.br/crfal-realiza-segunda-edicao-de-curso-de-injetaveis-em-arapiraca/,https://institucional.crf-al.org.br/imprensa/noticias/crfal-realiza-segunda-edicao-de-curso-de-injetaveis-em-arapiraca,301
www.crf-al.org.br/crfal-promove-ii-congresso-alagoano-de-ciencias-farmaceuticas/,https://institucional.crf-al.org.br/imprensa/noticias/crfal-promove-ii-congresso-alagoano-de-ciencias-farmaceuticas,301
www.crf-al.org.br/diretoria-do-crfal-convoca-farmaceuticos-para-reuniao-plenaria/,https://institucional.crf-al.org.br/imprensa/noticias/diretoria-do-crfal-convoca-farmaceuticos-para-reuniao-plenaria,301
www.crf-al.org.br/crfal-participa-de-acao-de-saude-promovida-pela-igreja-adventista/,https://institucional.crf-al.org.br/imprensa/noticias/crfal-participa-de-acao-de-saude-promovida-pela-igreja-adventista,301
www.crf-al.org.br/farmaceuticos-proprietarios-participam-de-encontro-no-crfal/,https://institucional.crf-al.org.br/imprensa/noticias/farmaceuticos-proprietarios-participam-de-encontro-no-crfal,301
www.crf-al.org.br/membros-do-crfal-participam-da-2a-conferencia-nacional-dos-conselhos-profissionais/,https://institucional.crf-al.org.br/imprensa/noticias/membros-do-crfal-participam-da-2a-conferencia-nacional-dos-conselhos-profissionais,301
www.crf-al.org.br/estado-e-municipio-de-maceio-sao-condenados-pela-ausencia-farmaceuticos-em-fiscalizacao/,https://institucional.crf-al.org.br/imprensa/noticias/estado-e-municipio-de-maceio-sao-condenados-pela-ausencia-farmaceuticos-em-fiscalizacao,301
www.crf-al.org.br/farmaceuticos-podem-aplicar-toxina-butolinica/,https://institucional.crf-al.org.br/imprensa/noticias/farmaceuticos-podem-aplicar-toxina-butolinica,301
www.crf-al.org.br/crfal-presta-contas-dos-primeiros-semestres-de-gestao/,https://institucional.crf-al.org.br/imprensa/noticias/crfal-presta-contas-dos-primeiros-semestres-de-gestao,301
www.crf-al.org.br/farmaceutico-comemora-um-ano-de-farmacia-com-acao-de-promocao-saude/,https://institucional.crf-al.org.br/imprensa/noticias/farmaceutico-comemora-um-ano-de-farmacia-com-acao-de-promocao-saude,301
www.crf-al.org.br/crfal-doa-50-cremes-dentais-e-50-sabonetes-para-lar-de-idosos/,https://institucional.crf-al.org.br/imprensa/noticias/crfal-doa-50-cremes-dentais-e-50-sabonetes-para-lar-de-idosos,301
www.crf-al.org.br/nota-de-pesar-5/,https://institucional.crf-al.org.br/imprensa/noticias/nota-de-pesar-5,301
www.crf-al.org.br/implantacao-de-servico-de-vacinacao-e-tema-de-curso-no-crfal/,https://institucional.crf-al.org.br/imprensa/noticias/implantacao-de-servico-de-vacinacao-e-tema-de-curso-no-crfal,301
www.crf-al.org.br/uso-de-medicamentos-durante-amamentacao-deve-ser-orientado-por-farmaceutico/,https://institucional.crf-al.org.br/imprensa/noticias/uso-de-medicamentos-durante-amamentacao-deve-ser-orientado-por-farmaceutico,301
www.crf-al.org.br/presidente-do-crfal-participa-da-reuniao-plenaria-em-brasilia/,https://institucional.crf-al.org.br/imprensa/noticias/presidente-do-crfal-participa-da-reuniao-plenaria-em-brasilia,301
www.crf-al.org.br/campanha-de-descarte-recebe-76kg-de-medicamentos-vencidos-em-maceio-e-arapiraca/,https://institucional.crf-al.org.br/imprensa/noticias/campanha-de-descarte-recebe-76kg-de-medicamentos-vencidos-em-maceio-e-arapiraca,301
www.crf-al.org.br/anvisa-aprova-generico-para-tratamento-do-cancer-de-mama/,https://institucional.crf-al.org.br/imprensa/noticias/anvisa-aprova-generico-para-tratamento-do-cancer-de-mama,301
www.crf-al.org.br/cessacao-de-tabagismo-e-tema-do-curso-promovido-pela-educacao-continuada/,https://institucional.crf-al.org.br/imprensa/noticias/cessacao-de-tabagismo-e-tema-do-curso-promovido-pela-educacao-continuada,301
www.crf-al.org.br/ciencia-e-tecnologia-aprova-letra-legivel-em-receitas/,https://institucional.crf-al.org.br/imprensa/noticias/ciencia-e-tecnologia-aprova-letra-legivel-em-receitas,301
www.crf-al.org.br/cff-participa-ativamente-da-construcao-da-politica-nacional-de-vigilancia-em-saude/,https://institucional.crf-al.org.br/imprensa/noticias/cff-participa-ativamente-da-construcao-da-politica-nacional-de-vigilancia-em-saude,301
www.crf-al.org.br/crfal-fecha-parceria-com-escola-em-arapiraca/,https://institucional.crf-al.org.br/imprensa/noticias/crfal-fecha-parceria-com-escola-em-arapiraca,301
www.crf-al.org.br/justica-reafirma-autoridade-tecnica-do-farmaceutico-na-prescricao-de-medicamentos/,https://institucional.crf-al.org.br/imprensa/noticias/justica-reafirma-autoridade-tecnica-do-farmaceutico-na-prescricao-de-medicamentos,301
www.crf-al.org.br/farmaceutico-esta-entre-os-15-profissionais-no-topo-do-ranking-de-empregos-formais/,https://institucional.crf-al.org.br/imprensa/noticias/farmaceutico-esta-entre-os-15-profissionais-no-topo-do-ranking-de-empregos-formais,301
www.crf-al.org.br/crfal-ganha-novamente-acao-contra-hospital-psiquiatrico/,https://institucional.crf-al.org.br/imprensa/noticias/crfal-ganha-novamente-acao-contra-hospital-psiquiatrico,301
www.crf-al.org.br/farmacia-atende-cerca-de-100-pessoas-em-acao-de-assistencia-farmaceutica/,https://institucional.crf-al.org.br/imprensa/noticias/farmacia-atende-cerca-de-100-pessoas-em-acao-de-assistencia-farmaceutica,301
www.crf-al.org.br/crfal-informa-horario-de-funcionamento-na-segunda-02/,https://institucional.crf-al.org.br/imprensa/noticias/crfal-informa-horario-de-funcionamento-na-segunda-02,301
www.crf-al.org.br/farmaceutico-proprietario-reinaugura-loja-em-sao-luiz-do-quitunde/,https://institucional.crf-al.org.br/imprensa/noticias/farmaceutico-proprietario-reinaugura-loja-em-sao-luiz-do-quitunde,301
www.crf-al.org.br/crfal-informa-horario-de-funcionamento/,https://institucional.crf-al.org.br/imprensa/noticias/crfal-informa-horario-de-funcionamento,301
www.crf-al.org.br/crfal-lanca-campanha-de-descarte-de-medicamentos-em-maceio-e-arapiraca/,https://institucional.crf-al.org.br/imprensa/noticias/crfal-lanca-campanha-de-descarte-de-medicamentos-em-maceio-e-arapiraca,301
www.crf-al.org.br/membros-do-crfal-fazem-visita-tecnica-para-conhecer-funcionamento-do-crfrs/,https://institucional.crf-al.org.br/imprensa/noticias/membros-do-crfal-fazem-visita-tecnica-para-conhecer-funcionamento-do-crfrs,301
www.crf-al.org.br/nota-de-pesar-4/,https://institucional.crf-al.org.br/imprensa/noticias/nota-de-pesar-4,301
www.crf-al.org.br/farmaceuticos-recebem-carteiras-profissionais/,https://institucional.crf-al.org.br/imprensa/noticias/farmaceuticos-recebem-carteiras-profissionais,301
www.crf-al.org.br/audiencia-publica-sobre-ead-na-assembleia-conta-com-presenca-de-conselheiros-do-crfal/,https://institucional.crf-al.org.br/imprensa/noticias/audiencia-publica-sobre-ead-na-assembleia-conta-com-presenca-de-conselheiros-do-crfal,301
www.crf-al.org.br/presidente-do-crfal-participa-de-reuniao-plenaria-em-brasilia-2/,https://institucional.crf-al.org.br/imprensa/noticias/presidente-do-crfal-participa-de-reuniao-plenaria-em-brasilia-2,301
www.crf-al.org.br/fiscal-do-crfal-participa-de-capacitacao-em-radiofarmacia/,https://institucional.crf-al.org.br/imprensa/noticias/fiscal-do-crfal-participa-de-capacitacao-em-radiofarmacia,301
www.crf-al.org.br/uso-de-medicamentos-por-gestantes/,https://institucional.crf-al.org.br/imprensa/noticias/uso-de-medicamentos-por-gestantes,301
www.crf-al.org.br/cff-lanca-projeto-cuidado-farmaceutico-na-farmacia-comunitaria/,https://institucional.crf-al.org.br/imprensa/noticias/cff-lanca-projeto-cuidado-farmaceutico-na-farmacia-comunitaria,301
www.crf-al.org.br/minuta-de-lei-sobre-vacinacao-e-entregue-deputado-depois-de-aprovacao/,https://institucional.crf-al.org.br/imprensa/noticias/minuta-de-lei-sobre-vacinacao-e-entregue-deputado-depois-de-aprovacao,301
www.crf-al.org.br/curso-de-interpretacao-de-exames-laboratoriais-atrai-mais-de-60-pessoas-para-o-crfal/,https://institucional.crf-al.org.br/imprensa/noticias/curso-de-interpretacao-de-exames-laboratoriais-atrai-mais-de-60-pessoas-para-o-crfal,301
www.crf-al.org.br/crfal-pede-interdicao-de-160-farmacias-em-maceio/,https://institucional.crf-al.org.br/imprensa/noticias/crfal-pede-interdicao-de-160-farmacias-em-maceio,301
www.crf-al.org.br/membros-da-comissao-de-oncologia-participam-de-encontro-no-rio-de-janeiro/,https://institucional.crf-al.org.br/imprensa/noticias/membros-da-comissao-de-oncologia-participam-de-encontro-no-rio-de-janeiro,301
www.crf-al.org.br/presidente-do-crfal-participa-de-audiencia-publica-no-congresso-sobre-ead/,https://institucional.crf-al.org.br/imprensa/noticias/presidente-do-crfal-participa-de-audiencia-publica-no-congresso-sobre-ead,301
www.crf-al.org.br/ead-secretario-geral-do-crfal-participa-da-discussao-em-brasilia/,https://institucional.crf-al.org.br/imprensa/noticias/ead-secretario-geral-do-crfal-participa-da-discussao-em-brasilia,301
www.crf-al.org.br/sindfal-realiza-vacinacao-na-proxima-terca-feira-15/,https://institucional.crf-al.org.br/imprensa/noticias/sindfal-realiza-vacinacao-na-proxima-terca-feira-15,301
www.crf-al.org.br/cff-convoca-secretario-geral-do-crfal-para-debate-do-ensino-distancia/,https://institucional.crf-al.org.br/imprensa/noticias/cff-convoca-secretario-geral-do-crfal-para-debate-do-ensino-distancia,301
www.crf-al.org.br/campanha-atende-mais-de-100-pacientes-em-maceio/,https://institucional.crf-al.org.br/imprensa/noticias/campanha-atende-mais-de-100-pacientes-em-maceio,301
www.crf-al.org.br/plenaria-discute-minuta-de-lei-que-trata-de-aplicacao-de-vacinas-em-farmacias/,https://institucional.crf-al.org.br/imprensa/noticias/plenaria-discute-minuta-de-lei-que-trata-de-aplicacao-de-vacinas-em-farmacias,301
www.crf-al.org.br/crf-faz-campanha-sobre-importancia-do-acompanhamento-farmaceutico/,https://institucional.crf-al.org.br/imprensa/noticias/crf-faz-campanha-sobre-importancia-do-acompanhamento-farmaceutico,301
www.crf-al.org.br/comissao-de-farmacia-oncologica-se-reune-para-definir-acoes-em-2018/,https://institucional.crf-al.org.br/imprensa/noticias/comissao-de-farmacia-oncologica-se-reune-para-definir-acoes-em-2018,301
www.crf-al.org.br/7545-2/,https://institucional.crf-al.org.br/imprensa/noticias/7545-2,301
www.crf-al.org.br/vice-presidente-do-crfal-se-reune-com-vigilancia-sanitaria-de-arapiraca/,https://institucional.crf-al.org.br/imprensa/noticias/vice-presidente-do-crfal-se-reune-com-vigilancia-sanitaria-de-arapiraca,301
www.crf-al.org.br/diabetes-hipertensao-e-administracao-de-medicamentos-injetaveis-sao-temas-do-segundo-dia-do-curso-valorizacao-profissional/,https://institucional.crf-al.org.br/imprensa/noticias/diabetes-hipertensao-e-administracao-de-medicamentos-injetaveis-sao-temas-do-segundo-dia-do-curso-valorizacao-profissional,301
www.crf-al.org.br/tenha-atitude-e-faca-diferenca-palestra-de-abertura-do-curso-de-valorizacao-profissional/,https://institucional.crf-al.org.br/imprensa/noticias/tenha-atitude-e-faca-diferenca-palestra-de-abertura-do-curso-de-valorizacao-profissional,301
www.crf-al.org.br/crf-informa-que-nao-havera-expediente-na-segunda-feira-30/,https://institucional.crf-al.org.br/imprensa/noticias/crf-informa-que-nao-havera-expediente-na-segunda-feira-30,301
www.crf-al.org.br/nota-de-esclarecimento-sobre-atuacao-dos-farmaceuticos-na-area-da-estetica/,https://institucional.crf-al.org.br/imprensa/noticias/nota-de-esclarecimento-sobre-atuacao-dos-farmaceuticos-na-area-da-estetica,301
www.crf-al.org.br/presidente-do-crfal-se-reune-para-discutir-avancos-dos-cuidados-farmaceuticos-na-capital/,https://institucional.crf-al.org.br/imprensa/noticias/presidente-do-crfal-se-reune-para-discutir-avancos-dos-cuidados-farmaceuticos-na-capital,301
www.crf-al.org.br/mais-de-50-dos-pacientes-hipertensos-no-brasil-nao-controlam-doenca/,https://institucional.crf-al.org.br/imprensa/noticias/mais-de-50-dos-pacientes-hipertensos-no-brasil-nao-controlam-doenca,301
www.crf-al.org.br/representantes-da-comissao-de-ensino-do-crfal-participam-de-encontro-em-brasilia/,https://institucional.crf-al.org.br/imprensa/noticias/representantes-da-comissao-de-ensino-do-crfal-participam-de-encontro-em-brasilia,301
www.crf-al.org.br/comissao-de-ensino-do-crfal-traca-estrategias-para-qualificacao-de-2018/,https://institucional.crf-al.org.br/imprensa/noticias/comissao-de-ensino-do-crfal-traca-estrategias-para-qualificacao-de-2018,301
www.crf-al.org.br/crfal-e-procon-maceio-fiscalizam-farmacias-e-hospitais-em-maceio/,https://institucional.crf-al.org.br/imprensa/noticias/crfal-e-procon-maceio-fiscalizam-farmacias-e-hospitais-em-maceio,301
www.crf-al.org.br/farmaceuticos-criam-site-para-tratar-de-assuntos-relacionados-as-analises-clinicas/,https://institucional.crf-al.org.br/imprensa/noticias/farmaceuticos-criam-site-para-tratar-de-assuntos-relacionados-as-analises-clinicas,301
www.crf-al.org.br/comissao-de-farmacia-comunitaria-define-acoes-para-o-ano-de-2018/,https://institucional.crf-al.org.br/imprensa/noticias/comissao-de-farmacia-comunitaria-define-acoes-para-o-ano-de-2018,301
www.crf-al.org.br/reuniao-plenaria-do-crfal-aprova-contas-do-exercicio-de-2017/,https://institucional.crf-al.org.br/imprensa/noticias/reuniao-plenaria-do-crfal-aprova-contas-do-exercicio-de-2017,301
www.crf-al.org.br/site-do-crfal-disponibiliza-aba-para-publicacoes-de-trabalhos-cientificos/,https://institucional.crf-al.org.br/imprensa/noticias/site-do-crfal-disponibiliza-aba-para-publicacoes-de-trabalhos-cientificos,301
www.crf-al.org.br/conselho-nacional-de-saude-quer-adiar-mudanca-no-programa-farmacia-popular/,https://institucional.crf-al.org.br/imprensa/noticias/conselho-nacional-de-saude-quer-adiar-mudanca-no-programa-farmacia-popular,301
www.crf-al.org.br/cns-manifesta-apoio-ao-movimento-pelo-ensino-presencial-de-qualidade-na-graduacao-em-saude/,https://institucional.crf-al.org.br/imprensa/noticias/cns-manifesta-apoio-ao-movimento-pelo-ensino-presencial-de-qualidade-na-graduacao-em-saude,301
www.crf-al.org.br/vice-presidente-do-crfal-participa-de-fiscalizacao-em-arapiraca/,https://institucional.crf-al.org.br/imprensa/noticias/vice-presidente-do-crfal-participa-de-fiscalizacao-em-arapiraca,301
www.crf-al.org.br/sites-de-comparacao-de-precos-de-produtos-magistrais-nao-e-permitida-por-lei/,https://institucional.crf-al.org.br/imprensa/noticias/sites-de-comparacao-de-precos-de-produtos-magistrais-nao-e-permitida-por-lei,301
www.crf-al.org.br/medicamentos-terao-reajustes-abaixo-da-inflacao/,https://institucional.crf-al.org.br/imprensa/noticias/medicamentos-terao-reajustes-abaixo-da-inflacao,301
www.crf-al.org.br/crfal-e-convidado-para-participar-de-acao-de-saude-em-academia-de-ginastica/,https://institucional.crf-al.org.br/imprensa/noticias/crfal-e-convidado-para-participar-de-acao-de-saude-em-academia-de-ginastica,301
www.crf-al.org.br/cff-repudia-comentario-calunioso-de-que-seria-um-balcao-de-negocios/,https://institucional.crf-al.org.br/imprensa/noticias/cff-repudia-comentario-calunioso-de-que-seria-um-balcao-de-negocios,301
www.crf-al.org.br/cff-publica-portaria-de-credenciamento-para-o-curso-de-formacao-em-vacinacao/,https://institucional.crf-al.org.br/imprensa/noticias/cff-publica-portaria-de-credenciamento-para-o-curso-de-formacao-em-vacinacao,301
www.crf-al.org.br/7379-2/,https://institucional.crf-al.org.br/imprensa/noticias/7379-2,301
www.crf-al.org.br/crfal-faz-entrega-de-carteiras-profissional-para-novos-farmaceuticos/,https://institucional.crf-al.org.br/imprensa/noticias/crfal-faz-entrega-de-carteiras-profissional-para-novos-farmaceuticos,301
www.crf-al.org.br/uso-de-protetor-solar-deve-ser-durante-todo-ano-diz-farmaceutica-flavia-dabbur/,https://institucional.crf-al.org.br/imprensa/noticias/uso-de-protetor-solar-deve-ser-durante-todo-ano-diz-farmaceutica-flavia-dabbur,301
www.crf-al.org.br/confira-o-horario-de-funcionamento-do-crfal-nesta-semana/,https://institucional.crf-al.org.br/imprensa/noticias/confira-o-horario-de-funcionamento-do-crfal-nesta-semana,301
www.crf-al.org.br/importancia-do-farmaceutico-na-prevencao-promocao-e-recuperacao-da-saude/,https://institucional.crf-al.org.br/imprensa/noticias/importancia-do-farmaceutico-na-prevencao-promocao-e-recuperacao-da-saude,301
www.crf-al.org.br/7334-2/,https://institucional.crf-al.org.br/imprensa/noticias/7334-2,301
www.crf-al.org.br/tuberculose-mata-cerca-de-17-milhao-de-pessoas-no-mundo/,https://institucional.crf-al.org.br/imprensa/noticias/tuberculose-mata-cerca-de-17-milhao-de-pessoas-no-mundo,301
www.crf-al.org.br/membros-do-crfal-participam-da-escola-de-inverno-de-farmacia-em-portugal/,https://institucional.crf-al.org.br/imprensa/noticias/membros-do-crfal-participam-da-escola-de-inverno-de-farmacia-em-portugal,301
www.crf-al.org.br/7316-2/,https://institucional.crf-al.org.br/imprensa/noticias/7316-2,301
www.crf-al.org.br/educacao-continuada-promove-curso-de-aplicacao-de-injetaveis/,https://institucional.crf-al.org.br/imprensa/noticias/educacao-continuada-promove-curso-de-aplicacao-de-injetaveis,301
www.crf-al.org.br/cff-e-crfs-apoiam-iniciativa-do-ministerio-da-saude-que-traz-avancos-para-o-sus/,https://institucional.crf-al.org.br/imprensa/noticias/cff-e-crfs-apoiam-iniciativa-do-ministerio-da-saude-que-traz-avancos-para-o-sus,301
www.crf-al.org.br/diretoria-do-crfal-participa-de-reuniao-geral-em-brasilia/,https://institucional.crf-al.org.br/imprensa/noticias/diretoria-do-crfal-participa-de-reuniao-geral-em-brasilia,301
www.crf-al.org.br/envie-sua-contribuicao-para-o-texto-do-guia-de-pratica-clinica-azia/,https://institucional.crf-al.org.br/imprensa/noticias/envie-sua-contribuicao-para-o-texto-do-guia-de-pratica-clinica-azia,301
www.crf-al.org.br/revogada-portaria-que-restringia-vacinacao-clinicas-medicas/,https://institucional.crf-al.org.br/imprensa/noticias/revogada-portaria-que-restringia-vacinacao-clinicas-medicas,301
www.crf-al.org.br/crfal-fecha-convenio-com-plano-odontologico-uniodonto/,https://institucional.crf-al.org.br/imprensa/noticias/crfal-fecha-convenio-com-plano-odontologico-uniodonto,301
www.crf-al.org.br/7275-2/,https://institucional.crf-al.org.br/imprensa/noticias/7275-2,301
www.crf-al.org.br/7254-2/,https://institucional.crf-al.org.br/imprensa/noticias/7254-2,301
www.crf-al.org.br/nota-de-pesar-3/,https://institucional.crf-al.org.br/imprensa/noticias/nota-de-pesar-3,301
www.crf-al.org.br/7236-2/,https://institucional.crf-al.org.br/imprensa/noticias/7236-2,301
www.crf-al.org.br/conselheiro-do-crfal-participa-de-conferencia-nacional-em-vigilancia-em-saude/,https://institucional.crf-al.org.br/imprensa/noticias/conselheiro-do-crfal-participa-de-conferencia-nacional-em-vigilancia-em-saude,301
www.crf-al.org.br/7229-2/,https://institucional.crf-al.org.br/imprensa/noticias/7229-2,301
www.crf-al.org.br/cff-comemora-mais-uma-decisao-favoravel-farmacia-estetica/,https://institucional.crf-al.org.br/imprensa/noticias/cff-comemora-mais-uma-decisao-favoravel-farmacia-estetica,301
www.crf-al.org.br/convocacao-assembleia-geral/,https://institucional.crf-al.org.br/imprensa/noticias/convocacao-assembleia-geral,301
www.crf-al.org.br/cff-define-regras-para-atuacao-do-farmaceutico-na-imunizacao/,https://institucional.crf-al.org.br/imprensa/noticias/cff-define-regras-para-atuacao-do-farmaceutico-na-imunizacao,301
www.crf-al.org.br/crfal-faz-entrega-de-carteiras-novos-profissionais/,https://institucional.crf-al.org.br/imprensa/noticias/crfal-faz-entrega-de-carteiras-novos-profissionais,301
www.crf-al.org.br/nota-de-pesar-2/,https://institucional.crf-al.org.br/imprensa/noticias/nota-de-pesar-2,301
www.crf-al.org.br/pesquisa-mostra-que-populacao-busca-farmaceutico-para-orientacao-de-uso-de-medicamentos/,https://institucional.crf-al.org.br/imprensa/noticias/pesquisa-mostra-que-populacao-busca-farmaceutico-para-orientacao-de-uso-de-medicamentos,301
www.crf-al.org.br/crfal-ganha-acao-na-justica-contra-hospital-casa-pernambucana/,https://institucional.crf-al.org.br/imprensa/noticias/crfal-ganha-acao-na-justica-contra-hospital-casa-pernambucana,301
www.crf-al.org.br/crfal-disponibiliza-enquete-para-sugestao-de-cursos-de-atualizacao/,https://institucional.crf-al.org.br/imprensa/noticias/crfal-disponibiliza-enquete-para-sugestao-de-cursos-de-atualizacao,301
www.crf-al.org.br/carnaval-ingestao-de-bebida-alcoolica-deve-ser-evitada-durante-uso-de-medicamentos/,https://institucional.crf-al.org.br/imprensa/noticias/carnaval-ingestao-de-bebida-alcoolica-deve-ser-evitada-durante-uso-de-medicamentos,301
www.crf-al.org.br/presidente-do-crfal-participa-de-reuniao-plenaria-em-brasilia/,https://institucional.crf-al.org.br/imprensa/noticias/presidente-do-crfal-participa-de-reuniao-plenaria-em-brasilia,301
www.crf-al.org.br/crfal-informa-horario-de-funcionamento-no-carnaval/,https://institucional.crf-al.org.br/imprensa/noticias/crfal-informa-horario-de-funcionamento-no-carnaval,301
www.crf-al.org.br/presidente-do-crfal-pede-apoio-da-ufal-no-combate-ao-ensino-distancia/,https://institucional.crf-al.org.br/imprensa/noticias/presidente-do-crfal-pede-apoio-da-ufal-no-combate-ao-ensino-distancia,301
www.crf-al.org.br/cff-disponibiliza-consulta-publica-para-exame-de-proficiencia/,https://institucional.crf-al.org.br/imprensa/noticias/cff-disponibiliza-consulta-publica-para-exame-de-proficiencia,301
www.crf-al.org.br/farmaceutico-inaugura-seu-segundo-empreendimento-em-marechal-deodoro/,https://institucional.crf-al.org.br/imprensa/noticias/farmaceutico-inaugura-seu-segundo-empreendimento-em-marechal-deodoro,301
www.crf-al.org.br/projeto-pede-suspensao-de-portaria-que-regulamenta-cursos-distancia/,https://institucional.crf-al.org.br/imprensa/noticias/projeto-pede-suspensao-de-portaria-que-regulamenta-cursos-distancia,301
www.crf-al.org.br/crfal-premia-11-profissionais-pelos-trabalhos-desenvolvidos-em-2017/,https://institucional.crf-al.org.br/imprensa/noticias/crfal-premia-11-profissionais-pelos-trabalhos-desenvolvidos-em-2017,301
www.crf-al.org.br/7111-2/,https://institucional.crf-al.org.br/imprensa/noticias/7111-2,301
www.crf-al.org.br/dia-nacional-do-farmaceutico-e-comemorado-com-ganhos-para-os-farmaceuticos-no-sus/,https://institucional.crf-al.org.br/imprensa/noticias/dia-nacional-do-farmaceutico-e-comemorado-com-ganhos-para-os-farmaceuticos-no-sus,301
www.crf-al.org.br/farmaceuticos-destaque-serao-premiados-no-sabado-27/,https://institucional.crf-al.org.br/imprensa/noticias/farmaceuticos-destaque-serao-premiados-no-sabado-27,301
www.crf-al.org.br/farmaceuticos-atendem-mais-de-300-pessoas-na-orla-da-pajucara/,https://institucional.crf-al.org.br/imprensa/noticias/farmaceuticos-atendem-mais-de-300-pessoas-na-orla-da-pajucara,301
www.crf-al.org.br/farmaceutico-e-agente-de-transformacao-na-saude-publica-diz-roberto-canquerini/,https://institucional.crf-al.org.br/imprensa/noticias/farmaceutico-e-agente-de-transformacao-na-saude-publica-diz-roberto-canquerini,301
www.crf-al.org.br/perspectiva-do-consultorio-farmaceutico-e-tema-de-palestra-do-dia-do-farmaceutico/,https://institucional.crf-al.org.br/imprensa/noticias/perspectiva-do-consultorio-farmaceutico-e-tema-de-palestra-do-dia-do-farmaceutico,301
www.crf-al.org.br/dia-do-farmaceutico-comemoracoes-comecam-no-municipio-de-arapiraca/,https://institucional.crf-al.org.br/imprensa/noticias/dia-do-farmaceutico-comemoracoes-comecam-no-municipio-de-arapiraca,301
www.crf-al.org.br/crfal-faz-campanha-sobre-o-risco-de-buscar-informacoes-de-medicamentos-na-internet/,https://institucional.crf-al.org.br/imprensa/noticias/crfal-faz-campanha-sobre-o-risco-de-buscar-informacoes-de-medicamentos-na-internet,301
www.crf-al.org.br/fechamento-seccional-arapiraca-nesta-terca-feira-tarde/,https://institucional.crf-al.org.br/imprensa/noticias/fechamento-seccional-arapiraca-nesta-terca-feira-tarde,301
www.crf-al.org.br/crfal-assina-convenio-com-espaco-ciencia-com-descontos-para-pos-graduacao/,https://institucional.crf-al.org.br/imprensa/noticias/crfal-assina-convenio-com-espaco-ciencia-com-descontos-para-pos-graduacao,301
www.crf-al.org.br/farmaceutica-percebe-necessidade-da-populacao-e-monta-seu-negocio/,https://institucional.crf-al.org.br/imprensa/noticias/farmaceutica-percebe-necessidade-da-populacao-e-monta-seu-negocio,301
www.crf-al.org.br/presidente-do-crfal-solicita-deputado-estadual-projeto-de-lei-sobre-vacinacao/,https://institucional.crf-al.org.br/imprensa/noticias/presidente-do-crfal-solicita-deputado-estadual-projeto-de-lei-sobre-vacinacao,301
www.crf-al.org.br/crfal-repudia-declaracao-dada-por-medica-no-programa-pausa-da-tv-pajucara/,https://institucional.crf-al.org.br/imprensa/noticias/crfal-repudia-declaracao-dada-por-medica-no-programa-pausa-da-tv-pajucara,301
www.crf-al.org.br/campanha-natal-farmaceutico-solidario-entrega-doacoes-mais-de-30-criancas/,https://institucional.crf-al.org.br/imprensa/noticias/campanha-natal-farmaceutico-solidario-entrega-doacoes-mais-de-30-criancas,301
www.crf-al.org.br/6999-2/,https://institucional.crf-al.org.br/imprensa/noticias/6999-2,301
www.crf-al.org.br/plenario-do-cff-elege-nova-diretoria-do-orgao/,https://institucional.crf-al.org.br/imprensa/noticias/plenario-do-cff-elege-nova-diretoria-do-orgao,301
www.crf-al.org.br/farmacias-poderao-vacinar-usuarios/,https://institucional.crf-al.org.br/imprensa/noticias/farmacias-poderao-vacinar-usuarios,301
www.crf-al.org.br/crf-incentiva-montagem-de-consultorio-farmaceutico-em-al/,https://institucional.crf-al.org.br/imprensa/noticias/crf-incentiva-montagem-de-consultorio-farmaceutico-em-al,301
www.crf-al.org.br/concurso-provas-serao-realizadas-em-fevereiro/,https://institucional.crf-al.org.br/imprensa/noticias/concurso-provas-serao-realizadas-em-fevereiro,301
www.crf-al.org.br/conselho-federal-divulga-valores-da-anuidade-para-2018/,https://institucional.crf-al.org.br/imprensa/noticias/conselho-federal-divulga-valores-da-anuidade-para-2018,301
www.crf-al.org.br/concurso-tera-prosseguimento-em-alagoas-apos-decisao-judicial/,https://institucional.crf-al.org.br/imprensa/noticias/concurso-tera-prosseguimento-em-alagoas-apos-decisao-judicial,301
www.crf-al.org.br/6952-2/,https://institucional.crf-al.org.br/imprensa/noticias/6952-2,301
www.crf-al.org.br/nova-diretoria-do-crfal-e-empossada-e-diplomada/,https://institucional.crf-al.org.br/imprensa/noticias/nova-diretoria-do-crfal-e-empossada-e-diplomada,301
www.crf-al.org.br/farmaceuticos-discutem-sobre-falta-de-acompanhamento-do-uso-de-canabioides/,https://institucional.crf-al.org.br/imprensa/noticias/farmaceuticos-discutem-sobre-falta-de-acompanhamento-do-uso-de-canabioides,301
www.crf-al.org.br/decreto-vai-reduzir-preco-de-medicamentos-vendidos-em-alagoas/,https://institucional.crf-al.org.br/imprensa/noticias/decreto-vai-reduzir-preco-de-medicamentos-vendidos-em-alagoas,301
www.crf-al.org.br/farmaceutica-proprietaria-fala-do-sucesso-de-sua-rede-de-negocios/,https://institucional.crf-al.org.br/imprensa/noticias/farmaceutica-proprietaria-fala-do-sucesso-de-sua-rede-de-negocios,301
www.crf-al.org.br/vice-presidente-do-crfal-e-um-dos-palestrantes-iii-workshop-de-atuacao-farmaceutica/,https://institucional.crf-al.org.br/imprensa/noticias/vice-presidente-do-crfal-e-um-dos-palestrantes-iii-workshop-de-atuacao-farmaceutica,301
www.crf-al.org.br/para-reduzir-gastos-gestao-temer-quer-rever-distribuicao-de-remedio/,https://institucional.crf-al.org.br/imprensa/noticias/para-reduzir-gastos-gestao-temer-quer-rever-distribuicao-de-remedio,301
www.crf-al.org.br/crfal-inicia-campanha-do-natal-farmaceutico-solidario/,https://institucional.crf-al.org.br/imprensa/noticias/crfal-inicia-campanha-do-natal-farmaceutico-solidario,301
www.crf-al.org.br/crfal-realiza-curso-de-implantacao-de-consultorio-farmaceutico-e-interpretacao-de-exames-laboratoriais/,https://institucional.crf-al.org.br/imprensa/noticias/crfal-realiza-curso-de-implantacao-de-consultorio-farmaceutico-e-interpretacao-de-exames-laboratoriais,301
www.crf-al.org.br/farmaceuticos-tem-60-dias-para-justificar-seu-voto/,https://institucional.crf-al.org.br/imprensa/noticias/farmaceuticos-tem-60-dias-para-justificar-seu-voto,301
www.crf-al.org.br/pilula-digital-pode-mostrar-se-paciente-toma-remedios-corretamente/,https://institucional.crf-al.org.br/imprensa/noticias/pilula-digital-pode-mostrar-se-paciente-toma-remedios-corretamente,301
www.crf-al.org.br/farmaceuticos-elegem-novos-diretores-e-conselheiros/,https://institucional.crf-al.org.br/imprensa/noticias/farmaceuticos-elegem-novos-diretores-e-conselheiros,301
www.crf-al.org.br/prf-apreende-caixas-de-cytotec-com-sinais-de-falsificacao-em-sao-miguel-dos-campos/,https://institucional.crf-al.org.br/imprensa/noticias/prf-apreende-caixas-de-cytotec-com-sinais-de-falsificacao-em-sao-miguel-dos-campos,301
www.crf-al.org.br/farmaceutico-e-eleito-presidente-da-escola-de-enfermagem-e-farmacia-da-ufal/,https://institucional.crf-al.org.br/imprensa/noticias/farmaceutico-e-eleito-presidente-da-escola-de-enfermagem-e-farmacia-da-ufal,301
www.crf-al.org.br/ministerio-da-saude-incorpora-medicamento-para-alzheimer-no-sus/,https://institucional.crf-al.org.br/imprensa/noticias/ministerio-da-saude-incorpora-medicamento-para-alzheimer-no-sus,301
www.crf-al.org.br/inconstitucionalidade-de-prescricao-farmaceutica-e-indeferida-pela-justica/,https://institucional.crf-al.org.br/imprensa/noticias/inconstitucionalidade-de-prescricao-farmaceutica-e-indeferida-pela-justica,301
www.crf-al.org.br/crfal-apoia-curso-de-semiologia-farmaceutica-que-acontece-no-proximo-dia-25/,https://institucional.crf-al.org.br/imprensa/noticias/crfal-apoia-curso-de-semiologia-farmaceutica-que-acontece-no-proximo-dia-25,301
www.crf-al.org.br/confira-o-passo-passo-da-votacao/,https://institucional.crf-al.org.br/imprensa/noticias/confira-o-passo-passo-da-votacao,301
www.crf-al.org.br/farmaceutica-implanta-consultorio-farmaceutico-em-seu-estabelecimento-de-saude/,https://institucional.crf-al.org.br/imprensa/noticias/farmaceutica-implanta-consultorio-farmaceutico-em-seu-estabelecimento-de-saude,301
www.crf-al.org.br/ministro-discute-em-alagoas-estrategias-para-o-avanco-da-assistencia-farmaceutica/,https://institucional.crf-al.org.br/imprensa/noticias/ministro-discute-em-alagoas-estrategias-para-o-avanco-da-assistencia-farmaceutica,301
www.crf-al.org.br/crfal-suspende-atendimento-ao-publico-nesta-sexta-03/,https://institucional.crf-al.org.br/imprensa/noticias/crfal-suspende-atendimento-ao-publico-nesta-sexta-03,301
www.crf-al.org.br/crfal-fecha-mais-um-convenio-para-beneficiar-farmaceuticos/,https://institucional.crf-al.org.br/imprensa/noticias/crfal-fecha-mais-um-convenio-para-beneficiar-farmaceuticos,301
www.crf-al.org.br/atuacao-do-farmaceutico-hospitalar-e-tema-de-palestras-em-arapiraca/,https://institucional.crf-al.org.br/imprensa/noticias/atuacao-do-farmaceutico-hospitalar-e-tema-de-palestras-em-arapiraca,301
www.crf-al.org.br/desburocratizacao-na-assistencia-farmaceutica-e-um-dos-temas-do-viii-forum-nacional/,https://institucional.crf-al.org.br/imprensa/noticias/desburocratizacao-na-assistencia-farmaceutica-e-um-dos-temas-do-viii-forum-nacional,301
www.crf-al.org.br/nota-de-falecimento/,https://institucional.crf-al.org.br/imprensa/noticias/nota-de-falecimento,301
www.crf-al.org.br/cff-disponibiliza-simulador-para-as-eleicoes/,https://institucional.crf-al.org.br/imprensa/noticias/cff-disponibiliza-simulador-para-as-eleicoes,301
www.crf-al.org.br/eleicoes-cff-amplia-prazo-para-quitacao-de-anuidades/,https://institucional.crf-al.org.br/imprensa/noticias/eleicoes-cff-amplia-prazo-para-quitacao-de-anuidades,301
www.crf-al.org.br/oncologia-e-uma-area-em-expansao-no-mercado-farmaceutico/,https://institucional.crf-al.org.br/imprensa/noticias/oncologia-e-uma-area-em-expansao-no-mercado-farmaceutico,301
www.crf-al.org.br/crfal-promove-curso-de-capacitacao-em-cuidados-farmaceuticos-no-sus/,https://institucional.crf-al.org.br/imprensa/noticias/crfal-promove-curso-de-capacitacao-em-cuidados-farmaceuticos-no-sus,301
www.crf-al.org.br/sesau-em-parceria-com-crfal-promovem-viii-forum-nacional-de-assistencia-farmaceutica-no-sus/,https://institucional.crf-al.org.br/imprensa/noticias/sesau-em-parceria-com-crfal-promovem-viii-forum-nacional-de-assistencia-farmaceutica-no-sus,301
www.crf-al.org.br/crfal-e-contra-pl-que-quer-tirar-obrigatoriedade-de-farmaceutico-em-microempresas-e-mei/,https://institucional.crf-al.org.br/imprensa/noticias/crfal-e-contra-pl-que-quer-tirar-obrigatoriedade-de-farmaceutico-em-microempresas-e-mei,301
www.crf-al.org.br/nota-informativa/,https://institucional.crf-al.org.br/imprensa/noticias/nota-informativa,301
www.crf-al.org.br/cff-publica-nota-tecnica-sobre-manipulacao-de-antineoplasicos/,https://institucional.crf-al.org.br/imprensa/noticias/cff-publica-nota-tecnica-sobre-manipulacao-de-antineoplasicos,301
www.crf-al.org.br/6747-2/,https://institucional.crf-al.org.br/imprensa/noticias/6747-2,301
www.crf-al.org.br/cff-vai-trabalhar-pela-ampliacao-da-atuacao-do-farmaceutico-na-suplementacao-alimentar/,https://institucional.crf-al.org.br/imprensa/noticias/cff-vai-trabalhar-pela-ampliacao-da-atuacao-do-farmaceutico-na-suplementacao-alimentar,301
www.crf-al.org.br/comissao-inclui-medicamentos-para-depressao-e-tireoide-no-farmacia-popular/,https://institucional.crf-al.org.br/imprensa/noticias/comissao-inclui-medicamentos-para-depressao-e-tireoide-no-farmacia-popular,301
www.crf-al.org.br/prazo-para-atualizacao-cadastral-e-ampliado-e-se-encerra-as-14hs-desta-quarta-feira/,https://institucional.crf-al.org.br/imprensa/noticias/prazo-para-atualizacao-cadastral-e-ampliado-e-se-encerra-as-14hs-desta-quarta-feira,301
www.crf-al.org.br/congresso-aborda-25-areas-de-atuacao-do-farmaceutico/,https://institucional.crf-al.org.br/imprensa/noticias/congresso-aborda-25-areas-de-atuacao-do-farmaceutico,301
www.crf-al.org.br/cff-regulamenta-atribuicoes-do-farmaceutico-na-saude-indigena/,https://institucional.crf-al.org.br/imprensa/noticias/cff-regulamenta-atribuicoes-do-farmaceutico-na-saude-indigena,301
www.crf-al.org.br/justica-federal-proibe-compra-e-uso-de-leuginase-da-china-em-toda-rede-sus/,https://institucional.crf-al.org.br/imprensa/noticias/justica-federal-proibe-compra-e-uso-de-leuginase-da-china-em-toda-rede-sus,301
www.crf-al.org.br/crfal-tem-projeto-arquitetonico-aprovado-para-reforma/,https://institucional.crf-al.org.br/imprensa/noticias/crfal-tem-projeto-arquitetonico-aprovado-para-reforma,301
www.crf-al.org.br/crfal-atende-mais-de-400-pessoas-e-recolhe-25kg-de-medicamentos-vencidos/,https://institucional.crf-al.org.br/imprensa/noticias/crfal-atende-mais-de-400-pessoas-e-recolhe-25kg-de-medicamentos-vencidos,301
www.crf-al.org.br/atencao-pais-crfal-assina-convenio-com-colegio-intensivo/,https://institucional.crf-al.org.br/imprensa/noticias/atencao-pais-crfal-assina-convenio-com-colegio-intensivo,301
www.crf-al.org.br/dia-internacional-do-farmaceutico-sera-comemorado-com-acao-no-centro-de-maceio/,https://institucional.crf-al.org.br/imprensa/noticias/dia-internacional-do-farmaceutico-sera-comemorado-com-acao-no-centro-de-maceio,301
www.crf-al.org.br/crfal-ingressa-com-pedido-de-suspensao-de-curso-distancia-em-alagoas/,https://institucional.crf-al.org.br/imprensa/noticias/crfal-ingressa-com-pedido-de-suspensao-de-curso-distancia-em-alagoas,301
www.crf-al.org.br/crfal-entrega-60-pacotes-de-fralda-abrigo-de-idoso-sao-vicente-de-paulo/,https://institucional.crf-al.org.br/imprensa/noticias/crfal-entrega-60-pacotes-de-fralda-abrigo-de-idoso-sao-vicente-de-paulo,301
www.crf-al.org.br/crfal-convoca-farmaceuticos-para-quitacao-de-anuidades-e-atualizacao-cadastral/,https://institucional.crf-al.org.br/imprensa/noticias/crfal-convoca-farmaceuticos-para-quitacao-de-anuidades-e-atualizacao-cadastral,301
www.crf-al.org.br/farmaceutica-toma-posse-como-secretaria-de-saude-em-roteiro/,https://institucional.crf-al.org.br/imprensa/noticias/farmaceutica-toma-posse-como-secretaria-de-saude-em-roteiro,301
www.crf-al.org.br/nota-de-falecimento-profa-nely-targino/,https://institucional.crf-al.org.br/imprensa/noticias/nota-de-falecimento-profa-nely-targino,301
www.crf-al.org.br/parceria-entre-crf-e-farmacia-promove-atendimento-de-mais-40-pessoas-no-jacintinho/,https://institucional.crf-al.org.br/imprensa/noticias/parceria-entre-crf-e-farmacia-promove-atendimento-de-mais-40-pessoas-no-jacintinho,301
www.crf-al.org.br/farmaceuticos-devem-assumir-assistencia-farmaceutica-alem-da-medicamentosa-diz-allysson-haide/,https://institucional.crf-al.org.br/imprensa/noticias/farmaceuticos-devem-assumir-assistencia-farmaceutica-alem-da-medicamentosa-diz-allysson-haide,301
www.crf-al.org.br/crfal-participa-de-acao-social-promovida-pela-igreja-adventista/,https://institucional.crf-al.org.br/imprensa/noticias/crfal-participa-de-acao-social-promovida-pela-igreja-adventista,301
www.crf-al.org.br/6517-2/,https://institucional.crf-al.org.br/imprensa/noticias/6517-2,301
www.crf-al.org.br/conselho-federal-de-farmacia-divulga-editais-de-residencias-para-farmaceuticos/,https://institucional.crf-al.org.br/imprensa/noticias/conselho-federal-de-farmacia-divulga-editais-de-residencias-para-farmaceuticos,301
www.crf-al.org.br/6504-2/,https://institucional.crf-al.org.br/imprensa/noticias/6504-2,301
www.crf-al.org.br/farmaceuticas-alagoanas-tem-trabalhos-aprovados-em-congresso-internacional/,https://institucional.crf-al.org.br/imprensa/noticias/farmaceuticas-alagoanas-tem-trabalhos-aprovados-em-congresso-internacional,301
www.crf-al.org.br/rene-gondim-e-empossado-no-conselho-estadual-de-politicas-de-drogas/,https://institucional.crf-al.org.br/imprensa/noticias/rene-gondim-e-empossado-no-conselho-estadual-de-politicas-de-drogas,301
www.crf-al.org.br/conselho-de-farmacia-pede-interdicao-de-40-farmacias-irregulares/,https://institucional.crf-al.org.br/imprensa/noticias/conselho-de-farmacia-pede-interdicao-de-40-farmacias-irregulares,301
www.crf-al.org.br/conselheira-monica-meira-participa-de-reuniao-em-brasilia/,https://institucional.crf-al.org.br/imprensa/noticias/conselheira-monica-meira-participa-de-reuniao-em-brasilia,301
www.crf-al.org.br/xi-congresso-brasileiro-de-farmacia-homeopatica/,https://institucional.crf-al.org.br/imprensa/noticias/xi-congresso-brasileiro-de-farmacia-homeopatica,301
www.crf-al.org.br/4681-2/,https://institucional.crf-al.org.br/imprensa/noticias/4681-2,301
www.crf-al.org.br/nota-oficial-sobre-suspensao-de-concurso/,https://institucional.crf-al.org.br/imprensa/noticias/nota-oficial-sobre-suspensao-de-concurso,301
www.crf-al.org.br/4666-2/,https://institucional.crf-al.org.br/imprensa/noticias/4666-2,301
www.crf-al.org.br/tratamento-homeopatico-conta-com-farmacopeia-diz-margarete-akemi/,https://institucional.crf-al.org.br/imprensa/noticias/tratamento-homeopatico-conta-com-farmacopeia-diz-margarete-akemi,301
www.crf-al.org.br/cff_libera_resultado_da_selecao_para_capacitacao_em_servicos_de_cuidado_farmaceutico_no_sus/,https://institucional.crf-al.org.br/imprensa/noticias/cff_libera_resultado_da_selecao_para_capacitacao_em_servicos_de_cuidado_farmaceutico_no_sus,301
www.crf-al.org.br/farmacia_clinica_dentro_da_farmacia_comunitaria_esse_foi_o_tema_central_do_segundo_modulo_de_excelencia_farmaceutica/,https://institucional.crf-al.org.br/imprensa/noticias/farmacia_clinica_dentro_da_farmacia_comunitaria_esse_foi_o_tema_central_do_segundo_modulo_de_excelencia_farmaceutica,301
www.crf-al.org.br/alagoas_realiza_etapa_regional_de_vigilancia_em_saude_em_agosto/,https://institucional.crf-al.org.br/imprensa/noticias/alagoas_realiza_etapa_regional_de_vigilancia_em_saude_em_agosto,301
www.crf-al.org.br/sobrafo_realiza_seminario_no_recife/,https://institucional.crf-al.org.br/imprensa/noticias/sobrafo_realiza_seminario_no_recife,301
www.crf-al.org.br/estudante_de_farmacia_e_aprovado_em_selecao_do_lafepe/,https://institucional.crf-al.org.br/imprensa/noticias/estudante_de_farmacia_e_aprovado_em_selecao_do_lafepe,301
www.crf-al.org.br/procon_maceio_fiscaliza_variacao_de_precos_de_medicamentos/,https://institucional.crf-al.org.br/imprensa/noticias/procon_maceio_fiscaliza_variacao_de_precos_de_medicamentos,301
www.crf-al.org.br/crf_assina_convenio_com_ead_laurte_e_oferece_desconto_para_farmaceuticos/,https://institucional.crf-al.org.br/imprensa/noticias/crf_assina_convenio_com_ead_laurte_e_oferece_desconto_para_farmaceuticos,301
www.crf-al.org.br/cff_emite_nota_de_repudio_contra_declaracao_dada_por_medico_no_programa_bem_estar/,https://institucional.crf-al.org.br/imprensa/noticias/cff_emite_nota_de_repudio_contra_declaracao_dada_por_medico_no_programa_bem_estar,301
www.crf-al.org.br/diga_nao_a_graduacao_a_distancia_para_areas_da_saude/,https://institucional.crf-al.org.br/imprensa/noticias/diga_nao_a_graduacao_a_distancia_para_areas_da_saude,301
www.crf-al.org.br/seccional_arapiraca_realiza_curso_de_fitoterapicos_para_tratamento_de_diabetes_e_hipertensao/,https://institucional.crf-al.org.br/imprensa/noticias/seccional_arapiraca_realiza_curso_de_fitoterapicos_para_tratamento_de_diabetes_e_hipertensao,301
www.crf-al.org.br/crf_al_leva_campanha_de_descarte_de_medicamentos_para_arapiraca/,https://institucional.crf-al.org.br/imprensa/noticias/crf_al_leva_campanha_de_descarte_de_medicamentos_para_arapiraca,301
www.crf-al.org.br/maceio_recebe_curso_de_injetaveis_no_proximo_dia_29_de_julho/,https://institucional.crf-al.org.br/imprensa/noticias/maceio_recebe_curso_de_injetaveis_no_proximo_dia_29_de_julho,301
www.crf-al.org.br/congresso_norte_nordeste_de_ciencias_farmaceuticas_esta_com_inscricoes_abertas/,https://institucional.crf-al.org.br/imprensa/noticias/congresso_norte_nordeste_de_ciencias_farmaceuticas_esta_com_inscricoes_abertas,301
www.crf-al.org.br/segundo_modulo_de_excelencia_farmaceutica_acontece_nos_dias_21_e_22_de_julho/,https://institucional.crf-al.org.br/imprensa/noticias/segundo_modulo_de_excelencia_farmaceutica_acontece_nos_dias_21_e_22_de_julho,301
www.crf-al.org.br/nota_tecnica/,https://institucional.crf-al.org.br/imprensa/noticias/nota_tecnica,301
www.crf-al.org.br/crf_al_convoca_farmaceuticos_para_atualizacao_cadastral/,https://institucional.crf-al.org.br/imprensa/noticias/crf_al_convoca_farmaceuticos_para_atualizacao_cadastral,301
www.crf-al.org.br/i_conferencia_estadual_de_saude_da_mulher_conta_com_a_participacao_de_farmaceuticos/,https://institucional.crf-al.org.br/imprensa/noticias/i_conferencia_estadual_de_saude_da_mulher_conta_com_a_participacao_de_farmaceuticos,301
www.crf-al.org.br/corpo_juridico_do_crf_al_participa_de_encontro_nacional_dos_advogados_dos_conselhos/,https://institucional.crf-al.org.br/imprensa/noticias/corpo_juridico_do_crf_al_participa_de_encontro_nacional_dos_advogados_dos_conselhos,301
www.crf-al.org.br/representante_do_crf_al_conhece_projeto_farmacia_viva_do_ceara/,https://institucional.crf-al.org.br/imprensa/noticias/representante_do_crf_al_conhece_projeto_farmacia_viva_do_ceara,301
www.crf-al.org.br/crf_al_e_parceiro_de_acao_social_da_igreja_presbiteriana_em_arapiraca/,https://institucional.crf-al.org.br/imprensa/noticias/crf_al_e_parceiro_de_acao_social_da_igreja_presbiteriana_em_arapiraca,301
www.crf-al.org.br/ismp_em_parceria_com_crf_al_realizam_curso_sobre_erros_de_medicacao/,https://institucional.crf-al.org.br/imprensa/noticias/ismp_em_parceria_com_crf_al_realizam_curso_sobre_erros_de_medicacao,301
www.crf-al.org.br/procon_maceio_convida_crf_al_para_acao_de_descarte_de_medicamentos_no_biu_ii/,https://institucional.crf-al.org.br/imprensa/noticias/procon_maceio_convida_crf_al_para_acao_de_descarte_de_medicamentos_no_biu_ii,301
www.crf-al.org.br/cne_aprova_novas_dcns_do_curso_de_graduacao_em_farmacia/,https://institucional.crf-al.org.br/imprensa/noticias/cne_aprova_novas_dcns_do_curso_de_graduacao_em_farmacia,301
www.crf-al.org.br/inscricoes_para_pos_graduacao_em_pericia_criminal_e_ciencias_forense_estao_abertas/,https://institucional.crf-al.org.br/imprensa/noticias/inscricoes_para_pos_graduacao_em_pericia_criminal_e_ciencias_forense_estao_abertas,301
www.crf-al.org.br/crf_al_inicia_campanha_de_descarte_de_medicamentos_no_dia_do_meio_ambiente/,https://institucional.crf-al.org.br/imprensa/noticias/crf_al_inicia_campanha_de_descarte_de_medicamentos_no_dia_do_meio_ambiente,301
www.crf-al.org.br/farmaceuticos_atuantes_na_judicializacao_se_reunem_em_brasilia/,https://institucional.crf-al.org.br/imprensa/noticias/farmaceuticos_atuantes_na_judicializacao_se_reunem_em_brasilia,301
www.crf-al.org.br/prorrogadas_as_inscricoes_de_trabalhos_a_revista_experiencias_exitosas_de_farmaceuticos_no_sus/,https://institucional.crf-al.org.br/imprensa/noticias/prorrogadas_as_inscricoes_de_trabalhos_a_revista_experiencias_exitosas_de_farmaceuticos_no_sus,301
www.crf-al.org.br/acompanhamento_pos_alta_hospitalar_bom_para_o_paciente_bom_para_o_farmaceutico/,https://institucional.crf-al.org.br/imprensa/noticias/acompanhamento_pos_alta_hospitalar_bom_para_o_paciente_bom_para_o_farmaceutico,301
www.crf-al.org.br/farmaceuticos_estao_a_disposicao_da_populacao_para_ajudar_no_combate_ao_tabagismo/,https://institucional.crf-al.org.br/imprensa/noticias/farmaceuticos_estao_a_disposicao_da_populacao_para_ajudar_no_combate_ao_tabagismo,301
www.crf-al.org.br/farmaceuticos_do_interior_participam_de_curso_de_aplicacao_de_injetaveis_em_arapiraca/,https://institucional.crf-al.org.br/imprensa/noticias/farmaceuticos_do_interior_participam_de_curso_de_aplicacao_de_injetaveis_em_arapiraca,301
www.crf-al.org.br/crf_al_capacita_mais_de_30_profissionais_em_diabetes_mellitus/,https://institucional.crf-al.org.br/imprensa/noticias/crf_al_capacita_mais_de_30_profissionais_em_diabetes_mellitus,301
www.crf-al.org.br/vice-presidente-do-crf-al-recebe-comenda-mauricio-de-nassau/,https://institucional.crf-al.org.br/imprensa/noticias/vice-presidente-do-crf-al-recebe-comenda-mauricio-de-nassau,301
www.crf-al.org.br/gestao_farmaceutica_foi_o_tema_do_primeiro_modulo_do_curso_de_excelencia_farmaceutica/,https://institucional.crf-al.org.br/imprensa/noticias/gestao_farmaceutica_foi_o_tema_do_primeiro_modulo_do_curso_de_excelencia_farmaceutica,301
www.crf-al.org.br/conselho_de_farmacia_visita_escolas_do_cepa_e_orienta_cerca_de_600_alunos/,https://institucional.crf-al.org.br/imprensa/noticias/conselho_de_farmacia_visita_escolas_do_cepa_e_orienta_cerca_de_600_alunos,301
www.crf-al.org.br/medicamento_clandestino_e_proibido_pela_anvisa/,https://institucional.crf-al.org.br/imprensa/noticias/medicamento_clandestino_e_proibido_pela_anvisa,301
www.crf-al.org.br/teste_de_farmacia_para_hiv_ganha_registro_no_brasil/,https://institucional.crf-al.org.br/imprensa/noticias/teste_de_farmacia_para_hiv_ganha_registro_no_brasil,301
www.crf-al.org.br/desafio_global_da_oms_pacientes_podem_e_devem_participar/,https://institucional.crf-al.org.br/imprensa/noticias/desafio_global_da_oms_pacientes_podem_e_devem_participar,301
www.crf-al.org.br/cff_realiza_xiv_encontro_nacional_de_fiscalizacao/,https://institucional.crf-al.org.br/imprensa/noticias/cff_realiza_xiv_encontro_nacional_de_fiscalizacao,301
www.crf-al.org.br/tocantins_sediara_congresso_de_farmacia_estetica_e_nutricao/,https://institucional.crf-al.org.br/imprensa/noticias/tocantins_sediara_congresso_de_farmacia_estetica_e_nutricao,301
www.crf-al.org.br/mpf_al_encaminha_recomendacao_sobre_medicamentos_ao_municipio_de_taquarana/,https://institucional.crf-al.org.br/imprensa/noticias/mpf_al_encaminha_recomendacao_sobre_medicamentos_ao_municipio_de_taquarana,301
www.crf-al.org.br/stj_decide_sobre_propaganda_de_bebida_alcoolica/,https://institucional.crf-al.org.br/imprensa/noticias/stj_decide_sobre_propaganda_de_bebida_alcoolica,301
www.crf-al.org.br/roche_solicita_suspensao_de_lote_de_medicamento_para_melanoma/,https://institucional.crf-al.org.br/imprensa/noticias/roche_solicita_suspensao_de_lote_de_medicamento_para_melanoma,301
www.crf-al.org.br/juiz_nega_liminar_a_entidade_medica_contra_resolucoes_do_cff/,https://institucional.crf-al.org.br/imprensa/noticias/juiz_nega_liminar_a_entidade_medica_contra_resolucoes_do_cff,301
www.crf-al.org.br/ix_congresso_norte_nordeste_de_geriatria_e_gerontologia_acontece_em_pernambuco/,https://institucional.crf-al.org.br/imprensa/noticias/ix_congresso_norte_nordeste_de_geriatria_e_gerontologia_acontece_em_pernambuco,301
www.crf-al.org.br/crf_al_promove_curso_de_diabetes_mellitus_com_enfase_em_glicemia_capilar/,https://institucional.crf-al.org.br/imprensa/noticias/crf_al_promove_curso_de_diabetes_mellitus_com_enfase_em_glicemia_capilar,301
www.crf-al.org.br/consulta_discute_regra_para_farmacia_fazer_vacinacao/,https://institucional.crf-al.org.br/imprensa/noticias/consulta_discute_regra_para_farmacia_fazer_vacinacao,301
www.crf-al.org.br/problemas_de_seguranca_em_um_de_cada_tres_farmacos_nos_eua/,https://institucional.crf-al.org.br/imprensa/noticias/problemas_de_seguranca_em_um_de_cada_tres_farmacos_nos_eua,301
www.crf-al.org.br/medicamento_para_diabetes_combate_alzheimer/,https://institucional.crf-al.org.br/imprensa/noticias/medicamento_para_diabetes_combate_alzheimer,301
www.crf-al.org.br/seccional_de_arapiraca_promove_curso_de_aplicacao_de_injetaveis/,https://institucional.crf-al.org.br/imprensa/noticias/seccional_de_arapiraca_promove_curso_de_aplicacao_de_injetaveis,301
www.crf-al.org.br/cff_abre_inscricoes_ao_i_congresso_brasileiro_de_ciencias_farmaceuticas/,https://institucional.crf-al.org.br/imprensa/noticias/cff_abre_inscricoes_ao_i_congresso_brasileiro_de_ciencias_farmaceuticas,301
www.crf-al.org.br/crf_al_apoia_v_congresso_de_farmacia_comunitaria/,https://institucional.crf-al.org.br/imprensa/noticias/crf_al_apoia_v_congresso_de_farmacia_comunitaria,301
www.crf-al.org.br/crf_al_lanca_campanha_para_o_uso_racional_de_medicamentos/,https://institucional.crf-al.org.br/imprensa/noticias/crf_al_lanca_campanha_para_o_uso_racional_de_medicamentos,301
www.crf-al.org.br/fenafar_realiza_debate_sobre_valorizacao_profissional_em_alagoas/,https://institucional.crf-al.org.br/imprensa/noticias/fenafar_realiza_debate_sobre_valorizacao_profissional_em_alagoas,301
www.crf-al.org.br/curso_de_excelencia_farmaceutica_esta_com_inscricoes_abertas/,https://institucional.crf-al.org.br/imprensa/noticias/curso_de_excelencia_farmaceutica_esta_com_inscricoes_abertas,301
www.crf-al.org.br/farmaceuticos_estarao_no_centro_de_maceio_aferindo_pressao_e_orientando_populacao/,https://institucional.crf-al.org.br/imprensa/noticias/farmaceuticos_estarao_no_centro_de_maceio_aferindo_pressao_e_orientando_populacao,301
www.crf-al.org.br/medicamentos_para_cancer_e_hemorragias_aprovados/,https://institucional.crf-al.org.br/imprensa/noticias/medicamentos_para_cancer_e_hemorragias_aprovados,301
www.crf-al.org.br/brasil_tem_59_mil_farmacias_que_vendem_controlados/,https://institucional.crf-al.org.br/imprensa/noticias/brasil_tem_59_mil_farmacias_que_vendem_controlados,301
www.crf-al.org.br/ms_abre_espaco_virtual_para_divulgar_bons_projetos_pela_seguranca_do_paciente/,https://institucional.crf-al.org.br/imprensa/noticias/ms_abre_espaco_virtual_para_divulgar_bons_projetos_pela_seguranca_do_paciente,301
www.crf-al.org.br/oms_lanca_esforco_global_para_reduzir_erros_relacionados_a_medicacao/,https://institucional.crf-al.org.br/imprensa/noticias/oms_lanca_esforco_global_para_reduzir_erros_relacionados_a_medicacao,301
www.crf-al.org.br/vacinacao_contra_gripe_comeca_segunda/,https://institucional.crf-al.org.br/imprensa/noticias/vacinacao_contra_gripe_comeca_segunda,301
www.crf-al.org.br/cff_inscreve_trabalhos_a_revista/,https://institucional.crf-al.org.br/imprensa/noticias/cff_inscreve_trabalhos_a_revista,301
www.crf-al.org.br/atendimento_suspenso_a_partir_desta_quinta_feira/,https://institucional.crf-al.org.br/imprensa/noticias/atendimento_suspenso_a_partir_desta_quinta_feira,301
www.crf-al.org.br/seccional_arapiraca_traz_um_evento_sobre_o_papel_do_farmaceutico_no_emagrecimento_e_suplementacao/,https://institucional.crf-al.org.br/imprensa/noticias/seccional_arapiraca_traz_um_evento_sobre_o_papel_do_farmaceutico_no_emagrecimento_e_suplementacao,301
www.crf-al.org.br/crf_al_e_sindfal_informam_que_esta_aberta_inscricoes_para_pos_graduacao/,https://institucional.crf-al.org.br/imprensa/noticias/crf_al_e_sindfal_informam_que_esta_aberta_inscricoes_para_pos_graduacao,301
www.crf-al.org.br/crf_al_apoia_segunda_edicao_do_simposio_academico_de_toxicologia_e_drogas_de_potencial/,https://institucional.crf-al.org.br/imprensa/noticias/crf_al_apoia_segunda_edicao_do_simposio_academico_de_toxicologia_e_drogas_de_potencial,301
www.crf-al.org.br/crf_al_participa_de_projeto_social_em_arapiraca/,https://institucional.crf-al.org.br/imprensa/noticias/crf_al_participa_de_projeto_social_em_arapiraca,301
www.crf-al.org.br/dia_da_beleza_acontece_em_31_de_marco_na_sede_do_crf_al_em_maceio/,https://institucional.crf-al.org.br/imprensa/noticias/dia_da_beleza_acontece_em_31_de_marco_na_sede_do_crf_al_em_maceio,301
www.crf-al.org.br/conselho_federal_de_farmacia_lanca_capacitacao_em_servicos_de_cuidado_farmaceutico_no_sus/,https://institucional.crf-al.org.br/imprensa/noticias/conselho_federal_de_farmacia_lanca_capacitacao_em_servicos_de_cuidado_farmaceutico_no_sus,301
www.crf-al.org.br/diretrizes_curriculares_e_novo_sistema_de_informacao_sao_alguns_dos_temas_discutidos_no_segundo_dia_da_reuniao_geral/,https://institucional.crf-al.org.br/imprensa/noticias/diretrizes_curriculares_e_novo_sistema_de_informacao_sao_alguns_dos_temas_discutidos_no_segundo_dia_da_reuniao_geral,301
www.crf-al.org.br/reacao_as_reformas_fortalecimento_da_uniao_e_descarte_de_medicamentos_em_discussao_na_reuniao_geral/,https://institucional.crf-al.org.br/imprensa/noticias/reacao_as_reformas_fortalecimento_da_uniao_e_descarte_de_medicamentos_em_discussao_na_reuniao_geral,301
www.crf-al.org.br/coletores_menstruais_serao_regularizados_pela_anvisa/,https://institucional.crf-al.org.br/imprensa/noticias/coletores_menstruais_serao_regularizados_pela_anvisa,301
www.crf-al.org.br/remedios_quase_5_mais_caros_em_abril/,https://institucional.crf-al.org.br/imprensa/noticias/remedios_quase_5_mais_caros_em_abril,301
www.crf-al.org.br/ministerio_da_saude_amplia_vacinacao_em_todas_as_faixas_etarias/,https://institucional.crf-al.org.br/imprensa/noticias/ministerio_da_saude_amplia_vacinacao_em_todas_as_faixas_etarias,301
www.crf-al.org.br/em_arapiraca_farmaceutica_hospitalar_se_preocupa_com_uso_racional_de_medicamentos_em_sua_unidade_de_saude/,https://institucional.crf-al.org.br/imprensa/noticias/em_arapiraca_farmaceutica_hospitalar_se_preocupa_com_uso_racional_de_medicamentos_em_sua_unidade_de_saude,301
www.crf-al.org.br/feliz_dia_internacional_da_mulher/,https://institucional.crf-al.org.br/imprensa/noticias/feliz_dia_internacional_da_mulher,301
www.crf-al.org.br/estao_abertas_as_inscricoes_do_iv_simposio_de_farmacia/,https://institucional.crf-al.org.br/imprensa/noticias/estao_abertas_as_inscricoes_do_iv_simposio_de_farmacia,301
www.crf-al.org.br/pesquisa_sobre_fator_de_qualidade_podera_ser_respondida_ate_dia_20_de_marco/,https://institucional.crf-al.org.br/imprensa/noticias/pesquisa_sobre_fator_de_qualidade_podera_ser_respondida_ate_dia_20_de_marco,301
www.crf-al.org.br/crf_al_convida_todas_as_farmaceuticas_para_comemoracao_do_dia_internacional_mulher/,https://institucional.crf-al.org.br/imprensa/noticias/crf_al_convida_todas_as_farmaceuticas_para_comemoracao_do_dia_internacional_mulher,301
www.crf-al.org.br/saude_redistribui_producao_de_biologicos_entre_laboratorios_publicos/,https://institucional.crf-al.org.br/imprensa/noticias/saude_redistribui_producao_de_biologicos_entre_laboratorios_publicos,301
www.crf-al.org.br/cff_comemora_mais_uma_decisao_favoravel_a_resolucao_no_585_13/,https://institucional.crf-al.org.br/imprensa/noticias/cff_comemora_mais_uma_decisao_favoravel_a_resolucao_no_585_13,301
www.crf-al.org.br/conselho_regional_de_farmacia_apoia_ii_workshop_de_atuacao_farmaceutica/,https://institucional.crf-al.org.br/imprensa/noticias/conselho_regional_de_farmacia_apoia_ii_workshop_de_atuacao_farmaceutica,301
www.crf-al.org.br/instituto_racine_amplia_prazo_de_inscricao_para_participar_de_sorteio_de_bolsa_de_estudos/,https://institucional.crf-al.org.br/imprensa/noticias/instituto_racine_amplia_prazo_de_inscricao_para_participar_de_sorteio_de_bolsa_de_estudos,301
www.crf-al.org.br/cff_e_fcfas_chamam_profissoes_da_saude_ao_debate_sobre_cursos_de_ead_na_graduacao/,https://institucional.crf-al.org.br/imprensa/noticias/cff_e_fcfas_chamam_profissoes_da_saude_ao_debate_sobre_cursos_de_ead_na_graduacao,301
www.crf-al.org.br/mercado_farmaceutico_alagoano_tem_crescimento_de_18_em_2016/,https://institucional.crf-al.org.br/imprensa/noticias/mercado_farmaceutico_alagoano_tem_crescimento_de_18_em_2016,301
www.crf-al.org.br/livros_do_profar_ja_estao_disponiveis/,https://institucional.crf-al.org.br/imprensa/noticias/livros_do_profar_ja_estao_disponiveis,301
www.crf-al.org.br/hospitais_de_alagoas_descumprem_legislacao_e_empregam_poucos_farmaceuticos/,https://institucional.crf-al.org.br/imprensa/noticias/hospitais_de_alagoas_descumprem_legislacao_e_empregam_poucos_farmaceuticos,301
www.crf-al.org.br/grupo_de_trabalho_se_reune_para_discutir_sobre_descarte_de_medicamentos/,https://institucional.crf-al.org.br/imprensa/noticias/grupo_de_trabalho_se_reune_para_discutir_sobre_descarte_de_medicamentos,301
www.crf-al.org.br/governo_reune_academia_e_industria_em_debate_sobre_incentivo_a_pesquisa_clinica/,https://institucional.crf-al.org.br/imprensa/noticias/governo_reune_academia_e_industria_em_debate_sobre_incentivo_a_pesquisa_clinica,301
www.crf-al.org.br/fiscais_amazonenses_fazem_treinamento_de_fiscalizacao_eletronica_no_crf_al/,https://institucional.crf-al.org.br/imprensa/noticias/fiscais_amazonenses_fazem_treinamento_de_fiscalizacao_eletronica_no_crf_al,301
www.crf-al.org.br/instituto_racine_sorteia_12_bolsas_de_estudos/,https://institucional.crf-al.org.br/imprensa/noticias/instituto_racine_sorteia_12_bolsas_de_estudos,301
www.crf-al.org.br/conselheiro_do_crf_al_e_o_novo_secretario_do_conselho_municipal_de_saude/,https://institucional.crf-al.org.br/imprensa/noticias/conselheiro_do_crf_al_e_o_novo_secretario_do_conselho_municipal_de_saude,301
www.crf-al.org.br/cff_convida_profissionais_a_responder_pesquisa_sobre_fator_de_qualidade_da_ans/,https://institucional.crf-al.org.br/imprensa/noticias/cff_convida_profissionais_a_responder_pesquisa_sobre_fator_de_qualidade_da_ans,301
www.crf-al.org.br/cff_realiza_encontro_para_debater_ensino_a_distancia_para_cursos_de_farmacia/,https://institucional.crf-al.org.br/imprensa/noticias/cff_realiza_encontro_para_debater_ensino_a_distancia_para_cursos_de_farmacia,301
www.crf-al.org.br/emagrecedor_clandestino_tem_comercio_proibido/,https://institucional.crf-al.org.br/imprensa/noticias/emagrecedor_clandestino_tem_comercio_proibido,301
www.crf-al.org.br/anvisa_proibe_uso_e_venda_de_produtos_que_contenham_noz_da_india_e_chapeu_de_napoleao_utilizados_para_emagrecer/,https://institucional.crf-al.org.br/imprensa/noticias/anvisa_proibe_uso_e_venda_de_produtos_que_contenham_noz_da_india_e_chapeu_de_napoleao_utilizados_para_emagrecer,301
www.crf-al.org.br/genericos_tipo_exportacao/,https://institucional.crf-al.org.br/imprensa/noticias/genericos_tipo_exportacao,301
www.crf-al.org.br/comissao_de_farmacia_comunitaria_realiza_acao_de_combate_ao_cancer_na_ponta_verde/,https://institucional.crf-al.org.br/imprensa/noticias/comissao_de_farmacia_comunitaria_realiza_acao_de_combate_ao_cancer_na_ponta_verde,301
www.crf-al.org.br/cff_disponibiliza_informacoes_sobre_medicamentos_aos_farmaceuticos/,https://institucional.crf-al.org.br/imprensa/noticias/cff_disponibiliza_informacoes_sobre_medicamentos_aos_farmaceuticos,301
www.crf-al.org.br/anvisa_contesta_fantastico_e_garante_generico_e_seguro/,https://institucional.crf-al.org.br/imprensa/noticias/anvisa_contesta_fantastico_e_garante_generico_e_seguro,301
www.crf-al.org.br/anuidade_2017_vencimento_e_na_proxima_terca_feira_31/,https://institucional.crf-al.org.br/imprensa/noticias/anuidade_2017_vencimento_e_na_proxima_terca_feira_31,301
www.crf-al.org.br/em_arapiraca_farmaceuticos_atendem_mais_de_100_pacientes_na_praca_da_prefeitura/,https://institucional.crf-al.org.br/imprensa/noticias/em_arapiraca_farmaceuticos_atendem_mais_de_100_pacientes_na_praca_da_prefeitura,301
www.crf-al.org.br/diretoria_do_crf_al_convida_todos_os_profissionais_a_participarem_das_acoes_do_dia_do_farmaceutico/,https://institucional.crf-al.org.br/imprensa/noticias/diretoria_do_crf_al_convida_todos_os_profissionais_a_participarem_das_acoes_do_dia_do_farmaceutico,301
www.crf-al.org.br/fernando_bacelar_fala_sobre_suplementacao_alimentar_aos_farmaceuticos_alagoanos/,https://institucional.crf-al.org.br/imprensa/noticias/fernando_bacelar_fala_sobre_suplementacao_alimentar_aos_farmaceuticos_alagoanos,301
www.crf-al.org.br/crf_al_prepara_um_fim_de_semana_de_comemoracoes_do_dia_do_farmaceutico/,https://institucional.crf-al.org.br/imprensa/noticias/crf_al_prepara_um_fim_de_semana_de_comemoracoes_do_dia_do_farmaceutico,301
www.crf-al.org.br/conselho_de_farmacia_apoia_campanha_janeiro_branco/,https://institucional.crf-al.org.br/imprensa/noticias/conselho_de_farmacia_apoia_campanha_janeiro_branco,301
www.crf-al.org.br/crf_informa_que_instituto_racine_esta_com_inscricoes_abertas_para_bolsa_de_estudos/,https://institucional.crf-al.org.br/imprensa/noticias/crf_informa_que_instituto_racine_esta_com_inscricoes_abertas_para_bolsa_de_estudos,301
www.crf-al.org.br/crf_al_promove_workshop_sobre_qualidade_de_vida_e_o_papel_do_farmaceutico/,https://institucional.crf-al.org.br/imprensa/noticias/crf_al_promove_workshop_sobre_qualidade_de_vida_e_o_papel_do_farmaceutico,301
www.crf-al.org.br/crf_al_encerra_o_programa_de_educacao_continuada_com_o_tema_inovacao_para_farmacias/,https://institucional.crf-al.org.br/imprensa/noticias/crf_al_encerra_o_programa_de_educacao_continuada_com_o_tema_inovacao_para_farmacias,301
www.crf-al.org.br/ipog_sorteia_convites_para_aula_inaugural_de_pos_graduacao/,https://institucional.crf-al.org.br/imprensa/noticias/ipog_sorteia_convites_para_aula_inaugural_de_pos_graduacao,301
www.crf-al.org.br/coreef_acontece_em_maceio_neste_final_de_semana/,https://institucional.crf-al.org.br/imprensa/noticias/coreef_acontece_em_maceio_neste_final_de_semana,301
www.crf-al.org.br/comunicado_de_ferias_coletivas/,https://institucional.crf-al.org.br/imprensa/noticias/comunicado_de_ferias_coletivas,301
www.crf-al.org.br/crf_al_promove_ultimo_curso_de_atualizacao_de_2016_nesta_quarta_feira_07/,https://institucional.crf-al.org.br/imprensa/noticias/crf_al_promove_ultimo_curso_de_atualizacao_de_2016_nesta_quarta_feira_07,301
www.crf-al.org.br/crf_al_ganha_na_justica_acoes_contra_tecnicos_de_farmacia/,https://institucional.crf-al.org.br/imprensa/noticias/crf_al_ganha_na_justica_acoes_contra_tecnicos_de_farmacia,301
www.crf-al.org.br/nota_de_esclarecimento_anuidades/,https://institucional.crf-al.org.br/imprensa/noticias/nota_de_esclarecimento_anuidades,301
www.crf-al.org.br/crf_al_publica_de_nota_de_repudio_em_defesa_de_farmaceuticos_de_palmeira_dos_indios/,https://institucional.crf-al.org.br/imprensa/noticias/crf_al_publica_de_nota_de_repudio_em_defesa_de_farmaceuticos_de_palmeira_dos_indios,301
www.crf-al.org.br/farmaceuticos_balconistas_e_donos_de_farmacia_participam_de_curso_em_arapiraca/,https://institucional.crf-al.org.br/imprensa/noticias/farmaceuticos_balconistas_e_donos_de_farmacia_participam_de_curso_em_arapiraca,301
www.crf-al.org.br/convocacao_reuniao_plenaria_em_penedo/,https://institucional.crf-al.org.br/imprensa/noticias/convocacao_reuniao_plenaria_em_penedo,301
www.crf-al.org.br/presidente_do_crf_al_sera_o_conferencista_no_ii_congresso_multiprofissional_da_saude/,https://institucional.crf-al.org.br/imprensa/noticias/presidente_do_crf_al_sera_o_conferencista_no_ii_congresso_multiprofissional_da_saude,301
www.crf-al.org.br/crf_al_e_sbffc_convidam_farmaceuticos_e_estudantes_para_degustacao_de_cursos/,https://institucional.crf-al.org.br/imprensa/noticias/crf_al_e_sbffc_convidam_farmaceuticos_e_estudantes_para_degustacao_de_cursos,301
www.crf-al.org.br/exame_da_prostata_nao_faz_o_homem_viver_mais_artigo_por_claudia_collucci/,https://institucional.crf-al.org.br/imprensa/noticias/exame_da_prostata_nao_faz_o_homem_viver_mais_artigo_por_claudia_collucci,301
www.crf-al.org.br/infarma_publicara_resumos_dos_simposios_iberoamericanos_de_plantas_medicinais_e_de_investigacao_em_cancer/,https://institucional.crf-al.org.br/imprensa/noticias/infarma_publicara_resumos_dos_simposios_iberoamericanos_de_plantas_medicinais_e_de_investigacao_em_cancer,301
www.crf-al.org.br/congresso_mundial_de_farmacia_reune_2_mil_profissionais_e_estudantes_em_gramado_rs/,https://institucional.crf-al.org.br/imprensa/noticias/congresso_mundial_de_farmacia_reune_2_mil_profissionais_e_estudantes_em_gramado_rs,301
www.crf-al.org.br/cff_abre_consulta_publica_sobre_titulacao_minima_para_atuacao_no_atendimento_pre_hospitalar_e_farmacia_hospitalar/,https://institucional.crf-al.org.br/imprensa/noticias/cff_abre_consulta_publica_sobre_titulacao_minima_para_atuacao_no_atendimento_pre_hospitalar_e_farmacia_hospitalar,301
www.crf-al.org.br/cff_se_alia_ao_cfm_e_abneuro_em_campanha_de_prevencao_ao_avc/,https://institucional.crf-al.org.br/imprensa/noticias/cff_se_alia_ao_cfm_e_abneuro_em_campanha_de_prevencao_ao_avc,301
www.crf-al.org.br/dengue_chikungunya_e_zika_ameacam_metade_da_populacao_das_americas_opas/,https://institucional.crf-al.org.br/imprensa/noticias/dengue_chikungunya_e_zika_ameacam_metade_da_populacao_das_americas_opas,301
www.crf-al.org.br/crf_al_esta_fechado_nesta_sexta_feira/,https://institucional.crf-al.org.br/imprensa/noticias/crf_al_esta_fechado_nesta_sexta_feira,301
www.crf-al.org.br/cff_abre_inscricao_para_curso_de_educacao_a_distancia_para_estudantes_do_ultimo_ano/,https://institucional.crf-al.org.br/imprensa/noticias/cff_abre_inscricao_para_curso_de_educacao_a_distancia_para_estudantes_do_ultimo_ano,301
www.crf-al.org.br/curso_de_gestao_auditoria_em_sistemas_de_saude_tem_inscricoes_prorrogadas/,https://institucional.crf-al.org.br/imprensa/noticias/curso_de_gestao_auditoria_em_sistemas_de_saude_tem_inscricoes_prorrogadas,301
www.crf-al.org.br/justica_reafirma_radiofarmacia_como_atividade_privativa_do_farmaceutico/,https://institucional.crf-al.org.br/imprensa/noticias/justica_reafirma_radiofarmacia_como_atividade_privativa_do_farmaceutico,301
www.crf-al.org.br/crf_al_apoia_i_ciclo_de_palestra_sobre_papel_do_farmaceutico_no_tratamento_oncologico/,https://institucional.crf-al.org.br/imprensa/noticias/crf_al_apoia_i_ciclo_de_palestra_sobre_papel_do_farmaceutico_no_tratamento_oncologico,301
www.crf-al.org.br/sbffc_promove_ciclo_internacional_de_palestras_e_cursos/,https://institucional.crf-al.org.br/imprensa/noticias/sbffc_promove_ciclo_internacional_de_palestras_e_cursos,301
www.crf-al.org.br/prometazina_nao_esta_sujeita_a_controle_especial/,https://institucional.crf-al.org.br/imprensa/noticias/prometazina_nao_esta_sujeita_a_controle_especial,301
www.crf-al.org.br/senado_abre_consulta_publica_sobre_a_venda_de_medicamentos_em_minimercados/,https://institucional.crf-al.org.br/imprensa/noticias/senado_abre_consulta_publica_sobre_a_venda_de_medicamentos_em_minimercados,301
www.crf-al.org.br/justica_reafirma_legalidade_das_atribuicoes_clinicas_do_farmaceutico/,https://institucional.crf-al.org.br/imprensa/noticias/justica_reafirma_legalidade_das_atribuicoes_clinicas_do_farmaceutico,301
www.crf-al.org.br/suspensa_propaganda_de_dois_suplementos_vitaminicos/,https://institucional.crf-al.org.br/imprensa/noticias/suspensa_propaganda_de_dois_suplementos_vitaminicos,301
www.crf-al.org.br/anvisa_alerta_para_risco_de_superbacterias/,https://institucional.crf-al.org.br/imprensa/noticias/anvisa_alerta_para_risco_de_superbacterias,301
www.crf-al.org.br/confira_a_nova_edicao_de/,https://institucional.crf-al.org.br/imprensa/noticias/confira_a_nova_edicao_de,301
www.crf-al.org.br/projeto_farmacia_viva_tem_apoio_do_conselho_regional_de_farmacia_de_alagoas/,https://institucional.crf-al.org.br/imprensa/noticias/projeto_farmacia_viva_tem_apoio_do_conselho_regional_de_farmacia_de_alagoas,301
www.crf-al.org.br/farmaceuticos_em_acao_crf_al_atende_1_500_pessoas_na_orla_da_pajucara/,https://institucional.crf-al.org.br/imprensa/noticias/farmaceuticos_em_acao_crf_al_atende_1_500_pessoas_na_orla_da_pajucara,301
www.crf-al.org.br/novo_documento_define_normas_no_controle_da_pressao_alta/,https://institucional.crf-al.org.br/imprensa/noticias/novo_documento_define_normas_no_controle_da_pressao_alta,301
www.crf-al.org.br/medicamentos_influenciam_capacidade_de_conducao_de_veiculos/,https://institucional.crf-al.org.br/imprensa/noticias/medicamentos_influenciam_capacidade_de_conducao_de_veiculos,301
www.crf-al.org.br/farmaceuticos_e_educadores_criam_sociedade_brasileira_de_farmacia_clinica/,https://institucional.crf-al.org.br/imprensa/noticias/farmaceuticos_e_educadores_criam_sociedade_brasileira_de_farmacia_clinica,301
www.crf-al.org.br/crf_al_realiza_acao_de_mobilizacao_contra_aedes_aegypti/,https://institucional.crf-al.org.br/imprensa/noticias/crf_al_realiza_acao_de_mobilizacao_contra_aedes_aegypti,301
www.crf-al.org.br/novo_exame_de_sangue_detecta_cancer_10_anos_antes_dos_primeiros_sintomas/,https://institucional.crf-al.org.br/imprensa/noticias/novo_exame_de_sangue_detecta_cancer_10_anos_antes_dos_primeiros_sintomas,301
www.crf-al.org.br/convite_comemoracao_ao_dia_internacional_do_farmaceutico/,https://institucional.crf-al.org.br/imprensa/noticias/convite_comemoracao_ao_dia_internacional_do_farmaceutico,301
www.crf-al.org.br/anvisa_publica_resolucao_que_proibe_comercializacao_de_cloridrato_de_fluoxetina/,https://institucional.crf-al.org.br/imprensa/noticias/anvisa_publica_resolucao_que_proibe_comercializacao_de_cloridrato_de_fluoxetina,301
www.crf-al.org.br/arapiraca_seccional_de_crf_al_promove_palestra_de_atualizacao_profissional/,https://institucional.crf-al.org.br/imprensa/noticias/arapiraca_seccional_de_crf_al_promove_palestra_de_atualizacao_profissional,301
www.crf-al.org.br/crf_al_e_parceiro_no_1o_seminario_em_analise_clinica_da_faculdade_mauricio_de_nassau/,https://institucional.crf-al.org.br/imprensa/noticias/crf_al_e_parceiro_no_1o_seminario_em_analise_clinica_da_faculdade_mauricio_de_nassau,301
www.crf-al.org.br/convocacao_reuniao_plenaria_em_arapiraca/,https://institucional.crf-al.org.br/imprensa/noticias/convocacao_reuniao_plenaria_em_arapiraca,301
www.crf-al.org.br/arapiraca_crf_al_realiza_ii_ciclo_de_palestra_do_agreste_e_sertao_alagoano/,https://institucional.crf-al.org.br/imprensa/noticias/arapiraca_crf_al_realiza_ii_ciclo_de_palestra_do_agreste_e_sertao_alagoano,301
www.crf-al.org.br/publicada_nova_atualizacao_da_portaria_344_98_da_anvisa/,https://institucional.crf-al.org.br/imprensa/noticias/publicada_nova_atualizacao_da_portaria_344_98_da_anvisa,301
www.crf-al.org.br/farmaceuticos_tem_a_sua_disposicao_novo_curso_de_especializacao_com_descontos/,https://institucional.crf-al.org.br/imprensa/noticias/farmaceuticos_tem_a_sua_disposicao_novo_curso_de_especializacao_com_descontos,301
www.crf-al.org.br/crf_al_fecha_parceria_com_escola_de_idiomas/,https://institucional.crf-al.org.br/imprensa/noticias/crf_al_fecha_parceria_com_escola_de_idiomas,301
www.crf-al.org.br/especialista_em_diabetes_ministrou_curso_no_crf_al/,https://institucional.crf-al.org.br/imprensa/noticias/especialista_em_diabetes_ministrou_curso_no_crf_al,301
www.crf-al.org.br/consultor_apresenta_melhores_estrategias_para_sucesso_do_seu_negocio/,https://institucional.crf-al.org.br/imprensa/noticias/consultor_apresenta_melhores_estrategias_para_sucesso_do_seu_negocio,301
www.crf-al.org.br/crf_al_fecha_parceira_com_plano_de_saude_unimed/,https://institucional.crf-al.org.br/imprensa/noticias/crf_al_fecha_parceira_com_plano_de_saude_unimed,301
www.crf-al.org.br/crf_al_promove_simposio_sobre_empreendedorismo_farmaceutico/,https://institucional.crf-al.org.br/imprensa/noticias/crf_al_promove_simposio_sobre_empreendedorismo_farmaceutico,301
www.crf-al.org.br/farmaceuticos_alagoanos_tem_optado_por_abrir_o_proprio_negocio/,https://institucional.crf-al.org.br/imprensa/noticias/farmaceuticos_alagoanos_tem_optado_por_abrir_o_proprio_negocio,301
www.crf-al.org.br/novo_projeto_do/,https://institucional.crf-al.org.br/imprensa/noticias/novo_projeto_do,301
www.crf-al.org.br/crf_al_promove_ciclo_de_palestras_sobre_farmacia_hospitalar/,https://institucional.crf-al.org.br/imprensa/noticias/crf_al_promove_ciclo_de_palestras_sobre_farmacia_hospitalar,301
www.crf-al.org.br/nova_droga_contra_o_mal_de_alzheimer_vai_bem_em_teste/,https://institucional.crf-al.org.br/imprensa/noticias/nova_droga_contra_o_mal_de_alzheimer_vai_bem_em_teste,301
www.crf-al.org.br/o_peso_do_sedentarismo/,https://institucional.crf-al.org.br/imprensa/noticias/o_peso_do_sedentarismo,301
www.crf-al.org.br/cura_da_hepatite_c_pode_estar_proxima/,https://institucional.crf-al.org.br/imprensa/noticias/cura_da_hepatite_c_pode_estar_proxima,301
www.crf-al.org.br/comite_internacional_diz_que_sarampo_esta_eliminado_no_brasil/,https://institucional.crf-al.org.br/imprensa/noticias/comite_internacional_diz_que_sarampo_esta_eliminado_no_brasil,301
www.crf-al.org.br/_regulamentacao_de_prescricao_farmaceutica_e_tema_de_palestra_no_crf_al/,https://institucional.crf-al.org.br/imprensa/noticias/_regulamentacao_de_prescricao_farmaceutica_e_tema_de_palestra_no_crf_al,301
www.crf-al.org.br/zika_pode_afetar/,https://institucional.crf-al.org.br/imprensa/noticias/zika_pode_afetar,301
www.crf-al.org.br/substancia_conhecida_como_pilula_do_cancer_e_testada_em_seres_humanos/,https://institucional.crf-al.org.br/imprensa/noticias/substancia_conhecida_como_pilula_do_cancer_e_testada_em_seres_humanos,301
www.crf-al.org.br/inscricoes_para_pesquisas_sobre_o_zika_sao_prorrogadas_ate_10_de_agosto/,https://institucional.crf-al.org.br/imprensa/noticias/inscricoes_para_pesquisas_sobre_o_zika_sao_prorrogadas_ate_10_de_agosto,301
www.crf-al.org.br/testes_com/,https://institucional.crf-al.org.br/imprensa/noticias/testes_com,301
www.crf-al.org.br/pernilongo_pode_transmitir_zika_mostra_estudo/,https://institucional.crf-al.org.br/imprensa/noticias/pernilongo_pode_transmitir_zika_mostra_estudo,301
www.crf-al.org.br/protecao_contra_o_alzheimer_pela_flora_intestinal/,https://institucional.crf-al.org.br/imprensa/noticias/protecao_contra_o_alzheimer_pela_flora_intestinal,301
www.crf-al.org.br/subseccao_do_crf_al_em_arapiraca_apresenta_resolucoes_farmaceuticas_a_sms/,https://institucional.crf-al.org.br/imprensa/noticias/subseccao_do_crf_al_em_arapiraca_apresenta_resolucoes_farmaceuticas_a_sms,301
www.crf-al.org.br/virus_mais_agressivo_da_dengue_avanca_no_brasil/,https://institucional.crf-al.org.br/imprensa/noticias/virus_mais_agressivo_da_dengue_avanca_no_brasil,301
www.crf-al.org.br/zika_e_dengue_podem_ter_interacao_perigosa/,https://institucional.crf-al.org.br/imprensa/noticias/zika_e_dengue_podem_ter_interacao_perigosa,301
www.crf-al.org.br/palestra_sobre_prescricao_farmaceutica_ibras/,https://institucional.crf-al.org.br/imprensa/noticias/palestra_sobre_prescricao_farmaceutica_ibras,301
www.crf-al.org.br/obesidade_e_tres_vezes_mais_mortal_entre_os_homens_diz_estudo/,https://institucional.crf-al.org.br/imprensa/noticias/obesidade_e_tres_vezes_mais_mortal_entre_os_homens_diz_estudo,301
www.crf-al.org.br/no_de_casos_de_aids_no_brasil_volta_a_crescer_e_ja_supera_5_registros_por_hora/,https://institucional.crf-al.org.br/imprensa/noticias/no_de_casos_de_aids_no_brasil_volta_a_crescer_e_ja_supera_5_registros_por_hora,301
www.crf-al.org.br/eua_diretriz_para_diagnostico_de_diabetes_exclui_metade_de_pacientes_de_risco/,https://institucional.crf-al.org.br/imprensa/noticias/eua_diretriz_para_diagnostico_de_diabetes_exclui_metade_de_pacientes_de_risco,301
www.crf-al.org.br/chikungunya_desafia_ciencia_e_ja_mata_mais_que_dengue_e_zika_no_nordeste/,https://institucional.crf-al.org.br/imprensa/noticias/chikungunya_desafia_ciencia_e_ja_mata_mais_que_dengue_e_zika_no_nordeste,301
www.crf-al.org.br/farmacias_de_elite/,https://institucional.crf-al.org.br/imprensa/noticias/farmacias_de_elite,301
www.crf-al.org.br/saude_libera_r_6_4_milhoes_para_aprimorar_assistencia_farmaceutica/,https://institucional.crf-al.org.br/imprensa/noticias/saude_libera_r_6_4_milhoes_para_aprimorar_assistencia_farmaceutica,301
www.crf-al.org.br/novas_abordagens_contra_o_cancer/,https://institucional.crf-al.org.br/imprensa/noticias/novas_abordagens_contra_o_cancer,301
www.crf-al.org.br/medicamentos_exercem_principal_impacto_na_inflacao_do_semestre/,https://institucional.crf-al.org.br/imprensa/noticias/medicamentos_exercem_principal_impacto_na_inflacao_do_semestre,301
www.crf-al.org.br/turbinagem_celular_cura_doenca_autoimune/,https://institucional.crf-al.org.br/imprensa/noticias/turbinagem_celular_cura_doenca_autoimune,301
www.crf-al.org.br/listas_de_substancias_controladas_sao_atualizadas/,https://institucional.crf-al.org.br/imprensa/noticias/listas_de_substancias_controladas_sao_atualizadas,301
www.crf-al.org.br/doutor_em_farmacologia_orienta_sobre_prescricao_farmaceutica_no_crf_al/,https://institucional.crf-al.org.br/imprensa/noticias/doutor_em_farmacologia_orienta_sobre_prescricao_farmaceutica_no_crf_al,301
www.crf-al.org.br/industria_nacional_desenvolve_generico_para_prevencao_do_hiv/,https://institucional.crf-al.org.br/imprensa/noticias/industria_nacional_desenvolve_generico_para_prevencao_do_hiv,301
www.crf-al.org.br/exame_de_sangue_evita_uso_incorreto_de_antibioticos/,https://institucional.crf-al.org.br/imprensa/noticias/exame_de_sangue_evita_uso_incorreto_de_antibioticos,301
www.crf-al.org.br/presidente_do_crf_al_participa_de_audiencia_publica_e_de_marcha_para_defesa_da_saude/,https://institucional.crf-al.org.br/imprensa/noticias/presidente_do_crf_al_participa_de_audiencia_publica_e_de_marcha_para_defesa_da_saude,301
www.crf-al.org.br/os_remedios_pela_hora_da_morte/,https://institucional.crf-al.org.br/imprensa/noticias/os_remedios_pela_hora_da_morte,301
www.crf-al.org.br/crf_al_promove_palestra_sobre_prescricao_farmaceutica_dor_febre_e_cefaleia/,https://institucional.crf-al.org.br/imprensa/noticias/crf_al_promove_palestra_sobre_prescricao_farmaceutica_dor_febre_e_cefaleia,301
www.crf-al.org.br/atencao_ao_idoso_crf_al_promove_modelo_de_palestra_inedito_no_brasil/,https://institucional.crf-al.org.br/imprensa/noticias/atencao_ao_idoso_crf_al_promove_modelo_de_palestra_inedito_no_brasil,301
www.crf-al.org.br/ibge_11_milhoes_usam_remedios_para_dormir/,https://institucional.crf-al.org.br/imprensa/noticias/ibge_11_milhoes_usam_remedios_para_dormir,301
www.crf-al.org.br/aspirina_pode_ajudar_no_tratamento_de_tumores_no_cerebro_aponta_estudo/,https://institucional.crf-al.org.br/imprensa/noticias/aspirina_pode_ajudar_no_tratamento_de_tumores_no_cerebro_aponta_estudo,301
www.crf-al.org.br/condicoes_especiais_para_a_compra_do_seu_automovel/,https://institucional.crf-al.org.br/imprensa/noticias/condicoes_especiais_para_a_compra_do_seu_automovel,301
www.crf-al.org.br/bacteria_da_hanseniase_se/,https://institucional.crf-al.org.br/imprensa/noticias/bacteria_da_hanseniase_se,301
www.crf-al.org.br/luz_no_combate_a_infeccoes_decorrentes_de_diabetes/,https://institucional.crf-al.org.br/imprensa/noticias/luz_no_combate_a_infeccoes_decorrentes_de_diabetes,301
www.crf-al.org.br/uber_da_saude_quer_revolucionar_medicina_com_doutores_que_vao_visitar_voce_em_casa/,https://institucional.crf-al.org.br/imprensa/noticias/uber_da_saude_quer_revolucionar_medicina_com_doutores_que_vao_visitar_voce_em_casa,301
www.crf-al.org.br/crf_al_promove_ciclo_de_palestra_sobre_atencao_farmaceutica_aos_idosos/,https://institucional.crf-al.org.br/imprensa/noticias/crf_al_promove_ciclo_de_palestra_sobre_atencao_farmaceutica_aos_idosos,301
www.crf-al.org.br/nota_de_repudio/,https://institucional.crf-al.org.br/imprensa/noticias/nota_de_repudio,301
www.crf-al.org.br/como_nasce_um_mip/,https://institucional.crf-al.org.br/imprensa/noticias/como_nasce_um_mip,301
www.crf-al.org.br/termometros_com_mercurio_podem_ser_proibidos/,https://institucional.crf-al.org.br/imprensa/noticias/termometros_com_mercurio_podem_ser_proibidos,301
www.crf-al.org.br/por_que_so_50_das_1_200_farmacias_uruguaias_comecarao_a_vender_maconha/,https://institucional.crf-al.org.br/imprensa/noticias/por_que_so_50_das_1_200_farmacias_uruguaias_comecarao_a_vender_maconha,301
www.crf-al.org.br/a_automedicacao_piora_a_dor/,https://institucional.crf-al.org.br/imprensa/noticias/a_automedicacao_piora_a_dor,301
www.crf-al.org.br/pilula_do_cancer_falha_em_mais_um_teste/,https://institucional.crf-al.org.br/imprensa/noticias/pilula_do_cancer_falha_em_mais_um_teste,301
www.crf-al.org.br/estudos_de_neurociencia_superaram_a_psicanalise/,https://institucional.crf-al.org.br/imprensa/noticias/estudos_de_neurociencia_superaram_a_psicanalise,301
www.crf-al.org.br/projeto_brasileiro_inicia_mapa_genetico_da_zika_e_ja_detecta_mutacoes/,https://institucional.crf-al.org.br/imprensa/noticias/projeto_brasileiro_inicia_mapa_genetico_da_zika_e_ja_detecta_mutacoes,301
www.crf-al.org.br/adultos_podem_desenvolver_deficit_de_atencao_diz_pesquisa_brasileira/,https://institucional.crf-al.org.br/imprensa/noticias/adultos_podem_desenvolver_deficit_de_atencao_diz_pesquisa_brasileira,301
www.crf-al.org.br/em_busca_de_um_modelo_sustentavel/,https://institucional.crf-al.org.br/imprensa/noticias/em_busca_de_um_modelo_sustentavel,301
www.crf-al.org.br/ministerio_estuda_ampliar_a_vacinacao_contra_hpv_no_pais/,https://institucional.crf-al.org.br/imprensa/noticias/ministerio_estuda_ampliar_a_vacinacao_contra_hpv_no_pais,301
www.crf-al.org.br/memento_fitoterapico_estimula_uso_de_plantas_medicinais/,https://institucional.crf-al.org.br/imprensa/noticias/memento_fitoterapico_estimula_uso_de_plantas_medicinais,301
www.crf-al.org.br/ministerio_da_saude_pode_comprar_testes_que_comprovam_zika/,https://institucional.crf-al.org.br/imprensa/noticias/ministerio_da_saude_pode_comprar_testes_que_comprovam_zika,301
www.crf-al.org.br/estudo_com_caes_indica_que_droga_pode_prolongar_vida/,https://institucional.crf-al.org.br/imprensa/noticias/estudo_com_caes_indica_que_droga_pode_prolongar_vida,301
www.crf-al.org.br/bulasmed_bulas_completas_de_medicamentos_em_um_aplicativo_gratuito_e_totalmente_offline/,https://institucional.crf-al.org.br/imprensa/noticias/bulasmed_bulas_completas_de_medicamentos_em_um_aplicativo_gratuito_e_totalmente_offline,301
www.crf-al.org.br/psicotropicos_sao_remedios_com_maior_alta/,https://institucional.crf-al.org.br/imprensa/noticias/psicotropicos_sao_remedios_com_maior_alta,301
www.crf-al.org.br/antidepressivos_nao_oferecem_beneficio_claro_em_criancas_e_jovens_diz_estudo/,https://institucional.crf-al.org.br/imprensa/noticias/antidepressivos_nao_oferecem_beneficio_claro_em_criancas_e_jovens_diz_estudo,301
www.crf-al.org.br/bacterias_do_intestino_podem_agir_no_sistema_nervoso_e_provocar_obesidade/,https://institucional.crf-al.org.br/imprensa/noticias/bacterias_do_intestino_podem_agir_no_sistema_nervoso_e_provocar_obesidade,301
www.crf-al.org.br/estudo_confirma_caso_de_bebe_sem_microcefalia_mas_com_lesoes_causadas_por_zika/,https://institucional.crf-al.org.br/imprensa/noticias/estudo_confirma_caso_de_bebe_sem_microcefalia_mas_com_lesoes_causadas_por_zika,301
www.crf-al.org.br/estudo_com_novos_exames_de_sangue_aponta_para_tratamento_de_depressao_personalizado/,https://institucional.crf-al.org.br/imprensa/noticias/estudo_com_novos_exames_de_sangue_aponta_para_tratamento_de_depressao_personalizado,301
www.crf-al.org.br/programa_bilionario_dos_eua_pretende_dar/,https://institucional.crf-al.org.br/imprensa/noticias/programa_bilionario_dos_eua_pretende_dar,301
www.crf-al.org.br/morre_aos_95_o_farmaceutico_dr_paulo_queiroz_marques/,https://institucional.crf-al.org.br/imprensa/noticias/morre_aos_95_o_farmaceutico_dr_paulo_queiroz_marques,301
www.crf-al.org.br/estudo_prova_ser_possivel_criacao_de_vacina_anticancer_folha/,https://institucional.crf-al.org.br/imprensa/noticias/estudo_prova_ser_possivel_criacao_de_vacina_anticancer_folha,301
www.crf-al.org.br/governo_federal_anuncia_r_65_mi_para_novas_pesquisas_sobre_o_virus_da_zika/,https://institucional.crf-al.org.br/imprensa/noticias/governo_federal_anuncia_r_65_mi_para_novas_pesquisas_sobre_o_virus_da_zika,301
www.crf-al.org.br/discussao_sobre_sistema_nacional_para_rastrear_medicamentos_sera_adiada/,https://institucional.crf-al.org.br/imprensa/noticias/discussao_sobre_sistema_nacional_para_rastrear_medicamentos_sera_adiada,301
www.crf-al.org.br/rastreamento_de_medicamentos_deve_ser_adiado_e_ficar_para_2021/,https://institucional.crf-al.org.br/imprensa/noticias/rastreamento_de_medicamentos_deve_ser_adiado_e_ficar_para_2021,301
www.crf-al.org.br/testes_em_ratos_mostram_que_pilula_do_cancer_nao_faz_mal_mas_e_ineficaz/,https://institucional.crf-al.org.br/imprensa/noticias/testes_em_ratos_mostram_que_pilula_do_cancer_nao_faz_mal_mas_e_ineficaz,301
www.crf-al.org.br/aprovados_medicamentos_ineditos_para_cancer_e_diabetes/,https://institucional.crf-al.org.br/imprensa/noticias/aprovados_medicamentos_ineditos_para_cancer_e_diabetes,301
www.crf-al.org.br/por_que_a_vacina_da_dengue_e_tao_cara/,https://institucional.crf-al.org.br/imprensa/noticias/por_que_a_vacina_da_dengue_e_tao_cara,301
www.crf-al.org.br/uma_vacina_em_constante_mutacao/,https://institucional.crf-al.org.br/imprensa/noticias/uma_vacina_em_constante_mutacao,301
www.crf-al.org.br/cancer_pode_ser_combatido_com_transplante_de_celulas_de_pessoa_saudavel/,https://institucional.crf-al.org.br/imprensa/noticias/cancer_pode_ser_combatido_com_transplante_de_celulas_de_pessoa_saudavel,301
www.crf-al.org.br/crf_al_participa_de_assembleia_geral_do_sindicato_dos_farmaceuticos/,https://institucional.crf-al.org.br/imprensa/noticias/crf_al_participa_de_assembleia_geral_do_sindicato_dos_farmaceuticos,301
www.crf-al.org.br/cancer_deentre_menores_de_50_anos_aumenta_nos_eua/,https://institucional.crf-al.org.br/imprensa/noticias/cancer_deentre_menores_de_50_anos_aumenta_nos_eua,301
www.crf-al.org.br/anvisa_inclui_novas_substancias_em_listas_de_produtos_controlados/,https://institucional.crf-al.org.br/imprensa/noticias/anvisa_inclui_novas_substancias_em_listas_de_produtos_controlados,301
www.crf-al.org.br/realidade_virtual_e_a_luta_contra_o_alzheimer/,https://institucional.crf-al.org.br/imprensa/noticias/realidade_virtual_e_a_luta_contra_o_alzheimer,301
www.crf-al.org.br/estudo_revela_que_perda_do_cromossomo_y_esta_relacionada_com_alzheimer/,https://institucional.crf-al.org.br/imprensa/noticias/estudo_revela_que_perda_do_cromossomo_y_esta_relacionada_com_alzheimer,301
www.crf-al.org.br/bebes_de_maes_com_zika_serao_acompanhados_diz_ministro_da_saude/,https://institucional.crf-al.org.br/imprensa/noticias/bebes_de_maes_com_zika_serao_acompanhados_diz_ministro_da_saude,301
www.crf-al.org.br/pesquisadores_propoem_nova_pilula_no_sus_para_prevenir_aids/,https://institucional.crf-al.org.br/imprensa/noticias/pesquisadores_propoem_nova_pilula_no_sus_para_prevenir_aids,301
www.crf-al.org.br/estudo_aponta_que_nao_tomar_sol_e_tao_prejudicial_quanto_fumar/,https://institucional.crf-al.org.br/imprensa/noticias/estudo_aponta_que_nao_tomar_sol_e_tao_prejudicial_quanto_fumar,301
www.crf-al.org.br/decisao_que_suspende_liberacao_da/,https://institucional.crf-al.org.br/imprensa/noticias/decisao_que_suspende_liberacao_da,301
www.crf-al.org.br/evandro_chagas_testara_vacina_contra_zika_em_animais_em_novembro/,https://institucional.crf-al.org.br/imprensa/noticias/evandro_chagas_testara_vacina_contra_zika_em_animais_em_novembro,301
www.crf-al.org.br/casos_provaveis_de_chikungunya_crescem_562_zika_avanca/,https://institucional.crf-al.org.br/imprensa/noticias/casos_provaveis_de_chikungunya_crescem_562_zika_avanca,301
www.crf-al.org.br/gripe_h1n1_ja_matou_470_pessoas_no_brasil_em_2016/,https://institucional.crf-al.org.br/imprensa/noticias/gripe_h1n1_ja_matou_470_pessoas_no_brasil_em_2016,301
www.crf-al.org.br/cff_cria_projeto_para_apoiar_gestao_dos_conselhos_regionais/,https://institucional.crf-al.org.br/imprensa/noticias/cff_cria_projeto_para_apoiar_gestao_dos_conselhos_regionais,301
www.crf-al.org.br/velha_conhecida_vacina_contra_rinite_diminui_sintomas_em_ate_80/,https://institucional.crf-al.org.br/imprensa/noticias/velha_conhecida_vacina_contra_rinite_diminui_sintomas_em_ate_80,301
www.crf-al.org.br/cientistas_americanos_produzem_clone_da_zika_e_avancam_na_busca_por_vacina/,https://institucional.crf-al.org.br/imprensa/noticias/cientistas_americanos_produzem_clone_da_zika_e_avancam_na_busca_por_vacina,301
www.crf-al.org.br/pilula_do_cancer_so_vai_para_o_sus_se_anvisa_comprovar_efeito_diz_ministro/,https://institucional.crf-al.org.br/imprensa/noticias/pilula_do_cancer_so_vai_para_o_sus_se_anvisa_comprovar_efeito_diz_ministro,301
www.crf-al.org.br/fim_do_sus_a_ameaca_de_corte_no_gasto_obrigatorio_com_saude/,https://institucional.crf-al.org.br/imprensa/noticias/fim_do_sus_a_ameaca_de_corte_no_gasto_obrigatorio_com_saude,301
www.crf-al.org.br/apos_cancer_homem_recebe_primeiro_transplante_de_penis_dos_eua/,https://institucional.crf-al.org.br/imprensa/noticias/apos_cancer_homem_recebe_primeiro_transplante_de_penis_dos_eua,301
www.crf-al.org.br/uip_vai_discutir/,https://institucional.crf-al.org.br/imprensa/noticias/uip_vai_discutir,301
www.crf-al.org.br/vicio_em_analgesicos_explode_nos_eua/,https://institucional.crf-al.org.br/imprensa/noticias/vicio_em_analgesicos_explode_nos_eua,301
www.crf-al.org.br/corrida_contra_a_zika/,https://institucional.crf-al.org.br/imprensa/noticias/corrida_contra_a_zika,301
www.crf-al.org.br/oms_pede_para_gravidas_evitarem_o_rio_de_janeiro_palco_da_olimpiada/,https://institucional.crf-al.org.br/imprensa/noticias/oms_pede_para_gravidas_evitarem_o_rio_de_janeiro_palco_da_olimpiada,301
www.crf-al.org.br/oms_recomenda_o_uso_de_preservativos_por_6_semanas_apos_rio_2016/,https://institucional.crf-al.org.br/imprensa/noticias/oms_recomenda_o_uso_de_preservativos_por_6_semanas_apos_rio_2016,301
www.crf-al.org.br/pela_1a_vez_estudo_mostra_como_virus_brasileiro_da_zika_atua_no_cerebro/,https://institucional.crf-al.org.br/imprensa/noticias/pela_1a_vez_estudo_mostra_como_virus_brasileiro_da_zika_atua_no_cerebro,301
www.crf-al.org.br/transfusao_de_sangue_pode_transmitir_virus_da_dengue_e_da_zika/,https://institucional.crf-al.org.br/imprensa/noticias/transfusao_de_sangue_pode_transmitir_virus_da_dengue_e_da_zika,301
www.crf-al.org.br/cientistas_norte_americanos_desenvolvem_novo_teste_diagnostico_para_zika/,https://institucional.crf-al.org.br/imprensa/noticias/cientistas_norte_americanos_desenvolvem_novo_teste_diagnostico_para_zika,301
www.crf-al.org.br/estudo_mostra_que_zika_leva_celulas_do_cerebro_a_autodestruicao/,https://institucional.crf-al.org.br/imprensa/noticias/estudo_mostra_que_zika_leva_celulas_do_cerebro_a_autodestruicao,301
www.crf-al.org.br/aedes_aegypti_infectados_com_bacteria_nao_transmitem_zika_aponta_estudo/,https://institucional.crf-al.org.br/imprensa/noticias/aedes_aegypti_infectados_com_bacteria_nao_transmitem_zika_aponta_estudo,301
www.crf-al.org.br/primeira_vacina_contra_dengue_deve_custar_ate_r_400/,https://institucional.crf-al.org.br/imprensa/noticias/primeira_vacina_contra_dengue_deve_custar_ate_r_400,301
www.crf-al.org.br/mapa_do_cancer_de_mama/,https://institucional.crf-al.org.br/imprensa/noticias/mapa_do_cancer_de_mama,301
www.crf-al.org.br/zika_causa_danos_mais_serios_do_que_se_esperava/,https://institucional.crf-al.org.br/imprensa/noticias/zika_causa_danos_mais_serios_do_que_se_esperava,301
www.crf-al.org.br/como_a_maconha_afeta_o_cerebro_adolescente/,https://institucional.crf-al.org.br/imprensa/noticias/como_a_maconha_afeta_o_cerebro_adolescente,301
www.crf-al.org.br/crf_al_promove_palestra_para_estudantes_de_farmacia_da_faculdade_mauricio_de_nassau/,https://institucional.crf-al.org.br/imprensa/noticias/crf_al_promove_palestra_para_estudantes_de_farmacia_da_faculdade_mauricio_de_nassau,301
www.crf-al.org.br/medicamentos_prejudicam_os_microbios_que_cuidam_da_nossa_saude/,https://institucional.crf-al.org.br/imprensa/noticias/medicamentos_prejudicam_os_microbios_que_cuidam_da_nossa_saude,301
www.crf-al.org.br/epidemia_de_dengue_e_a_maior_da_historia/,https://institucional.crf-al.org.br/imprensa/noticias/epidemia_de_dengue_e_a_maior_da_historia,301
www.crf-al.org.br/h1n1_mortes_sobem_50_no_pais_em_uma_semana/,https://institucional.crf-al.org.br/imprensa/noticias/h1n1_mortes_sobem_50_no_pais_em_uma_semana,301
www.crf-al.org.br/mortes_por_virus_aumentam_8_vezes_em_pe_chikungunya_e_principal_suspeito/,https://institucional.crf-al.org.br/imprensa/noticias/mortes_por_virus_aumentam_8_vezes_em_pe_chikungunya_e_principal_suspeito,301
www.crf-al.org.br/relatorio_da_oms_mostra_que_e_possivel_eliminar_a_malaria_ate_2030/,https://institucional.crf-al.org.br/imprensa/noticias/relatorio_da_oms_mostra_que_e_possivel_eliminar_a_malaria_ate_2030,301
www.crf-al.org.br/farmaceuticos_do_agreste_e_sertao_participam_de_curso_de_atualizacao_em_arapiraca/,https://institucional.crf-al.org.br/imprensa/noticias/farmaceuticos_do_agreste_e_sertao_participam_de_curso_de_atualizacao_em_arapiraca,301
www.crf-al.org.br/crf_realiza_i_ciclo_de_palestra_agreste_sertao/,https://institucional.crf-al.org.br/imprensa/noticias/crf_realiza_i_ciclo_de_palestra_agreste_sertao,301
www.crf-al.org.br/uso_abusivo_reduz_estoque_de_tamiflu/,https://institucional.crf-al.org.br/imprensa/noticias/uso_abusivo_reduz_estoque_de_tamiflu,301
www.crf-al.org.br/comissao_deve_concluir_votacao_de_projeto_que_torna_mais_agil_registro_de_medicamentos/,https://institucional.crf-al.org.br/imprensa/noticias/comissao_deve_concluir_votacao_de_projeto_que_torna_mais_agil_registro_de_medicamentos,301
www.crf-al.org.br/contagio_sexual_por_zika_leva_a_nova_orientacao_a_gravidas/,https://institucional.crf-al.org.br/imprensa/noticias/contagio_sexual_por_zika_leva_a_nova_orientacao_a_gravidas,301
www.crf-al.org.br/especialista_alerta_para_a_negligencia_com_doencas_associadas_ao_aedes/,https://institucional.crf-al.org.br/imprensa/noticias/especialista_alerta_para_a_negligencia_com_doencas_associadas_ao_aedes,301
www.crf-al.org.br/juristas_questionam_validade_da_lei_que_autoriza/,https://institucional.crf-al.org.br/imprensa/noticias/juristas_questionam_validade_da_lei_que_autoriza,301
www.crf-al.org.br/associacoes_de_pacientes_nao_recomendam_uso_da/,https://institucional.crf-al.org.br/imprensa/noticias/associacoes_de_pacientes_nao_recomendam_uso_da,301
www.crf-al.org.br/ministerio_da_saude_sugere_receita_controlada_da/,https://institucional.crf-al.org.br/imprensa/noticias/ministerio_da_saude_sugere_receita_controlada_da,301
www.crf-al.org.br/vacina_contra_h1n1_nao_pode_ser_aplicada_em_bebes_de_ate_6_meses/,https://institucional.crf-al.org.br/imprensa/noticias/vacina_contra_h1n1_nao_pode_ser_aplicada_em_bebes_de_ate_6_meses,301
www.crf-al.org.br/presidente_dilma_sanciona_lei_que_libera/,https://institucional.crf-al.org.br/imprensa/noticias/presidente_dilma_sanciona_lei_que_libera,301
www.crf-al.org.br/cientistas_brasileiros_ligam_zika_a_novo_disturbio_cerebral_em_adultos/,https://institucional.crf-al.org.br/imprensa/noticias/cientistas_brasileiros_ligam_zika_a_novo_disturbio_cerebral_em_adultos,301
www.crf-al.org.br/anvisa_da_aval_temporario_a_uso_de_mosquito_transgenico/,https://institucional.crf-al.org.br/imprensa/noticias/anvisa_da_aval_temporario_a_uso_de_mosquito_transgenico,301
www.crf-al.org.br/pais_registra_102_mortes_por_complicacoes_da_gripe_h1n1_sp_lidera/,https://institucional.crf-al.org.br/imprensa/noticias/pais_registra_102_mortes_por_complicacoes_da_gripe_h1n1_sp_lidera,301
www.crf-al.org.br/google_registra_patente_de_drone_que_entrega_medicamentos_sob_demanda/,https://institucional.crf-al.org.br/imprensa/noticias/google_registra_patente_de_drone_que_entrega_medicamentos_sob_demanda,301
www.crf-al.org.br/ministerio_dobra_pedido_e_estoca_antiviral_para_tratar_2_5_milhoes_contra_o_h1n1/,https://institucional.crf-al.org.br/imprensa/noticias/ministerio_dobra_pedido_e_estoca_antiviral_para_tratar_2_5_milhoes_contra_o_h1n1,301
www.crf-al.org.br/uma_em_cada_dez_pessoas_tem_insonia_conheca_dez_causas_para_o_disturbio/,https://institucional.crf-al.org.br/imprensa/noticias/uma_em_cada_dez_pessoas_tem_insonia_conheca_dez_causas_para_o_disturbio,301
www.crf-al.org.br/diabetes_quase_1_em_cada_10_brasileiros_tem_a_doenca/,https://institucional.crf-al.org.br/imprensa/noticias/diabetes_quase_1_em_cada_10_brasileiros_tem_a_doenca,301
www.crf-al.org.br/produto_biologico_novo_para_tratamento_de_cancer_e_aprovado_pela_anvisa/,https://institucional.crf-al.org.br/imprensa/noticias/produto_biologico_novo_para_tratamento_de_cancer_e_aprovado_pela_anvisa,301
www.crf-al.org.br/lista_de_denominacoes_comuns_brasileiras_da_farmacopeia_tem_novas_nomenclaturas/,https://institucional.crf-al.org.br/imprensa/noticias/lista_de_denominacoes_comuns_brasileiras_da_farmacopeia_tem_novas_nomenclaturas,301
www.crf-al.org.br/genericos_se_consolidam_na_crise/,https://institucional.crf-al.org.br/imprensa/noticias/genericos_se_consolidam_na_crise,301
www.crf-al.org.br/alternativa_ao_transplante/,https://institucional.crf-al.org.br/imprensa/noticias/alternativa_ao_transplante,301
www.crf-al.org.br/pais_ja_registra_71_mortes_por_h1n1_destas_55_ocorreram_em_sp/,https://institucional.crf-al.org.br/imprensa/noticias/pais_ja_registra_71_mortes_por_h1n1_destas_55_ocorreram_em_sp,301
www.crf-al.org.br/tire_suas_duvidas_sobre_a_gripe_h1n1/,https://institucional.crf-al.org.br/imprensa/noticias/tire_suas_duvidas_sobre_a_gripe_h1n1,301
www.crf-al.org.br/alem_de_medo_da_zika_gravidas_agora_buscam_blindagem_contra_virus_h1n1/,https://institucional.crf-al.org.br/imprensa/noticias/alem_de_medo_da_zika_gravidas_agora_buscam_blindagem_contra_virus_h1n1,301
www.crf-al.org.br/usp_fecha_laboratorio_da/,https://institucional.crf-al.org.br/imprensa/noticias/usp_fecha_laboratorio_da,301
www.crf-al.org.br/usp_faz_representacao_criminal_contra_criador_da_pilula_do_cancer/,https://institucional.crf-al.org.br/imprensa/noticias/usp_faz_representacao_criminal_contra_criador_da_pilula_do_cancer,301
www.crf-al.org.br/zika_sequestra_proteina_de_celula_tronco/,https://institucional.crf-al.org.br/imprensa/noticias/zika_sequestra_proteina_de_celula_tronco,301
www.crf-al.org.br/pilula_do_cancer_afronta_rigor_de_pesquisas_medicas/,https://institucional.crf-al.org.br/imprensa/noticias/pilula_do_cancer_afronta_rigor_de_pesquisas_medicas,301
www.crf-al.org.br/alteracoes_pos_registro_de_medicamentos_ganha_novas_regras/,https://institucional.crf-al.org.br/imprensa/noticias/alteracoes_pos_registro_de_medicamentos_ganha_novas_regras,301
www.crf-al.org.br/genetica_explica_disturbios_de_ansiedade_durante_a_adolescencia/,https://institucional.crf-al.org.br/imprensa/noticias/genetica_explica_disturbios_de_ansiedade_durante_a_adolescencia,301
www.crf-al.org.br/crf_al_participa_de_da_sexagesima_segunda_lxii_reuniao_geral_dos_conselhos_federal_e_regionais_de_farmacia/,https://institucional.crf-al.org.br/imprensa/noticias/crf_al_participa_de_da_sexagesima_segunda_lxii_reuniao_geral_dos_conselhos_federal_e_regionais_de_farmacia,301
www.crf-al.org.br/vitamina_presente_em_carnes_pode_ajudar_a_conter_envelhecimento/,https://institucional.crf-al.org.br/imprensa/noticias/vitamina_presente_em_carnes_pode_ajudar_a_conter_envelhecimento,301
www.crf-al.org.br/zika_esta_chegando_com_mais_forca_no_sudeste_pico_deve_ser_em_abril/,https://institucional.crf-al.org.br/imprensa/noticias/zika_esta_chegando_com_mais_forca_no_sudeste_pico_deve_ser_em_abril,301
www.crf-al.org.br/crf_al_participa_do_ii_forum_regional_de_farmacia_de_alagoas/,https://institucional.crf-al.org.br/imprensa/noticias/crf_al_participa_do_ii_forum_regional_de_farmacia_de_alagoas,301
www.crf-al.org.br/farmaceuticos_aprovam_proposta_para_a_elaboracao_de_diretrizes_curriculares_nacionais_do_curso_de_graduacao_em_farmacia/,https://institucional.crf-al.org.br/imprensa/noticias/farmaceuticos_aprovam_proposta_para_a_elaboracao_de_diretrizes_curriculares_nacionais_do_curso_de_graduacao_em_farmacia,301
www.crf-al.org.br/senado_libera_uso_da/,https://institucional.crf-al.org.br/imprensa/noticias/senado_libera_uso_da,301
www.crf-al.org.br/oms_cobra_reforco_no_combate_ao_aedes_aegypti_para_conter_virus_da_zika/,https://institucional.crf-al.org.br/imprensa/noticias/oms_cobra_reforco_no_combate_ao_aedes_aegypti_para_conter_virus_da_zika,301
www.crf-al.org.br/industria_do_tabaco_tem_ate_30_de_junho_para_se_adequar_a_resolucao/,https://institucional.crf-al.org.br/imprensa/noticias/industria_do_tabaco_tem_ate_30_de_junho_para_se_adequar_a_resolucao,301
www.crf-al.org.br/pilula_do_cancer_nao_age_contra_doenca_apontam_testes/,https://institucional.crf-al.org.br/imprensa/noticias/pilula_do_cancer_nao_age_contra_doenca_apontam_testes,301
www.crf-al.org.br/em_cumprimento_a_acao_judicial_anvisa_permite_prescricao_e_importacao_de_produtos_com_canabidiol_e_thc/,https://institucional.crf-al.org.br/imprensa/noticias/em_cumprimento_a_acao_judicial_anvisa_permite_prescricao_e_importacao_de_produtos_com_canabidiol_e_thc,301
www.crf-al.org.br/crf_recebe_doacao_de_cinco_computadores/,https://institucional.crf-al.org.br/imprensa/noticias/crf_recebe_doacao_de_cinco_computadores,301
www.crf-al.org.br/feriado_de_semana_santa_crfal_e_seccional_realizam_atendimento_ate_esta_quarta_23_de_abril/,https://institucional.crf-al.org.br/imprensa/noticias/feriado_de_semana_santa_crfal_e_seccional_realizam_atendimento_ate_esta_quarta_23_de_abril,301
www.crf-al.org.br/farmaceuticos_atendem_mais_de_500_pessoas_durante_acao_contra_aedes_aegypti/,https://institucional.crf-al.org.br/imprensa/noticias/farmaceuticos_atendem_mais_de_500_pessoas_durante_acao_contra_aedes_aegypti,301
www.crf-al.org.br/farmaceuticos_orientam_populacao_sobre_doencas_do_aedes_aegypti_neste_sabado/,https://institucional.crf-al.org.br/imprensa/noticias/farmaceuticos_orientam_populacao_sobre_doencas_do_aedes_aegypti_neste_sabado,301
www.crf-al.org.br/teste_nos_eua_aponta_que_vacina_contra_a_dengue_do_butanta_contra_doenca_e_eficaz/,https://institucional.crf-al.org.br/imprensa/noticias/teste_nos_eua_aponta_que_vacina_contra_a_dengue_do_butanta_contra_doenca_e_eficaz,301
www.crf-al.org.br/numeros_da_zika/,https://institucional.crf-al.org.br/imprensa/noticias/numeros_da_zika,301
www.crf-al.org.br/dengue_e_chikungunya_sao_ameacas_ao_feto/,https://institucional.crf-al.org.br/imprensa/noticias/dengue_e_chikungunya_sao_ameacas_ao_feto,301
www.crf-al.org.br/risco_de_microcefalia_causada_pelo_virus_da_zika_e_de_1_diz_estudo/,https://institucional.crf-al.org.br/imprensa/noticias/risco_de_microcefalia_causada_pelo_virus_da_zika_e_de_1_diz_estudo,301
www.crf-al.org.br/abertas_inscricoes_para_curso_sobre_gestao_publica_em_saude/,https://institucional.crf-al.org.br/imprensa/noticias/abertas_inscricoes_para_curso_sobre_gestao_publica_em_saude,301
www.crf-al.org.br/europa_anuncia_10_milhoes_de_euros_para_a_pesquisa_do_zika/,https://institucional.crf-al.org.br/imprensa/noticias/europa_anuncia_10_milhoes_de_euros_para_a_pesquisa_do_zika,301
www.crf-al.org.br/forca_tarefa_quer_acelerar_teste_de_microcefalia_e_liberacao_de_beneficio/,https://institucional.crf-al.org.br/imprensa/noticias/forca_tarefa_quer_acelerar_teste_de_microcefalia_e_liberacao_de_beneficio,301
www.crf-al.org.br/para_pioneira_em_ligar_zika_a_microcefalia_brasil_esta_perdendo_tempo_e_situacao_e/,https://institucional.crf-al.org.br/imprensa/noticias/para_pioneira_em_ligar_zika_a_microcefalia_brasil_esta_perdendo_tempo_e_situacao_e,301
www.crf-al.org.br/zika_ja_afasta_do_pais_turistas_estrangeiros/,https://institucional.crf-al.org.br/imprensa/noticias/zika_ja_afasta_do_pais_turistas_estrangeiros,301
www.crf-al.org.br/crf_realiza_curso_de_atualizacao_para_a_classe_farmaceutica/,https://institucional.crf-al.org.br/imprensa/noticias/crf_realiza_curso_de_atualizacao_para_a_classe_farmaceutica,301
www.crf-al.org.br/dor_cronica_pode_ter_tratamento_ampliado/,https://institucional.crf-al.org.br/imprensa/noticias/dor_cronica_pode_ter_tratamento_ampliado,301
www.crf-al.org.br/cancer_de_mama_recua_em_11_dias/,https://institucional.crf-al.org.br/imprensa/noticias/cancer_de_mama_recua_em_11_dias,301
www.crf-al.org.br/estado_ignora_norma_que_obriga_notificar_zika/,https://institucional.crf-al.org.br/imprensa/noticias/estado_ignora_norma_que_obriga_notificar_zika,301
www.crf-al.org.br/oms_questiona_inseticida_e_diz_que_vacina_contra_zika_pode_chegar_tarde/,https://institucional.crf-al.org.br/imprensa/noticias/oms_questiona_inseticida_e_diz_que_vacina_contra_zika_pode_chegar_tarde,301
www.crf-al.org.br/virus_da_zika_pode_estar_associado_a_mais_uma_doenca_neurologica/,https://institucional.crf-al.org.br/imprensa/noticias/virus_da_zika_pode_estar_associado_a_mais_uma_doenca_neurologica,301
www.crf-al.org.br/anvisa_posicao_a_respeito_do_pl_4639/,https://institucional.crf-al.org.br/imprensa/noticias/anvisa_posicao_a_respeito_do_pl_4639,301
www.crf-al.org.br/camara_aprova_projeto_de_lei_que_autoriza_o_uso_da_fosfoetanolamina/,https://institucional.crf-al.org.br/imprensa/noticias/camara_aprova_projeto_de_lei_que_autoriza_o_uso_da_fosfoetanolamina,301
www.crf-al.org.br/conheca_cinco_medicamentos_inovadores_para_2016/,https://institucional.crf-al.org.br/imprensa/noticias/conheca_cinco_medicamentos_inovadores_para_2016,301
www.crf-al.org.br/medicamento_em_estudo_contra_zika_mostra_resultado_promissor_em_ratos/,https://institucional.crf-al.org.br/imprensa/noticias/medicamento_em_estudo_contra_zika_mostra_resultado_promissor_em_ratos,301
www.crf-al.org.br/cresce_no_de_paises_com_sindrome_ligada_ao_zika/,https://institucional.crf-al.org.br/imprensa/noticias/cresce_no_de_paises_com_sindrome_ligada_ao_zika,301
www.crf-al.org.br/cerca_de_15_empresas_buscam_vacina_contra_o_zika/,https://institucional.crf-al.org.br/imprensa/noticias/cerca_de_15_empresas_buscam_vacina_contra_o_zika,301
www.crf-al.org.br/estudo_confirma_relacao_de_zika_e_guillain_barre/,https://institucional.crf-al.org.br/imprensa/noticias/estudo_confirma_relacao_de_zika_e_guillain_barre,301
www.crf-al.org.br/na_drogaria_balancos_mensal_trimestral_e_anual/,https://institucional.crf-al.org.br/imprensa/noticias/na_drogaria_balancos_mensal_trimestral_e_anual,301
www.crf-al.org.br/na_drogaria_dispensacao_de_antimicrobianos/,https://institucional.crf-al.org.br/imprensa/noticias/na_drogaria_dispensacao_de_antimicrobianos,301
www.crf-al.org.br/saliva_de_aedes_tem_poder_anti_inflamatorio/,https://institucional.crf-al.org.br/imprensa/noticias/saliva_de_aedes_tem_poder_anti_inflamatorio,301
www.crf-al.org.br/zika_pode_infectar_pernilongo_diz_fiocruz/,https://institucional.crf-al.org.br/imprensa/noticias/zika_pode_infectar_pernilongo_diz_fiocruz,301
www.crf-al.org.br/cientistas_do_rio_revelam_os_alvos_do_zika_no_cerebro/,https://institucional.crf-al.org.br/imprensa/noticias/cientistas_do_rio_revelam_os_alvos_do_zika_no_cerebro,301
www.crf-al.org.br/proposta_contribuinte_com_mais_de_50_anos_podera_deduzir_gastos_com_medicamentos_do_ir/,https://institucional.crf-al.org.br/imprensa/noticias/proposta_contribuinte_com_mais_de_50_anos_podera_deduzir_gastos_com_medicamentos_do_ir,301
www.crf-al.org.br/se_o_paciente_melhorava_que_mal_faria_diz_criador_da_pilula_do_cancer/,https://institucional.crf-al.org.br/imprensa/noticias/se_o_paciente_melhorava_que_mal_faria_diz_criador_da_pilula_do_cancer,301
www.crf-al.org.br/droga_para_diabetes_ganha_versao_para_tratar_obesidade/,https://institucional.crf-al.org.br/imprensa/noticias/droga_para_diabetes_ganha_versao_para_tratar_obesidade,301
www.crf-al.org.br/ja_estao_abertas_as_inscricoes_ao_curso_ead_do_cff/,https://institucional.crf-al.org.br/imprensa/noticias/ja_estao_abertas_as_inscricoes_ao_curso_ead_do_cff,301
www.crf-al.org.br/anuidade_2016_crf_al/,https://institucional.crf-al.org.br/imprensa/noticias/anuidade_2016_crf_al,301
www.crf-al.org.br/eua_registram_primeiro_caso_de_bebe_com_microcefalia_relacionada_ao_zika/,https://institucional.crf-al.org.br/imprensa/noticias/eua_registram_primeiro_caso_de_bebe_com_microcefalia_relacionada_ao_zika,301
www.crf-al.org.br/virus_do_zika_tambem_pode_estar_ligado_a_lesoes_no_cerebro_de_adultos/,https://institucional.crf-al.org.br/imprensa/noticias/virus_do_zika_tambem_pode_estar_ligado_a_lesoes_no_cerebro_de_adultos,301
www.crf-al.org.br/mosquito_transgenico_aguarda_sinal_verde/,https://institucional.crf-al.org.br/imprensa/noticias/mosquito_transgenico_aguarda_sinal_verde,301
www.crf-al.org.br/uma_morte_sob_investigacao/,https://institucional.crf-al.org.br/imprensa/noticias/uma_morte_sob_investigacao,301
www.crf-al.org.br/um_ano_de_boas_novas_no_tratamento_do_diabete/,https://institucional.crf-al.org.br/imprensa/noticias/um_ano_de_boas_novas_no_tratamento_do_diabete,301
www.crf-al.org.br/oms_elogia_combate_ao_aedes/,https://institucional.crf-al.org.br/imprensa/noticias/oms_elogia_combate_ao_aedes,301
www.crf-al.org.br/chikungunya_e_artrite/,https://institucional.crf-al.org.br/imprensa/noticias/chikungunya_e_artrite,301
www.crf-al.org.br/eua_investigam_14_casos_de_zika_por_via_sexual/,https://institucional.crf-al.org.br/imprensa/noticias/eua_investigam_14_casos_de_zika_por_via_sexual,301
www.crf-al.org.br/cupula_da_oms_chega_hoje_ao_pais_e_vai_ao_recife/,https://institucional.crf-al.org.br/imprensa/noticias/cupula_da_oms_chega_hoje_ao_pais_e_vai_ao_recife,301
www.crf-al.org.br/descoberta_de_razoes_do_surto_de_zika_pode_levar_anos/,https://institucional.crf-al.org.br/imprensa/noticias/descoberta_de_razoes_do_surto_de_zika_pode_levar_anos,301
www.crf-al.org.br/governos_pretendem_transformar_vacina_contra_dengue_em_antizika/,https://institucional.crf-al.org.br/imprensa/noticias/governos_pretendem_transformar_vacina_contra_dengue_em_antizika,301
www.crf-al.org.br/anvisa_analisa_enquadramento_tecnico_do_mosquito_aedes_aegypti_transgenico/,https://institucional.crf-al.org.br/imprensa/noticias/anvisa_analisa_enquadramento_tecnico_do_mosquito_aedes_aegypti_transgenico,301
www.crf-al.org.br/oms_diz_que_incidencia_da_zika_caira_antes_da_olimpiada/,https://institucional.crf-al.org.br/imprensa/noticias/oms_diz_que_incidencia_da_zika_caira_antes_da_olimpiada,301
www.crf-al.org.br/descoberta_nova_especie_de_bacteria_da_doenca_de_lyme/,https://institucional.crf-al.org.br/imprensa/noticias/descoberta_nova_especie_de_bacteria_da_doenca_de_lyme,301
www.crf-al.org.br/mercado_aberto_numero_de_cirurgias_plasticas_pagas_por_plano_mais_que_dobra_em_5_anos/,https://institucional.crf-al.org.br/imprensa/noticias/mercado_aberto_numero_de_cirurgias_plasticas_pagas_por_plano_mais_que_dobra_em_5_anos,301
www.crf-al.org.br/medicamentos_de_risco/,https://institucional.crf-al.org.br/imprensa/noticias/medicamentos_de_risco,301
www.crf-al.org.br/relacao_entre_zika_e_guillain_barre_e_mais_evidente_que_zika_e_microcefalia/,https://institucional.crf-al.org.br/imprensa/noticias/relacao_entre_zika_e_guillain_barre_e_mais_evidente_que_zika_e_microcefalia,301
www.crf-al.org.br/brasil_receberia_maior_parte_dos_us_56_milhoes_da_oms_para_combate_a_zika/,https://institucional.crf-al.org.br/imprensa/noticias/brasil_receberia_maior_parte_dos_us_56_milhoes_da_oms_para_combate_a_zika,301
www.crf-al.org.br/antibiotico_pode_causar_disfuncoes_neurologicas/,https://institucional.crf-al.org.br/imprensa/noticias/antibiotico_pode_causar_disfuncoes_neurologicas,301
www.crf-al.org.br/industria_espera_novas_regras_para_remedio_livre_de_receita/,https://institucional.crf-al.org.br/imprensa/noticias/industria_espera_novas_regras_para_remedio_livre_de_receita,301
www.crf-al.org.br/governo_do_df_vai_importar_medicamento_a_base_de_canabidiol/,https://institucional.crf-al.org.br/imprensa/noticias/governo_do_df_vai_importar_medicamento_a_base_de_canabidiol,301
www.crf-al.org.br/oms_garante_que_nao_ha_relacao_entre_microcefalia_e_vacinas_no_brasil/,https://institucional.crf-al.org.br/imprensa/noticias/oms_garante_que_nao_ha_relacao_entre_microcefalia_e_vacinas_no_brasil,301
www.crf-al.org.br/o_marco_zero_do_alzheimer/,https://institucional.crf-al.org.br/imprensa/noticias/o_marco_zero_do_alzheimer,301
www.crf-al.org.br/zika_congenita_o_mais_novo_desafio_para_os_medicos/,https://institucional.crf-al.org.br/imprensa/noticias/zika_congenita_o_mais_novo_desafio_para_os_medicos,301
www.crf-al.org.br/zika_pode_provocar_alteracao_neurologica_ate_a_idade_escolar_acreditam_medicos/,https://institucional.crf-al.org.br/imprensa/noticias/zika_pode_provocar_alteracao_neurologica_ate_a_idade_escolar_acreditam_medicos,301
www.crf-al.org.br/acoes_por/,https://institucional.crf-al.org.br/imprensa/noticias/acoes_por,301
www.crf-al.org.br/brasil_faz_parceria_com_eua_e_preve_testar_vacina_contra_zika_em_um_ano/,https://institucional.crf-al.org.br/imprensa/noticias/brasil_faz_parceria_com_eua_e_preve_testar_vacina_contra_zika_em_um_ano,301
www.crf-al.org.br/venda_de_genericos_perde_ritmo_e_sobe_11_75_em_2015/,https://institucional.crf-al.org.br/imprensa/noticias/venda_de_genericos_perde_ritmo_e_sobe_11_75_em_2015,301
www.crf-al.org.br/anvisa_convida_empresas_de_fitoterapicos_para_reuniao_tecnica/,https://institucional.crf-al.org.br/imprensa/noticias/anvisa_convida_empresas_de_fitoterapicos_para_reuniao_tecnica,301
www.crf-al.org.br/recebeu_a_denuncia_de_que_vacinas_causam_microcefalia_ela_esta_errada/,https://institucional.crf-al.org.br/imprensa/noticias/recebeu_a_denuncia_de_que_vacinas_causam_microcefalia_ela_esta_errada,301
www.crf-al.org.br/brasil_analisara_uso_de_radiacao_contra_aedes/,https://institucional.crf-al.org.br/imprensa/noticias/brasil_analisara_uso_de_radiacao_contra_aedes,301
www.crf-al.org.br/surto_de_zika_faz_brasil_rever_rigida_lei_do_aborto/,https://institucional.crf-al.org.br/imprensa/noticias/surto_de_zika_faz_brasil_rever_rigida_lei_do_aborto,301
www.crf-al.org.br/fundador_do_facebook_divulga_campanha_de_combate_ao_aedes_aegypti/,https://institucional.crf-al.org.br/imprensa/noticias/fundador_do_facebook_divulga_campanha_de_combate_ao_aedes_aegypti,301
www.crf-al.org.br/brasil_e_eua_definem_agenda_contra_o_virus_zika/,https://institucional.crf-al.org.br/imprensa/noticias/brasil_e_eua_definem_agenda_contra_o_virus_zika,301
www.crf-al.org.br/receitas_passarao_a_valer_por_180_dias_para_remedios_do_programa_farmacia_popular/,https://institucional.crf-al.org.br/imprensa/noticias/receitas_passarao_a_valer_por_180_dias_para_remedios_do_programa_farmacia_popular,301
www.crf-al.org.br/sanofi_lanca_pesquisa_para_vacina_contra_zika/,https://institucional.crf-al.org.br/imprensa/noticias/sanofi_lanca_pesquisa_para_vacina_contra_zika,301
www.crf-al.org.br/por_que_o_brasil_nao_consegue_se_livrar_de_novo_do_mosquito_aedes_aegypti/,https://institucional.crf-al.org.br/imprensa/noticias/por_que_o_brasil_nao_consegue_se_livrar_de_novo_do_mosquito_aedes_aegypti,301
www.crf-al.org.br/novo_exame_pode_aumentar_diagnosticos_de_microcefalia_ligada_ao_zika_diz_diretor_do_fiocruz/,https://institucional.crf-al.org.br/imprensa/noticias/novo_exame_pode_aumentar_diagnosticos_de_microcefalia_ligada_ao_zika_diz_diretor_do_fiocruz,301
www.crf-al.org.br/cuidado_com_antidepressivos_em_criancas_e_jovens/,https://institucional.crf-al.org.br/imprensa/noticias/cuidado_com_antidepressivos_em_criancas_e_jovens,301
www.crf-al.org.br/mercado_aberto_dolar_mais_favoravel_nao_evita_queda_nas_exportacoes_de_medicamentos/,https://institucional.crf-al.org.br/imprensa/noticias/mercado_aberto_dolar_mais_favoravel_nao_evita_queda_nas_exportacoes_de_medicamentos,301
www.crf-al.org.br/salario_medio_do_farmaceutico_subiu_6_em_2015_revela_pesquisa_da_catho/,https://institucional.crf-al.org.br/imprensa/noticias/salario_medio_do_farmaceutico_subiu_6_em_2015_revela_pesquisa_da_catho,301
www.crf-al.org.br/direcionamento_para_o_combate_ao_cancer/,https://institucional.crf-al.org.br/imprensa/noticias/direcionamento_para_o_combate_ao_cancer,301
www.crf-al.org.br/remedio_para_controlar_convulsao_desaparece_das_farmacias/,https://institucional.crf-al.org.br/imprensa/noticias/remedio_para_controlar_convulsao_desaparece_das_farmacias,301
www.crf-al.org.br/mercado_aberto_grandes_redes_de_farmacia_vendem_12_a_mais_em_2015/,https://institucional.crf-al.org.br/imprensa/noticias/mercado_aberto_grandes_redes_de_farmacia_vendem_12_a_mais_em_2015,301
www.crf-al.org.br/obama_pede_pressa_no_desenvolvimento_de_vacina_contra_zika/,https://institucional.crf-al.org.br/imprensa/noticias/obama_pede_pressa_no_desenvolvimento_de_vacina_contra_zika,301
www.crf-al.org.br/pais_tem_mais_de_4_mil_casos_de_microcefalia/,https://institucional.crf-al.org.br/imprensa/noticias/pais_tem_mais_de_4_mil_casos_de_microcefalia,301
www.crf-al.org.br/consulta_pelo_celular_pode_ajudar_a_cuidar_da_saude_dos_adolescentes/,https://institucional.crf-al.org.br/imprensa/noticias/consulta_pelo_celular_pode_ajudar_a_cuidar_da_saude_dos_adolescentes,301
www.crf-al.org.br/zika_deve_se_espalhar_por_todo_o_continente_americano_adverte_oms/,https://institucional.crf-al.org.br/imprensa/noticias/zika_deve_se_espalhar_por_todo_o_continente_americano_adverte_oms,301
www.crf-al.org.br/edicao_genica_corta_e_muda_dna_para_combater_doencas_como_a_malaria/,https://institucional.crf-al.org.br/imprensa/noticias/edicao_genica_corta_e_muda_dna_para_combater_doencas_como_a_malaria,301
www.crf-al.org.br/acoes_contra_aedes_precisam_ir_alem_dos_locais_de_competicao_dizem_especialistas/,https://institucional.crf-al.org.br/imprensa/noticias/acoes_contra_aedes_precisam_ir_alem_dos_locais_de_competicao_dizem_especialistas,301
www.crf-al.org.br/cientistas_apoiam_decisao_da_anvisa_sobre_fosfoetanolamina/,https://institucional.crf-al.org.br/imprensa/noticias/cientistas_apoiam_decisao_da_anvisa_sobre_fosfoetanolamina,301
www.crf-al.org.br/resultados_de_pesquisa_sobre_pilula_do_cancer_sao_apresentados_ao_governo/,https://institucional.crf-al.org.br/imprensa/noticias/resultados_de_pesquisa_sobre_pilula_do_cancer_sao_apresentados_ao_governo,301
www.crf-al.org.br/hormonio_que_estimula_empatia_pode_ser_usado_para_tratar_autismo/,https://institucional.crf-al.org.br/imprensa/noticias/hormonio_que_estimula_empatia_pode_ser_usado_para_tratar_autismo,301
www.crf-al.org.br/hpv_pode_aumentar_22_vezes_a_propensao_ao_cancer_de_garganta/,https://institucional.crf-al.org.br/imprensa/noticias/hpv_pode_aumentar_22_vezes_a_propensao_ao_cancer_de_garganta,301
www.crf-al.org.br/campanha_incentiva_aproximacao_de_idosos_com_o_farmaceutico/,https://institucional.crf-al.org.br/imprensa/noticias/campanha_incentiva_aproximacao_de_idosos_com_o_farmaceutico,301
www.crf-al.org.br/associacao_farmaceutica_da_venezuela_lista_150_medicamentos_em_falta_no_pais/,https://institucional.crf-al.org.br/imprensa/noticias/associacao_farmaceutica_da_venezuela_lista_150_medicamentos_em_falta_no_pais,301
www.crf-al.org.br/dengue_anvisa_deu_total_prioridade_a_analise_dos_testes_da_vacina_produzida_pelo_butantan/,https://institucional.crf-al.org.br/imprensa/noticias/dengue_anvisa_deu_total_prioridade_a_analise_dos_testes_da_vacina_produzida_pelo_butantan,301
www.crf-al.org.br/droga_para_evitar_hiv_e_tao_segura_quanto_aspirina_dizem_pesquisadores/,https://institucional.crf-al.org.br/imprensa/noticias/droga_para_evitar_hiv_e_tao_segura_quanto_aspirina_dizem_pesquisadores,301
www.crf-al.org.br/oms_faz_alerta_e_pede_que_todos_os_paises_monitorem_zika/,https://institucional.crf-al.org.br/imprensa/noticias/oms_faz_alerta_e_pede_que_todos_os_paises_monitorem_zika,301
www.crf-al.org.br/carnaval_e_coquetel_explosivo_para_espalhar_zika_alertam_infectologistas/,https://institucional.crf-al.org.br/imprensa/noticias/carnaval_e_coquetel_explosivo_para_espalhar_zika_alertam_infectologistas,301
www.crf-al.org.br/crf_al_convoca_voluntarios_para_acoes_sociais_nos_dias_20_e_21_de_janeiro/,https://institucional.crf-al.org.br/imprensa/noticias/crf_al_convoca_voluntarios_para_acoes_sociais_nos_dias_20_e_21_de_janeiro,301
www.crf-al.org.br/associacao_de_laboratorios_diz_que_precos_dos_medicamentos_podem_subir_com_altas_do_icms_em_12_estados/,https://institucional.crf-al.org.br/imprensa/noticias/associacao_de_laboratorios_diz_que_precos_dos_medicamentos_podem_subir_com_altas_do_icms_em_12_estados,301
www.crf-al.org.br/conselho_de_medicina_amplia_criterios_para_cirurgia_de_obesidade/,https://institucional.crf-al.org.br/imprensa/noticias/conselho_de_medicina_amplia_criterios_para_cirurgia_de_obesidade,301
www.crf-al.org.br/ministerio_lanca_manual_para_microcefalia/,https://institucional.crf-al.org.br/imprensa/noticias/ministerio_lanca_manual_para_microcefalia,301
www.crf-al.org.br/desvendado_mecanismo_celular_da_demencia/,https://institucional.crf-al.org.br/imprensa/noticias/desvendado_mecanismo_celular_da_demencia,301
www.crf-al.org.br/por_que_cirurgia_bariatrica_reduz_apetite_por_acucar/,https://institucional.crf-al.org.br/imprensa/noticias/por_que_cirurgia_bariatrica_reduz_apetite_por_acucar,301
www.crf-al.org.br/i_simposio_de_farmacia_hospitalar_do_agreste_e_sertao_alagoano/,https://institucional.crf-al.org.br/imprensa/noticias/i_simposio_de_farmacia_hospitalar_do_agreste_e_sertao_alagoano,301
www.crf-al.org.br/anvisa_aprova_novos_medicamentos_e_vacina/,https://institucional.crf-al.org.br/imprensa/noticias/anvisa_aprova_novos_medicamentos_e_vacina,301
www.crf-al.org.br/arma_natural_contra_o_diabetes/,https://institucional.crf-al.org.br/imprensa/noticias/arma_natural_contra_o_diabetes,301
www.crf-al.org.br/sera_que_so_o_zika_e_o_culpado_pela_microcefalia/,https://institucional.crf-al.org.br/imprensa/noticias/sera_que_so_o_zika_e_o_culpado_pela_microcefalia,301
www.crf-al.org.br/bacteria_mortal_e_mais_predominante_do_que_se_pensava_diz_estudo/,https://institucional.crf-al.org.br/imprensa/noticias/bacteria_mortal_e_mais_predominante_do_que_se_pensava_diz_estudo,301
www.crf-al.org.br/anvisa_publica_manual_sobre_registro_eletronico_de_medicamentos/,https://institucional.crf-al.org.br/imprensa/noticias/anvisa_publica_manual_sobre_registro_eletronico_de_medicamentos,301
www.crf-al.org.br/alta_de_microcefalia_reacende_debate_sobre_aborto_legal/,https://institucional.crf-al.org.br/imprensa/noticias/alta_de_microcefalia_reacende_debate_sobre_aborto_legal,301
www.crf-al.org.br/saude_disponibiliza_manual_tecnico_para_o_diagnostico_da_infeccao_das_hepatites_virais/,https://institucional.crf-al.org.br/imprensa/noticias/saude_disponibiliza_manual_tecnico_para_o_diagnostico_da_infeccao_das_hepatites_virais,301
www.crf-al.org.br/pilula_anticoncepcional_nao_aumenta_risco_de_malformacoes_congenitas/,https://institucional.crf-al.org.br/imprensa/noticias/pilula_anticoncepcional_nao_aumenta_risco_de_malformacoes_congenitas,301
www.crf-al.org.br/pos_graduacao_em_farmacologia_clinica/,https://institucional.crf-al.org.br/imprensa/noticias/pos_graduacao_em_farmacologia_clinica,301
www.crf-al.org.br/chikungunya_avanca_34_e_ja_sao_17_131_infeccoes/,https://institucional.crf-al.org.br/imprensa/noticias/chikungunya_avanca_34_e_ja_sao_17_131_infeccoes,301
www.crf-al.org.br/estudo_mostra_uma_tripla_helice_do_dna_que_desliga_genes/,https://institucional.crf-al.org.br/imprensa/noticias/estudo_mostra_uma_tripla_helice_do_dna_que_desliga_genes,301
www.crf-al.org.br/casos_de_microcelafia_ja_ultrapassam_3_mil_e_atingem_21_estados/,https://institucional.crf-al.org.br/imprensa/noticias/casos_de_microcelafia_ja_ultrapassam_3_mil_e_atingem_21_estados,301
www.crf-al.org.br/notificacao_federal_de_zika_deve_mudar/,https://institucional.crf-al.org.br/imprensa/noticias/notificacao_federal_de_zika_deve_mudar,301
www.crf-al.org.br/seis_vacinas_terao_novo_calendario_no_sus/,https://institucional.crf-al.org.br/imprensa/noticias/seis_vacinas_terao_novo_calendario_no_sus,301
www.crf-al.org.br/depressao_muda_relogio_biologico_veja_o_que_se_sabe_sobre_rotina_cerebral/,https://institucional.crf-al.org.br/imprensa/noticias/depressao_muda_relogio_biologico_veja_o_que_se_sabe_sobre_rotina_cerebral,301
www.crf-al.org.br/nota/,https://institucional.crf-al.org.br/imprensa/noticias/nota,301
www.crf-al.org.br/lider_da_unaids_elogia_brasil_e_diz_que_2016_e_crucial_para_fim_da_epidemia/,https://institucional.crf-al.org.br/imprensa/noticias/lider_da_unaids_elogia_brasil_e_diz_que_2016_e_crucial_para_fim_da_epidemia,301
www.crf-al.org.br/anvisa_bate_recorde_de_registro_de_medicamentos/,https://institucional.crf-al.org.br/imprensa/noticias/anvisa_bate_recorde_de_registro_de_medicamentos,301
www.crf-al.org.br/tire_suas_duvidas_sobre_a_vacina_da_dengue/,https://institucional.crf-al.org.br/imprensa/noticias/tire_suas_duvidas_sobre_a_vacina_da_dengue,301
www.crf-al.org.br/pesquisas_de_tratamento_para_zika_podem_levar_ate_2_anos/,https://institucional.crf-al.org.br/imprensa/noticias/pesquisas_de_tratamento_para_zika_podem_levar_ate_2_anos,301
www.crf-al.org.br/celulas_tronco_podem_reduzir_uso_de_animais/,https://institucional.crf-al.org.br/imprensa/noticias/celulas_tronco_podem_reduzir_uso_de_animais,301
www.crf-al.org.br/pedido_para_ultimo_teste_de_vacina_da_dengue_esta_parado_ha_8_meses/,https://institucional.crf-al.org.br/imprensa/noticias/pedido_para_ultimo_teste_de_vacina_da_dengue_esta_parado_ha_8_meses,301
www.crf-al.org.br/caso_talidomida_fez_aumentar_rigor_ao_aprovar_remedios/,https://institucional.crf-al.org.br/imprensa/noticias/caso_talidomida_fez_aumentar_rigor_ao_aprovar_remedios,301
www.crf-al.org.br/teste_de_zika_tem_eficacia_so_ate_5o_dia_de_sintomas/,https://institucional.crf-al.org.br/imprensa/noticias/teste_de_zika_tem_eficacia_so_ate_5o_dia_de_sintomas,301
www.crf-al.org.br/brasil_cria_primeiro_remedio_biologico/,https://institucional.crf-al.org.br/imprensa/noticias/brasil_cria_primeiro_remedio_biologico,301
www.crf-al.org.br/saiba_os_cuidados_que_as_gravidas_e_lactantes_tem_que_ter_com_o_zika/,https://institucional.crf-al.org.br/imprensa/noticias/saiba_os_cuidados_que_as_gravidas_e_lactantes_tem_que_ter_com_o_zika,301
www.crf-al.org.br/dilma_diz_que_investira_em_vacina_contra_o_virus_zika/,https://institucional.crf-al.org.br/imprensa/noticias/dilma_diz_que_investira_em_vacina_contra_o_virus_zika,301
www.crf-al.org.br/governo_muda_criterio_de_microcefalia/,https://institucional.crf-al.org.br/imprensa/noticias/governo_muda_criterio_de_microcefalia,301
www.crf-al.org.br/filhos_podem_herdar_obesidade_do_pai_pelo_esperma_diz_estudo/,https://institucional.crf-al.org.br/imprensa/noticias/filhos_podem_herdar_obesidade_do_pai_pelo_esperma_diz_estudo,301
www.crf-al.org.br/de_dengue_a_zika_por_que_o_mosquito_aedes_aegypti_transmite_tantas_doencas/,https://institucional.crf-al.org.br/imprensa/noticias/de_dengue_a_zika_por_que_o_mosquito_aedes_aegypti_transmite_tantas_doencas,301
www.crf-al.org.br/em_2_anos_virus_atinge_9_paises_das_americas/,https://institucional.crf-al.org.br/imprensa/noticias/em_2_anos_virus_atinge_9_paises_das_americas,301
www.crf-al.org.br/zika_ja_faz_mulheres_adiarem_a_gravidez/,https://institucional.crf-al.org.br/imprensa/noticias/zika_ja_faz_mulheres_adiarem_a_gravidez,301
www.crf-al.org.br/ministerio_preve_alta_de_casos_de_microcefalia_na_bahia_e_no_ceara/,https://institucional.crf-al.org.br/imprensa/noticias/ministerio_preve_alta_de_casos_de_microcefalia_na_bahia_e_no_ceara,301
www.crf-al.org.br/ainda_longe_de_um_brasil_sem_aids/,https://institucional.crf-al.org.br/imprensa/noticias/ainda_longe_de_um_brasil_sem_aids,301
www.crf-al.org.br/pilula_da_usp_conheca_a_polemica_sobre_o_uso_de_remedios_nao_testados/,https://institucional.crf-al.org.br/imprensa/noticias/pilula_da_usp_conheca_a_polemica_sobre_o_uso_de_remedios_nao_testados,301
www.crf-al.org.br/pesquisa_da_ufpi_estuda_veneno_do_sapo_para_tratamento_contra_o_cancer/,https://institucional.crf-al.org.br/imprensa/noticias/pesquisa_da_ufpi_estuda_veneno_do_sapo_para_tratamento_contra_o_cancer,301
www.crf-al.org.br/ministro_diz_que_nao_faltarao_recursos_para_contencao_de_casos_de_microcefalia/,https://institucional.crf-al.org.br/imprensa/noticias/ministro_diz_que_nao_faltarao_recursos_para_contencao_de_casos_de_microcefalia,301
www.crf-al.org.br/sao_paulo_quer_testar_pilula_do_cancer_em_5_hospitais_estaduais/,https://institucional.crf-al.org.br/imprensa/noticias/sao_paulo_quer_testar_pilula_do_cancer_em_5_hospitais_estaduais,301
www.crf-al.org.br/dilma_envia_ministro_e_defesa_civil_para_combater_microcefalia_em_pe/,https://institucional.crf-al.org.br/imprensa/noticias/dilma_envia_ministro_e_defesa_civil_para_combater_microcefalia_em_pe,301
www.crf-al.org.br/valor_da_anuidade_em_2016_esta_definido/,https://institucional.crf-al.org.br/imprensa/noticias/valor_da_anuidade_em_2016_esta_definido,301
www.crf-al.org.br/hospitais_de_sp_vao_testar_pilula_do_cancer_em_mil_pacientes/,https://institucional.crf-al.org.br/imprensa/noticias/hospitais_de_sp_vao_testar_pilula_do_cancer_em_mil_pacientes,301
www.crf-al.org.br/com_tratamento_preventivo_aids_nao_assusta_mais_san_francisco_eua/,https://institucional.crf-al.org.br/imprensa/noticias/com_tratamento_preventivo_aids_nao_assusta_mais_san_francisco_eua,301
www.crf-al.org.br/a_nova_arma_transgenica_para_acabar_com_a_malaria/,https://institucional.crf-al.org.br/imprensa/noticias/a_nova_arma_transgenica_para_acabar_com_a_malaria,301
www.crf-al.org.br/dilma_promete_visitar_estados_do_ne_afetados_por_surto_de_microcefalia/,https://institucional.crf-al.org.br/imprensa/noticias/dilma_promete_visitar_estados_do_ne_afetados_por_surto_de_microcefalia,301
www.crf-al.org.br/pilula_contra_o_cancer/,https://institucional.crf-al.org.br/imprensa/noticias/pilula_contra_o_cancer,301
www.crf-al.org.br/fiocruz_comprova_relacao_entre_zika_e_doenca_rara/,https://institucional.crf-al.org.br/imprensa/noticias/fiocruz_comprova_relacao_entre_zika_e_doenca_rara,301
www.crf-al.org.br/lotes_de_cloridrato_de_tramadol_do_laboratorio_teuto_e_de_metronidazol_da_halex_istar_industria_farmaceutica_foram_recolhidos/,https://institucional.crf-al.org.br/imprensa/noticias/lotes_de_cloridrato_de_tramadol_do_laboratorio_teuto_e_de_metronidazol_da_halex_istar_industria_farmaceutica_foram_recolhidos,301
www.crf-al.org.br/anvisa_aprova_produto_biologico_novo_para_tratamento_de_diabetes/,https://institucional.crf-al.org.br/imprensa/noticias/anvisa_aprova_produto_biologico_novo_para_tratamento_de_diabetes,301
www.crf-al.org.br/dilma_monta_forca_tarefa_para_evitar_que_microcefalia_se_espalhe/,https://institucional.crf-al.org.br/imprensa/noticias/dilma_monta_forca_tarefa_para_evitar_que_microcefalia_se_espalhe,301
www.crf-al.org.br/o_cancer_em_tempos_de_crise/,https://institucional.crf-al.org.br/imprensa/noticias/o_cancer_em_tempos_de_crise,301
www.crf-al.org.br/cenario_e_grave_e_microcefalia_pode_se_espalhar_pelo_pais/,https://institucional.crf-al.org.br/imprensa/noticias/cenario_e_grave_e_microcefalia_pode_se_espalhar_pelo_pais,301
www.crf-al.org.br/cientistas_descobrem_mutacao_que_fortalece_ainda_mais_as_bacterias/,https://institucional.crf-al.org.br/imprensa/noticias/cientistas_descobrem_mutacao_que_fortalece_ainda_mais_as_bacterias,301
www.crf-al.org.br/anvisa_autoriza_venda_de_teste_para_hiv_na_farmacia/,https://institucional.crf-al.org.br/imprensa/noticias/anvisa_autoriza_venda_de_teste_para_hiv_na_farmacia,301
www.crf-al.org.br/anvisa_aprova_alteracao_de_norma_sobre_produtos_de_degradacao_em_medicamentos/,https://institucional.crf-al.org.br/imprensa/noticias/anvisa_aprova_alteracao_de_norma_sobre_produtos_de_degradacao_em_medicamentos,301
www.crf-al.org.br/grupo_mapeia_gene_ligado_a_morte_de_epilepticos/,https://institucional.crf-al.org.br/imprensa/noticias/grupo_mapeia_gene_ligado_a_morte_de_epilepticos,301
www.crf-al.org.br/brasil_avanca_na_biotecnologia/,https://institucional.crf-al.org.br/imprensa/noticias/brasil_avanca_na_biotecnologia,301
www.crf-al.org.br/saude_diz_que_zika_pode_atingir_outros_estados_e_paises/,https://institucional.crf-al.org.br/imprensa/noticias/saude_diz_que_zika_pode_atingir_outros_estados_e_paises,301
www.crf-al.org.br/especie_de_barbeiro_tem_genoma_mapeado/,https://institucional.crf-al.org.br/imprensa/noticias/especie_de_barbeiro_tem_genoma_mapeado,301
www.crf-al.org.br/ao_contrario_do_viagra_pilula_para_mulheres_estreia_em_baixa/,https://institucional.crf-al.org.br/imprensa/noticias/ao_contrario_do_viagra_pilula_para_mulheres_estreia_em_baixa,301
www.crf-al.org.br/distrofia_de_duchenne_afeta_celulas_tronco/,https://institucional.crf-al.org.br/imprensa/noticias/distrofia_de_duchenne_afeta_celulas_tronco,301
www.crf-al.org.br/remedio_contra_alcoolismo_poderia_eliminar_virus_da_aids_aponta_estudo/,https://institucional.crf-al.org.br/imprensa/noticias/remedio_contra_alcoolismo_poderia_eliminar_virus_da_aids_aponta_estudo,301
www.crf-al.org.br/farmaceutica-capacita-equipe-projeto-farmacia-viva/,https://institucional.crf-al.org.br/imprensa/noticias/farmaceutica-capacita-equipe-projeto-farmacia-viva,301
www.crf-al.org.br/governo_quer_finalizar_primeiros_testes_de_pilula_do_cancer_em_7_meses/,https://institucional.crf-al.org.br/imprensa/noticias/governo_quer_finalizar_primeiros_testes_de_pilula_do_cancer_em_7_meses,301
www.crf-al.org.br/confira_o_resultado_das_eleicoes_2015/,https://institucional.crf-al.org.br/imprensa/noticias/confira_o_resultado_das_eleicoes_2015,301
www.crf-al.org.br/burocracia_e_alto_investimento_dificultam_estudo_de_pilula_da_usp_no_brasil/,https://institucional.crf-al.org.br/imprensa/noticias/burocracia_e_alto_investimento_dificultam_estudo_de_pilula_da_usp_no_brasil,301
www.crf-al.org.br/mercosul_fara_compra_comum_de_remedio_contra_a_aids/,https://institucional.crf-al.org.br/imprensa/noticias/mercosul_fara_compra_comum_de_remedio_contra_a_aids,301
www.crf-al.org.br/6_novas_armas_contra_a_dor/,https://institucional.crf-al.org.br/imprensa/noticias/6_novas_armas_contra_a_dor,301
www.crf-al.org.br/mortalidade_materna_caiu_para_quase_metade_em_25_anos/,https://institucional.crf-al.org.br/imprensa/noticias/mortalidade_materna_caiu_para_quase_metade_em_25_anos,301
www.crf-al.org.br/tj_determina_suspensao_de_fornecimento_de/,https://institucional.crf-al.org.br/imprensa/noticias/tj_determina_suspensao_de_fornecimento_de,301
www.crf-al.org.br/apos_30_anos_de_suspeitas_pesquisadores_confirmam_novo_tipo_de_doenca_cardiaca/,https://institucional.crf-al.org.br/imprensa/noticias/apos_30_anos_de_suspeitas_pesquisadores_confirmam_novo_tipo_de_doenca_cardiaca,301
www.crf-al.org.br/apos_mosquito_modificado_piracicaba_sp_testa_app_que_identifica_o_aedes/,https://institucional.crf-al.org.br/imprensa/noticias/apos_mosquito_modificado_piracicaba_sp_testa_app_que_identifica_o_aedes,301
www.crf-al.org.br/tribunal_libera_importacao_de_componente_da_maconha/,https://institucional.crf-al.org.br/imprensa/noticias/tribunal_libera_importacao_de_componente_da_maconha,301
www.crf-al.org.br/autorizacoes_de_funcionamento_sao_concedidas_em_30_dias/,https://institucional.crf-al.org.br/imprensa/noticias/autorizacoes_de_funcionamento_sao_concedidas_em_30_dias,301
www.crf-al.org.br/pessoas_sem_sintomas_de_dengue_podem_infectar_os_mosquitos/,https://institucional.crf-al.org.br/imprensa/noticias/pessoas_sem_sintomas_de_dengue_podem_infectar_os_mosquitos,301
www.crf-al.org.br/supremo_julgara_fornecimento_de_medicamentos_pelo_estado/,https://institucional.crf-al.org.br/imprensa/noticias/supremo_julgara_fornecimento_de_medicamentos_pelo_estado,301
www.crf-al.org.br/fiocruz_lanca_dicionario_sobre_violencia_contra_a_mulher/,https://institucional.crf-al.org.br/imprensa/noticias/fiocruz_lanca_dicionario_sobre_violencia_contra_a_mulher,301
www.crf-al.org.br/governo_do_rs_tem_interesse_em_testar_e_produzir/,https://institucional.crf-al.org.br/imprensa/noticias/governo_do_rs_tem_interesse_em_testar_e_produzir,301
www.crf-al.org.br/exame_da_prostata_nao_faz_o_homem_viver_mais/,https://institucional.crf-al.org.br/imprensa/noticias/exame_da_prostata_nao_faz_o_homem_viver_mais,301
www.crf-al.org.br/cientistas_criam/,https://institucional.crf-al.org.br/imprensa/noticias/cientistas_criam,301
www.crf-al.org.br/conselho_regional_autua_usp_por_fazer_capsula_contra_cancer/,https://institucional.crf-al.org.br/imprensa/noticias/conselho_regional_autua_usp_por_fazer_capsula_contra_cancer,301
www.crf-al.org.br/alem_de_combater_infeccoes_alho_pode_ajudar_a_proteger_o_coracao/,https://institucional.crf-al.org.br/imprensa/noticias/alem_de_combater_infeccoes_alho_pode_ajudar_a_proteger_o_coracao,301
www.crf-al.org.br/fosfoetanolamina_jarbas_barbosa_assegura_que_estudos_clinicos_sobre_a_substancia_terao_prioridade_na_analise/,https://institucional.crf-al.org.br/imprensa/noticias/fosfoetanolamina_jarbas_barbosa_assegura_que_estudos_clinicos_sobre_a_substancia_terao_prioridade_na_analise,301
www.crf-al.org.br/governo_federal_cria_grupo_para_estudar_pilula_do_cancer/,https://institucional.crf-al.org.br/imprensa/noticias/governo_federal_cria_grupo_para_estudar_pilula_do_cancer,301
www.crf-al.org.br/tuberculose_rivaliza_com_aids_em_numero_de_mortes_alerta_oms/,https://institucional.crf-al.org.br/imprensa/noticias/tuberculose_rivaliza_com_aids_em_numero_de_mortes_alerta_oms,301
www.crf-al.org.br/hackers_chineses_buscam_segredos_da_saude_dos_eua/,https://institucional.crf-al.org.br/imprensa/noticias/hackers_chineses_buscam_segredos_da_saude_dos_eua,301
www.crf-al.org.br/icesp_ofereceu_estrutura_para_testar_droga_contra_cancer/,https://institucional.crf-al.org.br/imprensa/noticias/icesp_ofereceu_estrutura_para_testar_droga_contra_cancer,301
www.crf-al.org.br/novos_remedios_prometem_efeitos_mais_duradouros_contra_a_psoriase/,https://institucional.crf-al.org.br/imprensa/noticias/novos_remedios_prometem_efeitos_mais_duradouros_contra_a_psoriase,301
www.crf-al.org.br/por_que_placebos_estao_fazendo_mais_efeito_em_pesquisas/,https://institucional.crf-al.org.br/imprensa/noticias/por_que_placebos_estao_fazendo_mais_efeito_em_pesquisas,301
www.crf-al.org.br/pilula_inteligente_avisa_quando_paciente_ingere_medicamento/,https://institucional.crf-al.org.br/imprensa/noticias/pilula_inteligente_avisa_quando_paciente_ingere_medicamento,301
www.crf-al.org.br/usp_pode_sofrer_sancao_se_distribuir_pilula_do_cancer/,https://institucional.crf-al.org.br/imprensa/noticias/usp_pode_sofrer_sancao_se_distribuir_pilula_do_cancer,301
www.crf-al.org.br/varejo_reduz_desconto_e_remedios_sobem_ainda_este_ano/,https://institucional.crf-al.org.br/imprensa/noticias/varejo_reduz_desconto_e_remedios_sobem_ainda_este_ano,301
www.crf-al.org.br/cientistas_revelam_como_genoma_forma_novelos_no_nucleo_de_celulas/,https://institucional.crf-al.org.br/imprensa/noticias/cientistas_revelam_como_genoma_forma_novelos_no_nucleo_de_celulas,301
www.crf-al.org.br/artrite_reumatoide_exige_tratamento_rapido/,https://institucional.crf-al.org.br/imprensa/noticias/artrite_reumatoide_exige_tratamento_rapido,301
www.crf-al.org.br/casos_no_inverno_indicam_surto_de_dengue_em_2016/,https://institucional.crf-al.org.br/imprensa/noticias/casos_no_inverno_indicam_surto_de_dengue_em_2016,301
www.crf-al.org.br/ministerio_suspeita_que_febre_zika_tem_ligacao_com_casos_de_paralisia/,https://institucional.crf-al.org.br/imprensa/noticias/ministerio_suspeita_que_febre_zika_tem_ligacao_com_casos_de_paralisia,301
www.crf-al.org.br/droga_contra_hiv_em_estudo_poderia_ser_administrada_a_cada_seis_meses/,https://institucional.crf-al.org.br/imprensa/noticias/droga_contra_hiv_em_estudo_poderia_ser_administrada_a_cada_seis_meses,301
www.crf-al.org.br/numero_de_pintas_no_braco_pode_sinalizar_propensao_a_cancer_de_pele_indica_pesquisa/,https://institucional.crf-al.org.br/imprensa/noticias/numero_de_pintas_no_braco_pode_sinalizar_propensao_a_cancer_de_pele_indica_pesquisa,301
www.crf-al.org.br/cientistas_criam_1a_pele_artificial_que_transmite_impulsos_para_o_cerebro/,https://institucional.crf-al.org.br/imprensa/noticias/cientistas_criam_1a_pele_artificial_que_transmite_impulsos_para_o_cerebro,301
www.crf-al.org.br/droga_da_usp_nao_tem_acao_comprovada_contra_cancer_anvisa_diz_que_e_ilegal/,https://institucional.crf-al.org.br/imprensa/noticias/droga_da_usp_nao_tem_acao_comprovada_contra_cancer_anvisa_diz_que_e_ilegal,301
www.crf-al.org.br/antioxidantes_podem_promover_progressao_do_melanoma_diz_estudo/,https://institucional.crf-al.org.br/imprensa/noticias/antioxidantes_podem_promover_progressao_do_melanoma_diz_estudo,301
www.crf-al.org.br/usp_diz_que_capsulas_contra_o_cancer_serao_enviadas_a_pacientes_por_correio/,https://institucional.crf-al.org.br/imprensa/noticias/usp_diz_que_capsulas_contra_o_cancer_serao_enviadas_a_pacientes_por_correio,301
www.crf-al.org.br/brasil_avanca_no_diagnostico_do_cancer_de_mama/,https://institucional.crf-al.org.br/imprensa/noticias/brasil_avanca_no_diagnostico_do_cancer_de_mama,301
www.crf-al.org.br/fosfoetanolamina_nao_e_remedio_diz_usp_sobre_substancia_controversa/,https://institucional.crf-al.org.br/imprensa/noticias/fosfoetanolamina_nao_e_remedio_diz_usp_sobre_substancia_controversa,301
www.crf-al.org.br/com_filas_usp_distribui_senhas_para_fornecer_substancia_contra_o_cancer/,https://institucional.crf-al.org.br/imprensa/noticias/com_filas_usp_distribui_senhas_para_fornecer_substancia_contra_o_cancer,301
www.crf-al.org.br/trio_que_estudou_reparo_do_dna_recebe_nobel/,https://institucional.crf-al.org.br/imprensa/noticias/trio_que_estudou_reparo_do_dna_recebe_nobel,301
www.crf-al.org.br/um_novo_arsenal_contra_a_enxaqueca/,https://institucional.crf-al.org.br/imprensa/noticias/um_novo_arsenal_contra_a_enxaqueca,301
www.crf-al.org.br/bacteria_presente_no_muco_vaginal_pode_barrar_o_hiv_sugere_estudo/,https://institucional.crf-al.org.br/imprensa/noticias/bacteria_presente_no_muco_vaginal_pode_barrar_o_hiv_sugere_estudo,301
www.crf-al.org.br/cientistas_absolvem_a_terapia_de_hormonio/,https://institucional.crf-al.org.br/imprensa/noticias/cientistas_absolvem_a_terapia_de_hormonio,301
www.crf-al.org.br/dependencia_de_memoria_digital_esta_prejudicando_memoria_humana_diz_estudo/,https://institucional.crf-al.org.br/imprensa/noticias/dependencia_de_memoria_digital_esta_prejudicando_memoria_humana_diz_estudo,301
www.crf-al.org.br/o_brasil_na_rota_dos_remedios_falsificados/,https://institucional.crf-al.org.br/imprensa/noticias/o_brasil_na_rota_dos_remedios_falsificados,301
www.crf-al.org.br/descaso_com_vacina_faz_doencas_ressurgirem_no_brasil/,https://institucional.crf-al.org.br/imprensa/noticias/descaso_com_vacina_faz_doencas_ressurgirem_no_brasil,301
www.crf-al.org.br/planos_de_saude_no_brasil_tem_taxa_de_cesariana_de_ate_99/,https://institucional.crf-al.org.br/imprensa/noticias/planos_de_saude_no_brasil_tem_taxa_de_cesariana_de_ate_99,301
www.crf-al.org.br/teste_da_glicemia_capilar_e_importante_para_o_tratamento_de_pacientes_diabeticos_saiba_mais/,https://institucional.crf-al.org.br/imprensa/noticias/teste_da_glicemia_capilar_e_importante_para_o_tratamento_de_pacientes_diabeticos_saiba_mais,301
www.crf-al.org.br/presidente_do_cff_fala_na_alemanha_sobre_avancos_da_farmacia_no_brasil/,https://institucional.crf-al.org.br/imprensa/noticias/presidente_do_cff_fala_na_alemanha_sobre_avancos_da_farmacia_no_brasil,301
www.crf-al.org.br/oms_defende_tratamento_precoce_com_medicamentos_para_todos_os_portadores_de_hiv/,https://institucional.crf-al.org.br/imprensa/noticias/oms_defende_tratamento_precoce_com_medicamentos_para_todos_os_portadores_de_hiv,301
www.crf-al.org.br/pacientes_com_hepatite_c_reclamam_da_espera_por_novos_medicamentos/,https://institucional.crf-al.org.br/imprensa/noticias/pacientes_com_hepatite_c_reclamam_da_espera_por_novos_medicamentos,301
www.crf-al.org.br/estudo_europeu_cria_celulas_produtoras_de_insulina_capazes_de_curar_diabetes/,https://institucional.crf-al.org.br/imprensa/noticias/estudo_europeu_cria_celulas_produtoras_de_insulina_capazes_de_curar_diabetes,301
www.crf-al.org.br/distribuicao_de_capsulas_contra_cancer_e_vetada/,https://institucional.crf-al.org.br/imprensa/noticias/distribuicao_de_capsulas_contra_cancer_e_vetada,301
www.crf-al.org.br/disputa_entre_setores_impede_efetivacao_de_politica_de_descarte_de_remedios/,https://institucional.crf-al.org.br/imprensa/noticias/disputa_entre_setores_impede_efetivacao_de_politica_de_descarte_de_remedios,301
www.crf-al.org.br/celula_tronco_e_usada_em_cirurgia_contra_cegueira/,https://institucional.crf-al.org.br/imprensa/noticias/celula_tronco_e_usada_em_cirurgia_contra_cegueira,301
www.crf-al.org.br/remedio_contra_diabetes_reduz_risco_de_morte_cardiovascular/,https://institucional.crf-al.org.br/imprensa/noticias/remedio_contra_diabetes_reduz_risco_de_morte_cardiovascular,301
www.crf-al.org.br/cresce_demanda_por_genericos_mas_insumo_mais_caro_reduz_faturamento/,https://institucional.crf-al.org.br/imprensa/noticias/cresce_demanda_por_genericos_mas_insumo_mais_caro_reduz_faturamento,301
www.crf-al.org.br/infeccoes_sao_causa_de_30_das_internacoes_de_quem_tem_cancer/,https://institucional.crf-al.org.br/imprensa/noticias/infeccoes_sao_causa_de_30_das_internacoes_de_quem_tem_cancer,301
www.crf-al.org.br/governo_zera_repasse_para_farmacia_popular_em_2016/,https://institucional.crf-al.org.br/imprensa/noticias/governo_zera_repasse_para_farmacia_popular_em_2016,301
www.crf-al.org.br/usp_descobre_molecula_para_remedio_inteligente_que_reduz_efeitos_colaterais/,https://institucional.crf-al.org.br/imprensa/noticias/usp_descobre_molecula_para_remedio_inteligente_que_reduz_efeitos_colaterais,301
www.crf-al.org.br/saiba_quais_os_riscos_de_tomar_anticoncepcional/,https://institucional.crf-al.org.br/imprensa/noticias/saiba_quais_os_riscos_de_tomar_anticoncepcional,301
www.crf-al.org.br/paraplegico_caminha_quatro_metros_com_ajuda_de_leitor_da_mente/,https://institucional.crf-al.org.br/imprensa/noticias/paraplegico_caminha_quatro_metros_com_ajuda_de_leitor_da_mente,301
www.crf-al.org.br/apneia_do_sono_pode_ser_muitas_vezes_diagnosticada_como_depressao/,https://institucional.crf-al.org.br/imprensa/noticias/apneia_do_sono_pode_ser_muitas_vezes_diagnosticada_como_depressao,301
www.crf-al.org.br/concentracao_de_neuronios_determina_tempo_de_sono/,https://institucional.crf-al.org.br/imprensa/noticias/concentracao_de_neuronios_determina_tempo_de_sono,301
www.crf-al.org.br/prevencao_no_dna/,https://institucional.crf-al.org.br/imprensa/noticias/prevencao_no_dna,301
www.crf-al.org.br/5_000_a_mais_por_uma_droga_contra_aids_e_cancer/,https://institucional.crf-al.org.br/imprensa/noticias/5_000_a_mais_por_uma_droga_contra_aids_e_cancer,301
www.crf-al.org.br/deficiencias_no_metabolismo_lipidico_podem_estar_envolvidas_na_patogenese_da_enxaqueca/,https://institucional.crf-al.org.br/imprensa/noticias/deficiencias_no_metabolismo_lipidico_podem_estar_envolvidas_na_patogenese_da_enxaqueca,301
www.crf-al.org.br/a_praga_do_diabetes/,https://institucional.crf-al.org.br/imprensa/noticias/a_praga_do_diabetes,301
www.crf-al.org.br/britanicos_pedem_permissao_para_alterar_genes_de_embrioes_humanos/,https://institucional.crf-al.org.br/imprensa/noticias/britanicos_pedem_permissao_para_alterar_genes_de_embrioes_humanos,301
www.crf-al.org.br/descoberta_tornara_possivel_estudo_de_virus_que_protege_contra_aids/,https://institucional.crf-al.org.br/imprensa/noticias/descoberta_tornara_possivel_estudo_de_virus_que_protege_contra_aids,301
www.crf-al.org.br/em_2014_diabetes_matou_mais_que_hiv_malaria_e_tuberculose_somados/,https://institucional.crf-al.org.br/imprensa/noticias/em_2014_diabetes_matou_mais_que_hiv_malaria_e_tuberculose_somados,301
www.crf-al.org.br/coqueluche_e_transmitida_a_recem_nascidos_por_seus_irmaos/,https://institucional.crf-al.org.br/imprensa/noticias/coqueluche_e_transmitida_a_recem_nascidos_por_seus_irmaos,301
www.crf-al.org.br/proteina_e_usada_para_regenerar_tecido_cardiaco_apos_infarto/,https://institucional.crf-al.org.br/imprensa/noticias/proteina_e_usada_para_regenerar_tecido_cardiaco_apos_infarto,301
www.crf-al.org.br/mercosul_fara_compra_conjunta_de_remedios/,https://institucional.crf-al.org.br/imprensa/noticias/mercosul_fara_compra_conjunta_de_remedios,301
www.crf-al.org.br/transferencia_de_principio_ativo/,https://institucional.crf-al.org.br/imprensa/noticias/transferencia_de_principio_ativo,301
www.crf-al.org.br/ministerio_da_saude_lanca_versao_digital_do_cartao_sus/,https://institucional.crf-al.org.br/imprensa/noticias/ministerio_da_saude_lanca_versao_digital_do_cartao_sus,301
www.crf-al.org.br/pesquisa_traz_dados_ineditos_sobre_vigilancia_sanitaria_nos_estados_e_municipios/,https://institucional.crf-al.org.br/imprensa/noticias/pesquisa_traz_dados_ineditos_sobre_vigilancia_sanitaria_nos_estados_e_municipios,301
www.crf-al.org.br/pagamento_no_sus_por_especialidade_vai_mudar/,https://institucional.crf-al.org.br/imprensa/noticias/pagamento_no_sus_por_especialidade_vai_mudar,301
www.crf-al.org.br/a_cada_3_segundos_uma_pessoa_e_diagnosticada_com_demencia/,https://institucional.crf-al.org.br/imprensa/noticias/a_cada_3_segundos_uma_pessoa_e_diagnosticada_com_demencia,301
www.crf-al.org.br/vacina_contra_meningite_b_esta_em_falta/,https://institucional.crf-al.org.br/imprensa/noticias/vacina_contra_meningite_b_esta_em_falta,301
www.crf-al.org.br/cientistas_dos_eua_usam_fermento_para_acelerar_producao_de_analgesicos/,https://institucional.crf-al.org.br/imprensa/noticias/cientistas_dos_eua_usam_fermento_para_acelerar_producao_de_analgesicos,301
www.crf-al.org.br/quando_a_malaria_da_cancer/,https://institucional.crf-al.org.br/imprensa/noticias/quando_a_malaria_da_cancer,301
www.crf-al.org.br/farmaceuticas_querem_crescer_em_vacinas_para_adultos_no_pais/,https://institucional.crf-al.org.br/imprensa/noticias/farmaceuticas_querem_crescer_em_vacinas_para_adultos_no_pais,301
www.crf-al.org.br/fda_obriga_kim_kardashian_a_apagar_propaganda_de_remedio_no_instagram/,https://institucional.crf-al.org.br/imprensa/noticias/fda_obriga_kim_kardashian_a_apagar_propaganda_de_remedio_no_instagram,301
www.crf-al.org.br/omega_3_reduz_risco_de_desenvolver_doencas_mentais_diz_pesquisa/,https://institucional.crf-al.org.br/imprensa/noticias/omega_3_reduz_risco_de_desenvolver_doencas_mentais_diz_pesquisa,301
www.crf-al.org.br/campanha_de_vacinacao_contra_paralisia_infantil_comeca_neste_sabado/,https://institucional.crf-al.org.br/imprensa/noticias/campanha_de_vacinacao_contra_paralisia_infantil_comeca_neste_sabado,301
www.crf-al.org.br/doenca_rara_deixa_espanhola_em_cadeira_de_rodas_em_pouco_mais_de_24_horas/,https://institucional.crf-al.org.br/imprensa/noticias/doenca_rara_deixa_espanhola_em_cadeira_de_rodas_em_pouco_mais_de_24_horas,301
www.crf-al.org.br/icesp_usara_novo_equipamento_para_diagnosticar_cancer/,https://institucional.crf-al.org.br/imprensa/noticias/icesp_usara_novo_equipamento_para_diagnosticar_cancer,301
www.crf-al.org.br/a_revolucao_das_celulas_tronco/,https://institucional.crf-al.org.br/imprensa/noticias/a_revolucao_das_celulas_tronco,301
www.crf-al.org.br/novo_teste_pode_antecipar_diagnostico_de_cancer_do_pancreas/,https://institucional.crf-al.org.br/imprensa/noticias/novo_teste_pode_antecipar_diagnostico_de_cancer_do_pancreas,301
www.crf-al.org.br/pela_primeira_vez_medicamento_que_usa_impressao_3d_e_aprovado_pela_fda/,https://institucional.crf-al.org.br/imprensa/noticias/pela_primeira_vez_medicamento_que_usa_impressao_3d_e_aprovado_pela_fda,301
www.crf-al.org.br/governo_federal_promete_ampliar_tratamento_preventivo_contra_doencas_tropicais/,https://institucional.crf-al.org.br/imprensa/noticias/governo_federal_promete_ampliar_tratamento_preventivo_contra_doencas_tropicais,301
www.crf-al.org.br/novas_drogas_contra_aids_tiram_o_hiv_de_esconderijos_no_corpo/,https://institucional.crf-al.org.br/imprensa/noticias/novas_drogas_contra_aids_tiram_o_hiv_de_esconderijos_no_corpo,301
www.crf-al.org.br/vacina_contra_ebola_tem_exito_em_teste_e_pode_acabar_com_surto_diz_oms/,https://institucional.crf-al.org.br/imprensa/noticias/vacina_contra_ebola_tem_exito_em_teste_e_pode_acabar_com_surto_diz_oms,301
www.crf-al.org.br/90_dos_brasileiros_tem_medo_do_envelhecimento_diz_pesquisa/,https://institucional.crf-al.org.br/imprensa/noticias/90_dos_brasileiros_tem_medo_do_envelhecimento_diz_pesquisa,301
www.crf-al.org.br/existem_cinco_tipos_de_cancer_de_prostata_descobrem_cientistas/,https://institucional.crf-al.org.br/imprensa/noticias/existem_cinco_tipos_de_cancer_de_prostata_descobrem_cientistas,301
www.crf-al.org.br/presidente_da_anvisa_afirma_ser_contra_ampliacao_do_uso_de_canabidiol/,https://institucional.crf-al.org.br/imprensa/noticias/presidente_da_anvisa_afirma_ser_contra_ampliacao_do_uso_de_canabidiol,301
www.crf-al.org.br/retirada_de_medicamento_envolve_riscos/,https://institucional.crf-al.org.br/imprensa/noticias/retirada_de_medicamento_envolve_riscos,301
www.crf-al.org.br/estudo_relaciona_depressao_e_ansiedade_as_bacterias_do_intestino/,https://institucional.crf-al.org.br/imprensa/noticias/estudo_relaciona_depressao_e_ansiedade_as_bacterias_do_intestino,301
www.crf-al.org.br/hepatite_a_epidemia_silenciosa_e_esquecida/,https://institucional.crf-al.org.br/imprensa/noticias/hepatite_a_epidemia_silenciosa_e_esquecida,301
www.crf-al.org.br/estudo_clinico_confirma_eficacia_de_vacina_contra_dengue/,https://institucional.crf-al.org.br/imprensa/noticias/estudo_clinico_confirma_eficacia_de_vacina_contra_dengue,301
www.crf-al.org.br/cuidado_do_cancer_no_brasil_e_tardio_e_insuficiente_aponta_relatorio/,https://institucional.crf-al.org.br/imprensa/noticias/cuidado_do_cancer_no_brasil_e_tardio_e_insuficiente_aponta_relatorio,301
www.crf-al.org.br/gordura_no_figado/,https://institucional.crf-al.org.br/imprensa/noticias/gordura_no_figado,301
www.crf-al.org.br/qual_a_influencia_do_alcool_no_organismo_de_pacientes_diabeticos/,https://institucional.crf-al.org.br/imprensa/noticias/qual_a_influencia_do_alcool_no_organismo_de_pacientes_diabeticos,301
www.crf-al.org.br/saude_aprova_novo_protocolo_para_uso_de_pilula_do_dia_seguinte_contra_aids/,https://institucional.crf-al.org.br/imprensa/noticias/saude_aprova_novo_protocolo_para_uso_de_pilula_do_dia_seguinte_contra_aids,301
www.crf-al.org.br/genericos_e_as_mudancas_do_mercado/,https://institucional.crf-al.org.br/imprensa/noticias/genericos_e_as_mudancas_do_mercado,301
www.crf-al.org.br/dois_remedios_baratos_combatem_cancer_de_mama_reincidente/,https://institucional.crf-al.org.br/imprensa/noticias/dois_remedios_baratos_combatem_cancer_de_mama_reincidente,301
www.crf-al.org.br/anvisa_inicia_publicacao_de_cartas_de_aprovacao_de_genericos_e_similares/,https://institucional.crf-al.org.br/imprensa/noticias/anvisa_inicia_publicacao_de_cartas_de_aprovacao_de_genericos_e_similares,301
www.crf-al.org.br/cafeina_tem_efeito_antidepressivo_em_camundongos_mostra_estudo/,https://institucional.crf-al.org.br/imprensa/noticias/cafeina_tem_efeito_antidepressivo_em_camundongos_mostra_estudo,301
www.crf-al.org.br/testes_mostram_que_novo_medicamento_pode_retardar_alzheimer/,https://institucional.crf-al.org.br/imprensa/noticias/testes_mostram_que_novo_medicamento_pode_retardar_alzheimer,301
www.crf-al.org.br/aberto_processo_eleitoral_para_escolha_de_conselheiros_e_diretoria/,https://institucional.crf-al.org.br/imprensa/noticias/aberto_processo_eleitoral_para_escolha_de_conselheiros_e_diretoria,301
www.crf-al.org.br/artigo_nova_arma_contra_o_cancer/,https://institucional.crf-al.org.br/imprensa/noticias/artigo_nova_arma_contra_o_cancer,301
www.crf-al.org.br/oms_passa_a_recomendar_uso_de_antirretrovirais_a_todos_com_hiv/,https://institucional.crf-al.org.br/imprensa/noticias/oms_passa_a_recomendar_uso_de_antirretrovirais_a_todos_com_hiv,301
www.crf-al.org.br/pesquisa_liga_padrao_de_sono_irregular_a_cancer_de_mama/,https://institucional.crf-al.org.br/imprensa/noticias/pesquisa_liga_padrao_de_sono_irregular_a_cancer_de_mama,301
www.crf-al.org.br/medicina_busca_implante_capilar_mais_real/,https://institucional.crf-al.org.br/imprensa/noticias/medicina_busca_implante_capilar_mais_real,301
www.crf-al.org.br/falsos_medicos_atestaram_60_obitos_na_regiao_de_sorocaba/,https://institucional.crf-al.org.br/imprensa/noticias/falsos_medicos_atestaram_60_obitos_na_regiao_de_sorocaba,301
www.crf-al.org.br/cerveja_e_vinho_ajudam_coracao_e_tem_poder_antioxidante/,https://institucional.crf-al.org.br/imprensa/noticias/cerveja_e_vinho_ajudam_coracao_e_tem_poder_antioxidante,301
www.crf-al.org.br/cientistas_descobrem_primeiros_genes_ligados_a_depressao/,https://institucional.crf-al.org.br/imprensa/noticias/cientistas_descobrem_primeiros_genes_ligados_a_depressao,301
www.crf-al.org.br/planta_da_maconha_pode_ajudar_a_tratar_fraturas_diz_estudo/,https://institucional.crf-al.org.br/imprensa/noticias/planta_da_maconha_pode_ajudar_a_tratar_fraturas_diz_estudo,301
www.crf-al.org.br/idvf_e_torrent_promovem_curso_online_sobre_intercambialidade_de_medicamentos/,https://institucional.crf-al.org.br/imprensa/noticias/idvf_e_torrent_promovem_curso_online_sobre_intercambialidade_de_medicamentos,301
www.crf-al.org.br/substancias_de_embalagens_plasticas_elevam_risco_de_diabetes_e_pressao_alta/,https://institucional.crf-al.org.br/imprensa/noticias/substancias_de_embalagens_plasticas_elevam_risco_de_diabetes_e_pressao_alta,301
www.crf-al.org.br/crescem_casos_de_tumores_de_cabeca_e_pescoco_causados_pelo_hpv/,https://institucional.crf-al.org.br/imprensa/noticias/crescem_casos_de_tumores_de_cabeca_e_pescoco_causados_pelo_hpv,301
www.crf-al.org.br/estudo_brasileiro_sugere_manteiga_enriquecida_para_tratar_alzheimer/,https://institucional.crf-al.org.br/imprensa/noticias/estudo_brasileiro_sugere_manteiga_enriquecida_para_tratar_alzheimer,301
www.crf-al.org.br/anvisa_amplia_modelo_de_trabalho_de_medicamentos_novos_para_a_fila_de_inovadores/,https://institucional.crf-al.org.br/imprensa/noticias/anvisa_amplia_modelo_de_trabalho_de_medicamentos_novos_para_a_fila_de_inovadores,301
www.crf-al.org.br/canabidiol_e_outros_medicamentos_importados_ficam_mais_acessiveis/,https://institucional.crf-al.org.br/imprensa/noticias/canabidiol_e_outros_medicamentos_importados_ficam_mais_acessiveis,301
www.crf-al.org.br/brasil_foi_importante_para_mundo_frear_avanco_da_aids_diz_onu/,https://institucional.crf-al.org.br/imprensa/noticias/brasil_foi_importante_para_mundo_frear_avanco_da_aids_diz_onu,301
www.crf-al.org.br/vacina_em_aerossol_contra_ebola_tem_resultado_promissor_em_macacos/,https://institucional.crf-al.org.br/imprensa/noticias/vacina_em_aerossol_contra_ebola_tem_resultado_promissor_em_macacos,301
www.crf-al.org.br/depressao_pos_avc_e_tratada_com_eletricidade_em_pesquisa_da_usp/,https://institucional.crf-al.org.br/imprensa/noticias/depressao_pos_avc_e_tratada_com_eletricidade_em_pesquisa_da_usp,301
www.crf-al.org.br/pesquisadores_testam_virus_para_reverter_formas_de_surdez_genetica/,https://institucional.crf-al.org.br/imprensa/noticias/pesquisadores_testam_virus_para_reverter_formas_de_surdez_genetica,301
www.crf-al.org.br/pode_o_avc_acontecer_em_qualquer_idade/,https://institucional.crf-al.org.br/imprensa/noticias/pode_o_avc_acontecer_em_qualquer_idade,301
www.crf-al.org.br/botox_ajuda_a_tratar_paralisia_rigidez_muscular_e_ate_enxaqueca/,https://institucional.crf-al.org.br/imprensa/noticias/botox_ajuda_a_tratar_paralisia_rigidez_muscular_e_ate_enxaqueca,301
www.crf-al.org.br/cientistas_descobrem_rota_molecular_contra_parasita_da_malaria/,https://institucional.crf-al.org.br/imprensa/noticias/cientistas_descobrem_rota_molecular_contra_parasita_da_malaria,301
www.crf-al.org.br/o_viagra_rosa_vem_ai_para_resolver_um_problema_que_talvez_nao_exista/,https://institucional.crf-al.org.br/imprensa/noticias/o_viagra_rosa_vem_ai_para_resolver_um_problema_que_talvez_nao_exista,301
www.crf-al.org.br/hpv_aumenta_incidencia_de_cancer_de_boca_e_garganta_entre_jovens/,https://institucional.crf-al.org.br/imprensa/noticias/hpv_aumenta_incidencia_de_cancer_de_boca_e_garganta_entre_jovens,301
www.crf-al.org.br/anvisa_avanca_com_a_implementacao_da_nova_resolucao_de_ensaios_clinicos_para_medicamentos/,https://institucional.crf-al.org.br/imprensa/noticias/anvisa_avanca_com_a_implementacao_da_nova_resolucao_de_ensaios_clinicos_para_medicamentos,301
www.crf-al.org.br/brasil_tera_primeira_fabrica_de_equipamentos_para_radioterapia_da_america_latina/,https://institucional.crf-al.org.br/imprensa/noticias/brasil_tera_primeira_fabrica_de_equipamentos_para_radioterapia_da_america_latina,301
www.crf-al.org.br/burocracia_atrasa_liberacao_de_remedios_a_base_de_maconha_dizem_cientistas/,https://institucional.crf-al.org.br/imprensa/noticias/burocracia_atrasa_liberacao_de_remedios_a_base_de_maconha_dizem_cientistas,301
www.crf-al.org.br/cancer_de_prostata_representa_70_dos_diagnosticos_da_doenca_em_homens/,https://institucional.crf-al.org.br/imprensa/noticias/cancer_de_prostata_representa_70_dos_diagnosticos_da_doenca_em_homens,301
www.crf-al.org.br/vacina_contra_o_virus_hiv_mostra_resultados_promissores_em_macacos/,https://institucional.crf-al.org.br/imprensa/noticias/vacina_contra_o_virus_hiv_mostra_resultados_promissores_em_macacos,301
www.crf-al.org.br/truvada_o_medicamento_que_pode_revolucionar_a_historia_da_aids_e_esta_causando_processos_contra_o_sus/,https://institucional.crf-al.org.br/imprensa/noticias/truvada_o_medicamento_que_pode_revolucionar_a_historia_da_aids_e_esta_causando_processos_contra_o_sus,301
www.crf-al.org.br/sus_inclui_transplante_de_medula_para_tratar_anemia_falciforme/,https://institucional.crf-al.org.br/imprensa/noticias/sus_inclui_transplante_de_medula_para_tratar_anemia_falciforme,301
www.crf-al.org.br/fiocruz_defende_descriminalizacao_do_uso_de_droga_no_brasil/,https://institucional.crf-al.org.br/imprensa/noticias/fiocruz_defende_descriminalizacao_do_uso_de_droga_no_brasil,301
www.crf-al.org.br/campanha_atinge_meta_e_imuniza_84_do_publico_alvo_contra_a_gripe/,https://institucional.crf-al.org.br/imprensa/noticias/campanha_atinge_meta_e_imuniza_84_do_publico_alvo_contra_a_gripe,301
www.crf-al.org.br/estudo_tenta_determinar_o_nivel_ideal_de_pressao_no_sangue/,https://institucional.crf-al.org.br/imprensa/noticias/estudo_tenta_determinar_o_nivel_ideal_de_pressao_no_sangue,301
www.crf-al.org.br/so_1_3_dos_remedios_propostos_entram_no_sus/,https://institucional.crf-al.org.br/imprensa/noticias/so_1_3_dos_remedios_propostos_entram_no_sus,301
www.crf-al.org.br/estudo_confirma_precisao_de_diagnostico_rapido_de_ebola_autorizado_pela_oms/,https://institucional.crf-al.org.br/imprensa/noticias/estudo_confirma_precisao_de_diagnostico_rapido_de_ebola_autorizado_pela_oms,301
www.crf-al.org.br/virus_que_causa_paralisia_temporaria_em_criancas_e_encontrado_em_manaus/,https://institucional.crf-al.org.br/imprensa/noticias/virus_que_causa_paralisia_temporaria_em_criancas_e_encontrado_em_manaus,301
www.crf-al.org.br/remedio_de_artrite_consegue_dar_cor_as_manchas_do_vitiligo/,https://institucional.crf-al.org.br/imprensa/noticias/remedio_de_artrite_consegue_dar_cor_as_manchas_do_vitiligo,301
www.crf-al.org.br/exame_com_saliva_e_sangue_pode_detectar_cancer_de_cabeca_e_pescoco/,https://institucional.crf-al.org.br/imprensa/noticias/exame_com_saliva_e_sangue_pode_detectar_cancer_de_cabeca_e_pescoco,301
www.crf-al.org.br/cientistas_fazem_descoberta_revolucionaria_na_anatomia_do_cerebro/,https://institucional.crf-al.org.br/imprensa/noticias/cientistas_fazem_descoberta_revolucionaria_na_anatomia_do_cerebro,301
www.crf-al.org.br/adultos_superam_criancas_em_consumo_de_medicamentos_para_a_concentracao/,https://institucional.crf-al.org.br/imprensa/noticias/adultos_superam_criancas_em_consumo_de_medicamentos_para_a_concentracao,301
www.crf-al.org.br/estudo_realizado_por_hospital_do_parana_produz_novo_medicamento_para_artrite/,https://institucional.crf-al.org.br/imprensa/noticias/estudo_realizado_por_hospital_do_parana_produz_novo_medicamento_para_artrite,301
www.crf-al.org.br/vitaminas_prometem_mais_saude_mas_especialistas_contestam_beneficios/,https://institucional.crf-al.org.br/imprensa/noticias/vitaminas_prometem_mais_saude_mas_especialistas_contestam_beneficios,301
www.crf-al.org.br/problemas_de_saude_causados_pelo_uso_de_smartphone_e_como_evita_los/,https://institucional.crf-al.org.br/imprensa/noticias/problemas_de_saude_causados_pelo_uso_de_smartphone_e_como_evita_los,301
www.crf-al.org.br/sus_vai_distribuir_novos_remedios_para_tratar_hepatite_c/,https://institucional.crf-al.org.br/imprensa/noticias/sus_vai_distribuir_novos_remedios_para_tratar_hepatite_c,301
www.crf-al.org.br/o_que_sao_as_doencas_autoimunes/,https://institucional.crf-al.org.br/imprensa/noticias/o_que_sao_as_doencas_autoimunes,301
www.crf-al.org.br/sus_sera_referencia_para_definir_remedio_de_convenio_coberturas_podem_cair/,https://institucional.crf-al.org.br/imprensa/noticias/sus_sera_referencia_para_definir_remedio_de_convenio_coberturas_podem_cair,301
www.crf-al.org.br/molecula_presente_na_urina_detecta_cancer_de_prostata/,https://institucional.crf-al.org.br/imprensa/noticias/molecula_presente_na_urina_detecta_cancer_de_prostata,301
www.crf-al.org.br/brasileiras_se_unem_para_entrar_no_mapa_dos_biologicos/,https://institucional.crf-al.org.br/imprensa/noticias/brasileiras_se_unem_para_entrar_no_mapa_dos_biologicos,301
www.crf-al.org.br/unicamp_vira_polo_agregador_de_pesquisas_de_cancer_de_mama/,https://institucional.crf-al.org.br/imprensa/noticias/unicamp_vira_polo_agregador_de_pesquisas_de_cancer_de_mama,301
www.crf-al.org.br/estados_unidos_proibem_gordura_trans_em_alimentos/,https://institucional.crf-al.org.br/imprensa/noticias/estados_unidos_proibem_gordura_trans_em_alimentos,301
www.crf-al.org.br/celula_tronco_ajuda_a_produzir_vasos_sanguineos_para_facilitar_transplantes/,https://institucional.crf-al.org.br/imprensa/noticias/celula_tronco_ajuda_a_produzir_vasos_sanguineos_para_facilitar_transplantes,301
www.crf-al.org.br/cigarro_e_responsavel_por_quase_50_das_mortes_por_12_tipos_de_cancer/,https://institucional.crf-al.org.br/imprensa/noticias/cigarro_e_responsavel_por_quase_50_das_mortes_por_12_tipos_de_cancer,301
www.crf-al.org.br/medicamentos_mais_eficazes_para_hepatite_c_serao_distribuidos_pelo_sus/,https://institucional.crf-al.org.br/imprensa/noticias/medicamentos_mais_eficazes_para_hepatite_c_serao_distribuidos_pelo_sus,301
www.crf-al.org.br/lipo_para_arteria_e_opcao_para_diabetico/,https://institucional.crf-al.org.br/imprensa/noticias/lipo_para_arteria_e_opcao_para_diabetico,301
www.crf-al.org.br/casos_de_doencas_cardiacas_e_mortalidade_cardiovascular_aumentam_no_inverno/,https://institucional.crf-al.org.br/imprensa/noticias/casos_de_doencas_cardiacas_e_mortalidade_cardiovascular_aumentam_no_inverno,301
www.crf-al.org.br/novas_drogas_contra_o_colesterol_estao_a_um_passo_da_aprovacao_nos_eua/,https://institucional.crf-al.org.br/imprensa/noticias/novas_drogas_contra_o_colesterol_estao_a_um_passo_da_aprovacao_nos_eua,301
www.crf-al.org.br/o_virus_que_tem_causado_mortes_e_panico_na_coreia_do_sul/,https://institucional.crf-al.org.br/imprensa/noticias/o_virus_que_tem_causado_mortes_e_panico_na_coreia_do_sul,301
www.crf-al.org.br/falta_de_verba_paralisa_producao_de_remedio_contra_o_cancer/,https://institucional.crf-al.org.br/imprensa/noticias/falta_de_verba_paralisa_producao_de_remedio_contra_o_cancer,301
www.crf-al.org.br/superbacteria_provoca_duas_mortes_em_hospital_de_sergipe/,https://institucional.crf-al.org.br/imprensa/noticias/superbacteria_provoca_duas_mortes_em_hospital_de_sergipe,301
www.crf-al.org.br/doencas_autoimunes_podem_se_instalar_antes_mesmo_do_nascimento/,https://institucional.crf-al.org.br/imprensa/noticias/doencas_autoimunes_podem_se_instalar_antes_mesmo_do_nascimento,301
www.crf-al.org.br/estudo_testara_remedios_de_cancer_em_quem_ja_nao_responde_ao_tratamento/,https://institucional.crf-al.org.br/imprensa/noticias/estudo_testara_remedios_de_cancer_em_quem_ja_nao_responde_ao_tratamento,301
www.crf-al.org.br/novos_exames_de_sangue_podem_revelar_infeccoes_virais_do_passado/,https://institucional.crf-al.org.br/imprensa/noticias/novos_exames_de_sangue_podem_revelar_infeccoes_virais_do_passado,301
www.crf-al.org.br/nova_droga_para_tratar_falta_de_libido_feminina_gera_polemica/,https://institucional.crf-al.org.br/imprensa/noticias/nova_droga_para_tratar_falta_de_libido_feminina_gera_polemica,301
www.crf-al.org.br/droga_vai_usar_defesa_do_corpo_contra_cancer/,https://institucional.crf-al.org.br/imprensa/noticias/droga_vai_usar_defesa_do_corpo_contra_cancer,301
www.crf-al.org.br/hc_imprime_placa_3d_de_titanio_e_refaz_cranio/,https://institucional.crf-al.org.br/imprensa/noticias/hc_imprime_placa_3d_de_titanio_e_refaz_cranio,301
www.crf-al.org.br/v_congresso_norte_nordeste_de_ciencias_farmaceuticas/,https://institucional.crf-al.org.br/imprensa/noticias/v_congresso_norte_nordeste_de_ciencias_farmaceuticas,301
www.crf-al.org.br/ubs_e_primeira_referencia_em_saude_do_brasileiro_diz_pesquisa_do_ibge/,https://institucional.crf-al.org.br/imprensa/noticias/ubs_e_primeira_referencia_em_saude_do_brasileiro_diz_pesquisa_do_ibge,301
www.crf-al.org.br/os_perigos_relacionados_ao_uso_de_antibioticos/,https://institucional.crf-al.org.br/imprensa/noticias/os_perigos_relacionados_ao_uso_de_antibioticos,301
www.crf-al.org.br/risco_de_morte_cai_50_com_uso_rapido_de_antirretroviral_diz_estudo/,https://institucional.crf-al.org.br/imprensa/noticias/risco_de_morte_cai_50_com_uso_rapido_de_antirretroviral_diz_estudo,301
www.crf-al.org.br/acesso_a/,https://institucional.crf-al.org.br/imprensa/noticias/acesso_a,301
www.crf-al.org.br/instituto_butantan_busca_voluntarios_para_testar_vacina_contra_dengue/,https://institucional.crf-al.org.br/imprensa/noticias/instituto_butantan_busca_voluntarios_para_testar_vacina_contra_dengue,301
www.crf-al.org.br/preservativos_femininos_tem_imposto_de_importacao_zerado/,https://institucional.crf-al.org.br/imprensa/noticias/preservativos_femininos_tem_imposto_de_importacao_zerado,301
www.crf-al.org.br/castanha_do_para_retarda_envelhecimento_das_celulas_do_cerebro_diz_estudo/,https://institucional.crf-al.org.br/imprensa/noticias/castanha_do_para_retarda_envelhecimento_das_celulas_do_cerebro_diz_estudo,301
www.crf-al.org.br/estudo_confirma_risco_alto_de_trombose_em_mulheres_que_tomam_pilula/,https://institucional.crf-al.org.br/imprensa/noticias/estudo_confirma_risco_alto_de_trombose_em_mulheres_que_tomam_pilula,301
www.crf-al.org.br/cientistas_usam_virus_da_herpes_para_curar_cancer_de_pele/,https://institucional.crf-al.org.br/imprensa/noticias/cientistas_usam_virus_da_herpes_para_curar_cancer_de_pele,301
www.crf-al.org.br/vacina_pode_controlar_pressao_arterial_por_ate_seis_meses/,https://institucional.crf-al.org.br/imprensa/noticias/vacina_pode_controlar_pressao_arterial_por_ate_seis_meses,301
www.crf-al.org.br/medicamento_chines_que_desacelera_alzheimer_entrara_em_testes_clinicos/,https://institucional.crf-al.org.br/imprensa/noticias/medicamento_chines_que_desacelera_alzheimer_entrara_em_testes_clinicos,301
www.crf-al.org.br/russia_vive_epidemia_silenciosa_de_aids/,https://institucional.crf-al.org.br/imprensa/noticias/russia_vive_epidemia_silenciosa_de_aids,301
www.crf-al.org.br/cientistas_testam_diagnostico_rapido_para_doenca_de_chagas_em_5_paises/,https://institucional.crf-al.org.br/imprensa/noticias/cientistas_testam_diagnostico_rapido_para_doenca_de_chagas_em_5_paises,301
www.crf-al.org.br/campanha_de_vacinacao_contra_a_gripe_so_atinge_30_do_publico_alvo_no_pais/,https://institucional.crf-al.org.br/imprensa/noticias/campanha_de_vacinacao_contra_a_gripe_so_atinge_30_do_publico_alvo_no_pais,301
www.crf-al.org.br/sem_sintomas_cresce_ameaca_de_gordura_no_figado/,https://institucional.crf-al.org.br/imprensa/noticias/sem_sintomas_cresce_ameaca_de_gordura_no_figado,301
www.crf-al.org.br/usp_ribeirao_testa_objeto_menor_que_grao_de_arroz_para_combate_a_cegueira/,https://institucional.crf-al.org.br/imprensa/noticias/usp_ribeirao_testa_objeto_menor_que_grao_de_arroz_para_combate_a_cegueira,301
www.crf-al.org.br/uso_de_remedio_que_previne_hiv_ganha_adeptos_no_brasil_e_pode_chegar_ao_sus/,https://institucional.crf-al.org.br/imprensa/noticias/uso_de_remedio_que_previne_hiv_ganha_adeptos_no_brasil_e_pode_chegar_ao_sus,301
www.crf-al.org.br/oms_busca_plano_global_contra_resistencia_crescente_a_antibioticos/,https://institucional.crf-al.org.br/imprensa/noticias/oms_busca_plano_global_contra_resistencia_crescente_a_antibioticos,301
www.crf-al.org.br/hpv_reduz_a_fertilidade_masculina_aponta_estudo/,https://institucional.crf-al.org.br/imprensa/noticias/hpv_reduz_a_fertilidade_masculina_aponta_estudo,301
www.crf-al.org.br/estudo_indica_nova_estrategia_para_combate_ao_cancer_de_pulmao/,https://institucional.crf-al.org.br/imprensa/noticias/estudo_indica_nova_estrategia_para_combate_ao_cancer_de_pulmao,301
www.crf-al.org.br/ministerio_confirma_16_casos_de_zika_virus_febre_prima_da_dengue/,https://institucional.crf-al.org.br/imprensa/noticias/ministerio_confirma_16_casos_de_zika_virus_febre_prima_da_dengue,301
www.crf-al.org.br/numero_de_doadores_de_orgaos_no_brasil_tem_queda_no_1_trimestre/,https://institucional.crf-al.org.br/imprensa/noticias/numero_de_doadores_de_orgaos_no_brasil_tem_queda_no_1_trimestre,301
www.crf-al.org.br/sobreviventes_do_ebola_devem_evitar_sexo_inseguro_indefinidamente/,https://institucional.crf-al.org.br/imprensa/noticias/sobreviventes_do_ebola_devem_evitar_sexo_inseguro_indefinidamente,301
www.crf-al.org.br/plantao_medico_o_importante_controle_do_sal/,https://institucional.crf-al.org.br/imprensa/noticias/plantao_medico_o_importante_controle_do_sal,301
www.crf-al.org.br/exame_de_sangue_detecta_ate_86_de_casos_de_cancer_de_ovario_precocemente/,https://institucional.crf-al.org.br/imprensa/noticias/exame_de_sangue_detecta_ate_86_de_casos_de_cancer_de_ovario_precocemente,301
www.crf-al.org.br/ministro_da_saude_descarta_vacina_contra_a_dengue_em_curto_prazo/,https://institucional.crf-al.org.br/imprensa/noticias/ministro_da_saude_descarta_vacina_contra_a_dengue_em_curto_prazo,301
www.crf-al.org.br/cientistas_forcam_virus_hiv_a_se_expor_as_defesas_do_organismo/,https://institucional.crf-al.org.br/imprensa/noticias/cientistas_forcam_virus_hiv_a_se_expor_as_defesas_do_organismo,301
www.crf-al.org.br/estudo_busca_forma_de_prever_cancer_antes_de_mal_se_manifestar/,https://institucional.crf-al.org.br/imprensa/noticias/estudo_busca_forma_de_prever_cancer_antes_de_mal_se_manifestar,301
www.crf-al.org.br/vacinacao_contra_gripe_comeca_em_todo_pais_gravidas_e_idosos_devem_tomar/,https://institucional.crf-al.org.br/imprensa/noticias/vacinacao_contra_gripe_comeca_em_todo_pais_gravidas_e_idosos_devem_tomar,301
www.crf-al.org.br/informacoes_sobre_pdps_ja_estao_disponiveis_no_site_da_anvisa/,https://institucional.crf-al.org.br/imprensa/noticias/informacoes_sobre_pdps_ja_estao_disponiveis_no_site_da_anvisa,301
www.crf-al.org.br/produtos_tradicionais_fitoterapicos_ja_podem_ser_notificados_pelo_sistema_da_anvisa/,https://institucional.crf-al.org.br/imprensa/noticias/produtos_tradicionais_fitoterapicos_ja_podem_ser_notificados_pelo_sistema_da_anvisa,301
www.crf-al.org.br/genoma_humano_mudou_os_caminhos_da_medicina/,https://institucional.crf-al.org.br/imprensa/noticias/genoma_humano_mudou_os_caminhos_da_medicina,301
www.crf-al.org.br/os/,https://institucional.crf-al.org.br/imprensa/noticias/os,301
www.crf-al.org.br/aumento_da_sensibilidade_ao_gluten_faz_laboratorios_correrem_atras_de_tratamentos/,https://institucional.crf-al.org.br/imprensa/noticias/aumento_da_sensibilidade_ao_gluten_faz_laboratorios_correrem_atras_de_tratamentos,301
www.crf-al.org.br/nova_vacina_imuniza_criancas_contra_quatro_virus_da_gripe/,https://institucional.crf-al.org.br/imprensa/noticias/nova_vacina_imuniza_criancas_contra_quatro_virus_da_gripe,301
www.crf-al.org.br/maioria_dos_paises_esta_mal_preparada_para_combater_superbacterias_resistentes_diz_oms/,https://institucional.crf-al.org.br/imprensa/noticias/maioria_dos_paises_esta_mal_preparada_para_combater_superbacterias_resistentes_diz_oms,301
www.crf-al.org.br/tylenol_nao_inibe_apenas_a_dor_mas_tambem_as_emocoes_aponta_estudo/,https://institucional.crf-al.org.br/imprensa/noticias/tylenol_nao_inibe_apenas_a_dor_mas_tambem_as_emocoes_aponta_estudo,301
www.crf-al.org.br/tratar_a_apneia_do_sono_pode_evitar_a_deterioracao_da_memoria/,https://institucional.crf-al.org.br/imprensa/noticias/tratar_a_apneia_do_sono_pode_evitar_a_deterioracao_da_memoria,301
www.crf-al.org.br/vigiando_a_genetica/,https://institucional.crf-al.org.br/imprensa/noticias/vigiando_a_genetica,301
www.crf-al.org.br/ansiedade_pode_passar_de_pai_para_filho_e_nao_so_por_causa_dos_genes/,https://institucional.crf-al.org.br/imprensa/noticias/ansiedade_pode_passar_de_pai_para_filho_e_nao_so_por_causa_dos_genes,301
www.crf-al.org.br/vacina_contra_doenca_que_mata_uma_crianca_por_minuto_chega_a_fase_final_de_testes/,https://institucional.crf-al.org.br/imprensa/noticias/vacina_contra_doenca_que_mata_uma_crianca_por_minuto_chega_a_fase_final_de_testes,301
www.crf-al.org.br/associacao_voluntaria_distribui_remedios_sem_uso_para_doencas_graves/,https://institucional.crf-al.org.br/imprensa/noticias/associacao_voluntaria_distribui_remedios_sem_uso_para_doencas_graves,301
www.crf-al.org.br/eua_emitem_alerta_para_turista_sobre_risco_de_contrair_dengue_no_brasil/,https://institucional.crf-al.org.br/imprensa/noticias/eua_emitem_alerta_para_turista_sobre_risco_de_contrair_dengue_no_brasil,301
www.crf-al.org.br/anvisa_aprova_regras_para_importacao_de_medicamentos_com_canabidiol/,https://institucional.crf-al.org.br/imprensa/noticias/anvisa_aprova_regras_para_importacao_de_medicamentos_com_canabidiol,301
www.crf-al.org.br/anvisa_aprova_novo_medicamento_para_tratamento_da_hepatite_c/,https://institucional.crf-al.org.br/imprensa/noticias/anvisa_aprova_novo_medicamento_para_tratamento_da_hepatite_c,301
www.crf-al.org.br/anticoncepcional_masculino_deve_chegar_ao_mercado_em_2017/,https://institucional.crf-al.org.br/imprensa/noticias/anticoncepcional_masculino_deve_chegar_ao_mercado_em_2017,301
www.crf-al.org.br/novo_estudo_reforca_a_inexistencia_de_vinculos_entre_vacinas_e_autismo/,https://institucional.crf-al.org.br/imprensa/noticias/novo_estudo_reforca_a_inexistencia_de_vinculos_entre_vacinas_e_autismo,301
www.crf-al.org.br/uso_indevido_de_medicamentos_causa_morte_de_20_mil_por_ano_no_brasil/,https://institucional.crf-al.org.br/imprensa/noticias/uso_indevido_de_medicamentos_causa_morte_de_20_mil_por_ano_no_brasil,301
www.crf-al.org.br/tratamento_antileucemia_pode_ser_chave_para_cancer_de_pancreas/,https://institucional.crf-al.org.br/imprensa/noticias/tratamento_antileucemia_pode_ser_chave_para_cancer_de_pancreas,301
www.crf-al.org.br/aprovado_nos_eua_medicamento_generico_para_esclerose_multipla/,https://institucional.crf-al.org.br/imprensa/noticias/aprovado_nos_eua_medicamento_generico_para_esclerose_multipla,301
www.crf-al.org.br/estudo_associa_consumo_de_suplementos_e_cancer_de_testiculo/,https://institucional.crf-al.org.br/imprensa/noticias/estudo_associa_consumo_de_suplementos_e_cancer_de_testiculo,301
www.crf-al.org.br/droga_usada_contra_leucemia_pode_tratar_outros_tipos_de_cancer/,https://institucional.crf-al.org.br/imprensa/noticias/droga_usada_contra_leucemia_pode_tratar_outros_tipos_de_cancer,301
www.crf-al.org.br/remedio_preventivo_para_grupo_com_mais_risco_de_pegar_aids_chega_ao_sus/,https://institucional.crf-al.org.br/imprensa/noticias/remedio_preventivo_para_grupo_com_mais_risco_de_pegar_aids_chega_ao_sus,301
www.crf-al.org.br/preco_dos_remedios_sobe_de_5_a_7_7_a_partir_de_hoje/,https://institucional.crf-al.org.br/imprensa/noticias/preco_dos_remedios_sobe_de_5_a_7_7_a_partir_de_hoje,301
www.crf-al.org.br/ilegalidade_dificulta_pesquisas_sobre_maconha_medicinal_diz_pesquisador/,https://institucional.crf-al.org.br/imprensa/noticias/ilegalidade_dificulta_pesquisas_sobre_maconha_medicinal_diz_pesquisador,301
www.crf-al.org.br/transplante_cruzado_de_rins_ocorre_pela_1a_vez_na_america_latina/,https://institucional.crf-al.org.br/imprensa/noticias/transplante_cruzado_de_rins_ocorre_pela_1a_vez_na_america_latina,301
www.crf-al.org.br/hospital_albert_einstein_alerta_portadores_de_insuficiencia_cardiaca_sobre_vacinacao/,https://institucional.crf-al.org.br/imprensa/noticias/hospital_albert_einstein_alerta_portadores_de_insuficiencia_cardiaca_sobre_vacinacao,301
www.crf-al.org.br/infectologista_fala_sobre_mitos_e_verdades_a_respeito_dos_antibioticos/,https://institucional.crf-al.org.br/imprensa/noticias/infectologista_fala_sobre_mitos_e_verdades_a_respeito_dos_antibioticos,301
www.crf-al.org.br/nova_vacina_experimental_contra_ebola_e_eficaz_em_macacos/,https://institucional.crf-al.org.br/imprensa/noticias/nova_vacina_experimental_contra_ebola_e_eficaz_em_macacos,301
www.crf-al.org.br/pesquisadores_criam_dispositivo_que_detecta_predisposicao_para_diabetes_2/,https://institucional.crf-al.org.br/imprensa/noticias/pesquisadores_criam_dispositivo_que_detecta_predisposicao_para_diabetes_2,301
www.crf-al.org.br/maioria_dos_casos_de_epilepsia_pode_ser_controlada_com_medicacao/,https://institucional.crf-al.org.br/imprensa/noticias/maioria_dos_casos_de_epilepsia_pode_ser_controlada_com_medicacao,301
www.crf-al.org.br/camara_aprova_projeto_que_garante_mamografia_a_mulheres_com_mais_de_40/,https://institucional.crf-al.org.br/imprensa/noticias/camara_aprova_projeto_que_garante_mamografia_a_mulheres_com_mais_de_40,301
www.crf-al.org.br/oms_quer_acabar_com_epidemia_de_tuberculose_ate_2035/,https://institucional.crf-al.org.br/imprensa/noticias/oms_quer_acabar_com_epidemia_de_tuberculose_ate_2035,301
www.crf-al.org.br/taxa_de_mortalidade_por_tuberculose_cai_20_7_em_10_anos/,https://institucional.crf-al.org.br/imprensa/noticias/taxa_de_mortalidade_por_tuberculose_cai_20_7_em_10_anos,301
www.crf-al.org.br/anticorpo_artificial_pode_eliminar_virus_hiv_de_macacos_contaminados/,https://institucional.crf-al.org.br/imprensa/noticias/anticorpo_artificial_pode_eliminar_virus_hiv_de_macacos_contaminados,301
www.crf-al.org.br/oms_afirma_que_consumo_de_tabaco_caiu_no_mundo/,https://institucional.crf-al.org.br/imprensa/noticias/oms_afirma_que_consumo_de_tabaco_caiu_no_mundo,301
www.crf-al.org.br/virus_ou_bacteria_novo_exame_detecta_origem_de_infeccoes/,https://institucional.crf-al.org.br/imprensa/noticias/virus_ou_bacteria_novo_exame_detecta_origem_de_infeccoes,301
www.crf-al.org.br/cff_inaugura_nova_sede_em_brasilia/,https://institucional.crf-al.org.br/imprensa/noticias/cff_inaugura_nova_sede_em_brasilia,301
www.crf-al.org.br/oms_quer_forcar_industria_do_tabaco_a_fechar_as_portas/,https://institucional.crf-al.org.br/imprensa/noticias/oms_quer_forcar_industria_do_tabaco_a_fechar_as_portas,301
www.crf-al.org.br/anvisa_amplia_medidas_para_aumentar_a_seguranca_do_receptor_e_do_doador_de_sangue/,https://institucional.crf-al.org.br/imprensa/noticias/anvisa_amplia_medidas_para_aumentar_a_seguranca_do_receptor_e_do_doador_de_sangue,301
www.crf-al.org.br/aspirina_diminui_risco_de_cancer_colorretal_mas_nao_para_todos/,https://institucional.crf-al.org.br/imprensa/noticias/aspirina_diminui_risco_de_cancer_colorretal_mas_nao_para_todos,301
www.crf-al.org.br/novo_tratamento_contra_hepatite_c_comeca_a_ser_testado_no_brasil/,https://institucional.crf-al.org.br/imprensa/noticias/novo_tratamento_contra_hepatite_c_comeca_a_ser_testado_no_brasil,301
www.crf-al.org.br/obesidade_eleva_em_ate_40_risco_de_sete_tipos_de_cancer_em_mulheres/,https://institucional.crf-al.org.br/imprensa/noticias/obesidade_eleva_em_ate_40_risco_de_sete_tipos_de_cancer_em_mulheres,301
www.crf-al.org.br/nova_droga_redutora_de_colesterol_entusiasma_cardiologistas_de_todo_o_mundo/,https://institucional.crf-al.org.br/imprensa/noticias/nova_droga_redutora_de_colesterol_entusiasma_cardiologistas_de_todo_o_mundo,301
www.crf-al.org.br/nao_ha_evidencia_cientifica_para_uso_da_homeopatia_conclui_extensa_revisao/,https://institucional.crf-al.org.br/imprensa/noticias/nao_ha_evidencia_cientifica_para_uso_da_homeopatia_conclui_extensa_revisao,301
www.crf-al.org.br/oms_lanca_recomendacoes_sobre_hepatite_b_que_mata_650_mil_por_ano/,https://institucional.crf-al.org.br/imprensa/noticias/oms_lanca_recomendacoes_sobre_hepatite_b_que_mata_650_mil_por_ano,301
www.crf-al.org.br/imunoterapia_abre_novo_caminho_no_tratamento_de_cancer_diz_pesquisador/,https://institucional.crf-al.org.br/imprensa/noticias/imunoterapia_abre_novo_caminho_no_tratamento_de_cancer_diz_pesquisador,301
www.crf-al.org.br/droga_contra_o_colesterol_aumenta_risco_de_diabetes/,https://institucional.crf-al.org.br/imprensa/noticias/droga_contra_o_colesterol_aumenta_risco_de_diabetes,301
www.crf-al.org.br/brasil_tem_340_cidades_com_risco_de_surto_de_dengue_informa_ministerio/,https://institucional.crf-al.org.br/imprensa/noticias/brasil_tem_340_cidades_com_risco_de_surto_de_dengue_informa_ministerio,301
www.crf-al.org.br/tecnica_experimental_melhora_a_memoria_de_roedores_com_alzheimer/,https://institucional.crf-al.org.br/imprensa/noticias/tecnica_experimental_melhora_a_memoria_de_roedores_com_alzheimer,301
www.crf-al.org.br/pesquisadores_da_ufal_desenvolvem_pomada_para_combate_ao_hpv/,https://institucional.crf-al.org.br/imprensa/noticias/pesquisadores_da_ufal_desenvolvem_pomada_para_combate_ao_hpv,301
www.crf-al.org.br/anvisa_aprova_novo_medicamento_oral_para_tratamento_de_hepatite_c/,https://institucional.crf-al.org.br/imprensa/noticias/anvisa_aprova_novo_medicamento_oral_para_tratamento_de_hepatite_c,301
www.crf-al.org.br/anvisa_aprova_o_12o_generico_inedito_de_2015/,https://institucional.crf-al.org.br/imprensa/noticias/anvisa_aprova_o_12o_generico_inedito_de_2015,301
www.crf-al.org.br/saiba_porque_diabeticos_sao_pacientes_de_alto_risco_cardiaco/,https://institucional.crf-al.org.br/imprensa/noticias/saiba_porque_diabeticos_sao_pacientes_de_alto_risco_cardiaco,301
www.crf-al.org.br/pode_faltar_vacina_bcg_em_diversos_estados_brasileiros/,https://institucional.crf-al.org.br/imprensa/noticias/pode_faltar_vacina_bcg_em_diversos_estados_brasileiros,301
www.crf-al.org.br/agua_poluida_mata_mais_mulheres_que_aids_e_cancer_de_mama_diz_estudo/,https://institucional.crf-al.org.br/imprensa/noticias/agua_poluida_mata_mais_mulheres_que_aids_e_cancer_de_mama_diz_estudo,301
www.crf-al.org.br/cinco_medicamentos_para_transtorno_bipolar_sao_incorporados_ao_sus/,https://institucional.crf-al.org.br/imprensa/noticias/cinco_medicamentos_para_transtorno_bipolar_sao_incorporados_ao_sus,301
www.crf-al.org.br/anvisa_amplia_indicacao_de_vacina_contra_hpv_para_mulheres_ate_45_anos/,https://institucional.crf-al.org.br/imprensa/noticias/anvisa_amplia_indicacao_de_vacina_contra_hpv_para_mulheres_ate_45_anos,301
www.crf-al.org.br/para_oms_sul_americano_deve_cortar_em_60_ingestao_de_acucar/,https://institucional.crf-al.org.br/imprensa/noticias/para_oms_sul_americano_deve_cortar_em_60_ingestao_de_acucar,301
www.crf-al.org.br/fiocruz_isola_virus_da_febre_chicungunha_no_brasil/,https://institucional.crf-al.org.br/imprensa/noticias/fiocruz_isola_virus_da_febre_chicungunha_no_brasil,301
www.crf-al.org.br/anvisa_nega_renovacao_de_certificado_de_boas_praticas_a_ems/,https://institucional.crf-al.org.br/imprensa/noticias/anvisa_nega_renovacao_de_certificado_de_boas_praticas_a_ems,301
www.crf-al.org.br/anvisa_aprova_frase/,https://institucional.crf-al.org.br/imprensa/noticias/anvisa_aprova_frase,301
www.crf-al.org.br/parceria_com_escolas_deve_voltar_para_vacina_do_hpv/,https://institucional.crf-al.org.br/imprensa/noticias/parceria_com_escolas_deve_voltar_para_vacina_do_hpv,301
www.crf-al.org.br/oms_1_1_bilhao_em_risco_de_perda_auditiva/,https://institucional.crf-al.org.br/imprensa/noticias/oms_1_1_bilhao_em_risco_de_perda_auditiva,301
www.crf-al.org.br/anvisa_veta_compras_publicas_com_a_ems_maior_farmaceutica_do_pais/,https://institucional.crf-al.org.br/imprensa/noticias/anvisa_veta_compras_publicas_com_a_ems_maior_farmaceutica_do_pais,301
www.crf-al.org.br/estudo_pode_ajudar_a_prevenir_e_tratar_infeccoes_fatais_em_diabeticos/,https://institucional.crf-al.org.br/imprensa/noticias/estudo_pode_ajudar_a_prevenir_e_tratar_infeccoes_fatais_em_diabeticos,301
www.crf-al.org.br/bacteria_letal_e_detectada_na_parte_externa_de_laboratorio_de_seguranca/,https://institucional.crf-al.org.br/imprensa/noticias/bacteria_letal_e_detectada_na_parte_externa_de_laboratorio_de_seguranca,301
www.crf-al.org.br/usp_desenvolve_teste_para_deteccao_precoce_de_doencas_autoimunes/,https://institucional.crf-al.org.br/imprensa/noticias/usp_desenvolve_teste_para_deteccao_precoce_de_doencas_autoimunes,301
www.crf-al.org.br/estudo_aponta_impacto_do_transplante_de_celulas_tronco_nas_imunodeficiencias/,https://institucional.crf-al.org.br/imprensa/noticias/estudo_aponta_impacto_do_transplante_de_celulas_tronco_nas_imunodeficiencias,301
www.crf-al.org.br/condicoes_especiais_para_a_compra_do_seu_imovel/,https://institucional.crf-al.org.br/imprensa/noticias/condicoes_especiais_para_a_compra_do_seu_imovel,301
www.crf-al.org.br/saude_altera_formula_de_reajuste_dos_precos_de_medicamentos/,https://institucional.crf-al.org.br/imprensa/noticias/saude_altera_formula_de_reajuste_dos_precos_de_medicamentos,301
www.crf-al.org.br/transplante_de_cabeca_pode_se_tornar_realidade_em_apenas_2_anos_diz_medico/,https://institucional.crf-al.org.br/imprensa/noticias/transplante_de_cabeca_pode_se_tornar_realidade_em_apenas_2_anos_diz_medico,301
www.crf-al.org.br/a_possibilidade_da_invencao_de_doencas_mentais/,https://institucional.crf-al.org.br/imprensa/noticias/a_possibilidade_da_invencao_de_doencas_mentais,301
www.crf-al.org.br/baixar_a_pressao_arterial_pode_reduzir_os_riscos_do_diabetes/,https://institucional.crf-al.org.br/imprensa/noticias/baixar_a_pressao_arterial_pode_reduzir_os_riscos_do_diabetes,301
www.crf-al.org.br/novo_farmaco_que_trata_o_ebola_consegue_bons_resultados_diz_estudo/,https://institucional.crf-al.org.br/imprensa/noticias/novo_farmaco_que_trata_o_ebola_consegue_bons_resultados_diz_estudo,301
www.crf-al.org.br/curativo_inteligente_criado_nos_eua_pode_chamar_medico/,https://institucional.crf-al.org.br/imprensa/noticias/curativo_inteligente_criado_nos_eua_pode_chamar_medico,301
www.crf-al.org.br/uma_pilula_antes_e_outra_depois_do_sexo_podem_evitar_a_aids_diz_estudo/,https://institucional.crf-al.org.br/imprensa/noticias/uma_pilula_antes_e_outra_depois_do_sexo_podem_evitar_a_aids_diz_estudo,301
www.crf-al.org.br/oms_exige_seringas_de_uso_unico_para_evitar_infeccoes/,https://institucional.crf-al.org.br/imprensa/noticias/oms_exige_seringas_de_uso_unico_para_evitar_infeccoes,301
www.crf-al.org.br/desconhecido_no_brasil_gas_para_aliviar_dor_do_parto_ganha_forca_nos_eua/,https://institucional.crf-al.org.br/imprensa/noticias/desconhecido_no_brasil_gas_para_aliviar_dor_do_parto_ganha_forca_nos_eua,301
www.crf-al.org.br/eua_aprovam_medicamento_contra_cancer_de_medula_ossea/,https://institucional.crf-al.org.br/imprensa/noticias/eua_aprovam_medicamento_contra_cancer_de_medula_ossea,301
www.crf-al.org.br/explicacao_para_o_alzheimer_esta_ligada_a_genes_demais_no_cerebro/,https://institucional.crf-al.org.br/imprensa/noticias/explicacao_para_o_alzheimer_esta_ligada_a_genes_demais_no_cerebro,301
www.crf-al.org.br/europa_aprova_primeira_terapia_com_celulas_tronco_para_doenca_ocular_rara/,https://institucional.crf-al.org.br/imprensa/noticias/europa_aprova_primeira_terapia_com_celulas_tronco_para_doenca_ocular_rara,301
www.crf-al.org.br/pesquisadores_iniciam_testes_de_vacina_contra_o_hiv_na_africa_do_sul/,https://institucional.crf-al.org.br/imprensa/noticias/pesquisadores_iniciam_testes_de_vacina_contra_o_hiv_na_africa_do_sul,301
www.crf-al.org.br/pesquisa_descobre_um_motivo_da_persistencia_da_hanseniase/,https://institucional.crf-al.org.br/imprensa/noticias/pesquisa_descobre_um_motivo_da_persistencia_da_hanseniase,301
www.crf-al.org.br/maconha_mais_potente_triplica_risco_de_psicose_diz_estudo/,https://institucional.crf-al.org.br/imprensa/noticias/maconha_mais_potente_triplica_risco_de_psicose_diz_estudo,301
www.crf-al.org.br/unico_fabricante_de_remedio_para_dois_tipos_de_cancer_suspende_producao/,https://institucional.crf-al.org.br/imprensa/noticias/unico_fabricante_de_remedio_para_dois_tipos_de_cancer_suspende_producao,301
www.crf-al.org.br/apos_caso_de_febre_amarela_em_go_ministerio_reforca_importancia_da_vacina/,https://institucional.crf-al.org.br/imprensa/noticias/apos_caso_de_febre_amarela_em_go_ministerio_reforca_importancia_da_vacina,301
www.crf-al.org.br/tratamento_pioneiro_desativa_tumor_em_menina_de_11_anos/,https://institucional.crf-al.org.br/imprensa/noticias/tratamento_pioneiro_desativa_tumor_em_menina_de_11_anos,301
www.crf-al.org.br/fumar_causa_mais_doencas_e_mortes_do_que_se_imaginava_indica_estudo/,https://institucional.crf-al.org.br/imprensa/noticias/fumar_causa_mais_doencas_e_mortes_do_que_se_imaginava_indica_estudo,301
www.crf-al.org.br/equador_implantara_programa_farmacia_popular/,https://institucional.crf-al.org.br/imprensa/noticias/equador_implantara_programa_farmacia_popular,301
www.crf-al.org.br/condicoes_especiais_para_a_compra_do_seu_carro/,https://institucional.crf-al.org.br/imprensa/noticias/condicoes_especiais_para_a_compra_do_seu_carro,301
www.crf-al.org.br/veneno_de_cobra_coral_pode_ajudar_a_tratar_esquizofrenia_dizem_cientistas/,https://institucional.crf-al.org.br/imprensa/noticias/veneno_de_cobra_coral_pode_ajudar_a_tratar_esquizofrenia_dizem_cientistas,301
www.crf-al.org.br/estudo_diz_que_vacina_contra_hpv_nao_incentiva_habito_sexual_de_risco/,https://institucional.crf-al.org.br/imprensa/noticias/estudo_diz_que_vacina_contra_hpv_nao_incentiva_habito_sexual_de_risco,301
www.crf-al.org.br/falta_de_transparencia_pode_comprometer_confianca_nos_genericos/,https://institucional.crf-al.org.br/imprensa/noticias/falta_de_transparencia_pode_comprometer_confianca_nos_genericos,301
www.crf-al.org.br/insulina_inteligente_poderia_ser_aprovada_para_diabetes/,https://institucional.crf-al.org.br/imprensa/noticias/insulina_inteligente_poderia_ser_aprovada_para_diabetes,301
www.crf-al.org.br/estudo_relaciona_energeticos_e_bebidas_acucaradas_a_hiperatividade/,https://institucional.crf-al.org.br/imprensa/noticias/estudo_relaciona_energeticos_e_bebidas_acucaradas_a_hiperatividade,301
www.crf-al.org.br/amamentacao_chave_da_saude_futura/,https://institucional.crf-al.org.br/imprensa/noticias/amamentacao_chave_da_saude_futura,301
www.crf-al.org.br/loteria_genetica_cura_mulher_com_sindrome_rara/,https://institucional.crf-al.org.br/imprensa/noticias/loteria_genetica_cura_mulher_com_sindrome_rara,301
www.crf-al.org.br/aplicativos_ajudam_campanha_de_conscientizacao_sobre_risco_da_aids/,https://institucional.crf-al.org.br/imprensa/noticias/aplicativos_ajudam_campanha_de_conscientizacao_sobre_risco_da_aids,301
www.crf-al.org.br/virus_misterioso_que_paralisa_criancas_intriga_medicos_nos_eua/,https://institucional.crf-al.org.br/imprensa/noticias/virus_misterioso_que_paralisa_criancas_intriga_medicos_nos_eua,301
www.crf-al.org.br/anvisa_aprova_regras_para_agilizar_pesquisas_clinicas_com_medicamentos/,https://institucional.crf-al.org.br/imprensa/noticias/anvisa_aprova_regras_para_agilizar_pesquisas_clinicas_com_medicamentos,301
www.crf-al.org.br/so_25_das_mulheres_acima_de_50_anos_fazem_mamografia_regularmente/,https://institucional.crf-al.org.br/imprensa/noticias/so_25_das_mulheres_acima_de_50_anos_fazem_mamografia_regularmente,301
www.crf-al.org.br/cancer_mata_ao_menos_8_milhoes_de_pessoas_no_mundo_todos_os_anos/,https://institucional.crf-al.org.br/imprensa/noticias/cancer_mata_ao_menos_8_milhoes_de_pessoas_no_mundo_todos_os_anos,301
www.crf-al.org.br/cancer_de_pulmao_e_mais_letal_em_mulheres_de_paises_ricos_do_que_o_de_mama/,https://institucional.crf-al.org.br/imprensa/noticias/cancer_de_pulmao_e_mais_letal_em_mulheres_de_paises_ricos_do_que_o_de_mama,301
www.crf-al.org.br/laboratorio_lanca_insulina_inalavel_para_diabeticos_nos_estados_unidos/,https://institucional.crf-al.org.br/imprensa/noticias/laboratorio_lanca_insulina_inalavel_para_diabeticos_nos_estados_unidos,301
www.crf-al.org.br/fototerapia_e_sol_ajudam_a_tratar_doencas_como_vitiligo_e_psoriase/,https://institucional.crf-al.org.br/imprensa/noticias/fototerapia_e_sol_ajudam_a_tratar_doencas_como_vitiligo_e_psoriase,301
www.crf-al.org.br/sem_pressao_apoio_e_a_chave_para_lidar_com_pessoa_deprimida/,https://institucional.crf-al.org.br/imprensa/noticias/sem_pressao_apoio_e_a_chave_para_lidar_com_pessoa_deprimida,301
www.crf-al.org.br/liberia_inicia_testes_de_duas_vacinas_contra_o_ebola/,https://institucional.crf-al.org.br/imprensa/noticias/liberia_inicia_testes_de_duas_vacinas_contra_o_ebola,301
www.crf-al.org.br/espanha_cria_tecnica_que_trata_coracao_com_celulas_de_doadores/,https://institucional.crf-al.org.br/imprensa/noticias/espanha_cria_tecnica_que_trata_coracao_com_celulas_de_doadores,301
www.crf-al.org.br/novo_tratamento_contra_cancer_de_colo_de_utero_e_testado_no_ac/,https://institucional.crf-al.org.br/imprensa/noticias/novo_tratamento_contra_cancer_de_colo_de_utero_e_testado_no_ac,301
www.crf-al.org.br/comunicado_fresenius_medical_care/,https://institucional.crf-al.org.br/imprensa/noticias/comunicado_fresenius_medical_care,301
www.crf-al.org.br/brasil_registrou_24_6_mil_novos_casos_de_hanseniase_em_2014/,https://institucional.crf-al.org.br/imprensa/noticias/brasil_registrou_24_6_mil_novos_casos_de_hanseniase_em_2014,301
www.crf-al.org.br/cigarro_eletronico_pode_ser_de_5_a_15_vezes_mais_cancerigeno_diz_estudo/,https://institucional.crf-al.org.br/imprensa/noticias/cigarro_eletronico_pode_ser_de_5_a_15_vezes_mais_cancerigeno_diz_estudo,301
www.crf-al.org.br/cinco_genericos_ineditos_no_brasil_ganham_registro_da_anvisa/,https://institucional.crf-al.org.br/imprensa/noticias/cinco_genericos_ineditos_no_brasil_ganham_registro_da_anvisa,301
www.crf-al.org.br/convite_para_o_baile/,https://institucional.crf-al.org.br/imprensa/noticias/convite_para_o_baile,301
www.crf-al.org.br/farmaceuticos_podem_orientar_pacientes_para_evitar_automedicacao/,https://institucional.crf-al.org.br/imprensa/noticias/farmaceuticos_podem_orientar_pacientes_para_evitar_automedicacao,301
www.crf-al.org.br/reproducao_assistida_cada_vez_mais_segura_e_confiavel/,https://institucional.crf-al.org.br/imprensa/noticias/reproducao_assistida_cada_vez_mais_segura_e_confiavel,301
www.crf-al.org.br/o_uso_da_ritalina_e_sua_promessa_de_turbinar_os_estudos/,https://institucional.crf-al.org.br/imprensa/noticias/o_uso_da_ritalina_e_sua_promessa_de_turbinar_os_estudos,301
www.crf-al.org.br/convite/,https://institucional.crf-al.org.br/imprensa/noticias/convite,301
www.crf-al.org.br/memoria_funciona_melhor_com_olhos_fechados_diz_estudo/,https://institucional.crf-al.org.br/imprensa/noticias/memoria_funciona_melhor_com_olhos_fechados_diz_estudo,301
www.crf-al.org.br/com_novo_edital_do_mais_medicos_governo_espera_alcancar_4_2_mil_municipios/,https://institucional.crf-al.org.br/imprensa/noticias/com_novo_edital_do_mais_medicos_governo_espera_alcancar_4_2_mil_municipios,301
www.crf-al.org.br/inatividade_mata_mais_do_que_obesidade_indica_pesquisa/,https://institucional.crf-al.org.br/imprensa/noticias/inatividade_mata_mais_do_que_obesidade_indica_pesquisa,301
www.crf-al.org.br/anvisa_libera_uso_medicinal_de_derivado_da_maconha/,https://institucional.crf-al.org.br/imprensa/noticias/anvisa_libera_uso_medicinal_de_derivado_da_maconha,301
www.crf-al.org.br/pacientes_com_hiv_passam_a_ter_acesso_a_remedio_3_em_1_pelo_sus/,https://institucional.crf-al.org.br/imprensa/noticias/pacientes_com_hiv_passam_a_ter_acesso_a_remedio_3_em_1_pelo_sus,301
www.crf-al.org.br/campanha_do_cff_orienta_farmacia_sem_farmaceutico_nao_e_legal/,https://institucional.crf-al.org.br/imprensa/noticias/campanha_do_cff_orienta_farmacia_sem_farmaceutico_nao_e_legal,301
www.crf-al.org.br/confira_o_relatorio_de_avaliacao_do_ministerio_da_saude_sobre_os_10_anos_da_pnaf/,https://institucional.crf-al.org.br/imprensa/noticias/confira_o_relatorio_de_avaliacao_do_ministerio_da_saude_sobre_os_10_anos_da_pnaf,301
www.crf-al.org.br/pilula_que_queima_gordura_sem_esforco_deve_ter_poucos_efeitos_colaterais_e_ajudar_no_tratamento_do_diabetes/,https://institucional.crf-al.org.br/imprensa/noticias/pilula_que_queima_gordura_sem_esforco_deve_ter_poucos_efeitos_colaterais_e_ajudar_no_tratamento_do_diabetes,301
www.crf-al.org.br/testes_finais_de_vacinas_contra_ebola_terao_inicio_ate_fevereiro_diz_oms/,https://institucional.crf-al.org.br/imprensa/noticias/testes_finais_de_vacinas_contra_ebola_terao_inicio_ate_fevereiro_diz_oms,301
www.crf-al.org.br/cientistas_desenvolvem_estrutura_de_titanio_para_cobrir_implantes_osseos/,https://institucional.crf-al.org.br/imprensa/noticias/cientistas_desenvolvem_estrutura_de_titanio_para_cobrir_implantes_osseos,301
www.crf-al.org.br/cai_numero_de_casos_de_dengue_no_pais_em_2014/,https://institucional.crf-al.org.br/imprensa/noticias/cai_numero_de_casos_de_dengue_no_pais_em_2014,301
www.crf-al.org.br/pela_1a_vez_desde_87_grupo_descobre_nova_classe_de_antibioticos/,https://institucional.crf-al.org.br/imprensa/noticias/pela_1a_vez_desde_87_grupo_descobre_nova_classe_de_antibioticos,301
www.crf-al.org.br/cientistas_americanos_desenvolvem_antibiotico_revolucionario/,https://institucional.crf-al.org.br/imprensa/noticias/cientistas_americanos_desenvolvem_antibiotico_revolucionario,301
www.crf-al.org.br/recadastramento/,https://institucional.crf-al.org.br/imprensa/noticias/recadastramento,301
www.crf-al.org.br/novo_tributo_e_o_caminho_para_garantir_a_sustentabilidade_do_sistema_de_saude/,https://institucional.crf-al.org.br/imprensa/noticias/novo_tributo_e_o_caminho_para_garantir_a_sustentabilidade_do_sistema_de_saude,301
www.crf-al.org.br/vacina_contra_hpv_nao_aumenta_risco_de_ter_esclerose_multipla_diz_estudo/,https://institucional.crf-al.org.br/imprensa/noticias/vacina_contra_hpv_nao_aumenta_risco_de_ter_esclerose_multipla_diz_estudo,301
www.crf-al.org.br/anvisa_vai_liberar_uso_de_novo_medicamento_que_trata_a_hepatite_c/,https://institucional.crf-al.org.br/imprensa/noticias/anvisa_vai_liberar_uso_de_novo_medicamento_que_trata_a_hepatite_c,301
www.crf-al.org.br/pesquisa_cria_pilula_que_engana_o_corpo_para_que_queime_gorduras/,https://institucional.crf-al.org.br/imprensa/noticias/pesquisa_cria_pilula_que_engana_o_corpo_para_que_queime_gorduras,301
www.crf-al.org.br/anvisa_aprova_primeiro_remedio_via_oral_para_tratar_hepatite_c/,https://institucional.crf-al.org.br/imprensa/noticias/anvisa_aprova_primeiro_remedio_via_oral_para_tratar_hepatite_c,301
www.crf-al.org.br/centenaria_aspirina_tambem_podera_ser_usada_contra_cancer/,https://institucional.crf-al.org.br/imprensa/noticias/centenaria_aspirina_tambem_podera_ser_usada_contra_cancer,301
www.crf-al.org.br/acupuntura_cresce_em_rede_publica_e_planos/,https://institucional.crf-al.org.br/imprensa/noticias/acupuntura_cresce_em_rede_publica_e_planos,301
www.crf-al.org.br/mercado_aberto_cresce_volume_de_remedios_incluidos_no_sus/,https://institucional.crf-al.org.br/imprensa/noticias/mercado_aberto_cresce_volume_de_remedios_incluidos_no_sus,301
www.crf-al.org.br/brasileiros_descobrem_composto_que_reduz_em_ate_80_a_dor_inflamatoria/,https://institucional.crf-al.org.br/imprensa/noticias/brasileiros_descobrem_composto_que_reduz_em_ate_80_a_dor_inflamatoria,301
www.crf-al.org.br/saude_libera_recursos_para_prevencao_e_controle_da_dengue_e_da_chikungunya/,https://institucional.crf-al.org.br/imprensa/noticias/saude_libera_recursos_para_prevencao_e_controle_da_dengue_e_da_chikungunya,301
www.crf-al.org.br/em_35_anos_superbacterias_poderao_estar_matando_mais_que_cancer/,https://institucional.crf-al.org.br/imprensa/noticias/em_35_anos_superbacterias_poderao_estar_matando_mais_que_cancer,301
www.crf-al.org.br/ebola_ja_matou_6_388_pessoas_de_17_942_infectados_diz_balanco_da_oms/,https://institucional.crf-al.org.br/imprensa/noticias/ebola_ja_matou_6_388_pessoas_de_17_942_infectados_diz_balanco_da_oms,301
www.crf-al.org.br/pacientes_tratam_ansiedade_usando_remedio_de_hipertensao_veja_riscos/,https://institucional.crf-al.org.br/imprensa/noticias/pacientes_tratam_ansiedade_usando_remedio_de_hipertensao_veja_riscos,301
www.crf-al.org.br/maus_habitos_colocam_o_pais_entre_os_lideres_em_obesidade/,https://institucional.crf-al.org.br/imprensa/noticias/maus_habitos_colocam_o_pais_entre_os_lideres_em_obesidade,301
www.crf-al.org.br/aborto_oferece_pouco_risco_a_mulher_se_feito_corretamente_diz_estudo/,https://institucional.crf-al.org.br/imprensa/noticias/aborto_oferece_pouco_risco_a_mulher_se_feito_corretamente_diz_estudo,301
www.crf-al.org.br/os_riscos_de_comprar_viagra_pela_internet/,https://institucional.crf-al.org.br/imprensa/noticias/os_riscos_de_comprar_viagra_pela_internet,301
www.crf-al.org.br/aviso_de_recesso/,https://institucional.crf-al.org.br/imprensa/noticias/aviso_de_recesso,301
www.crf-al.org.br/homens_fumantes_tendem_a_perder_mais_cromossomos_y/,https://institucional.crf-al.org.br/imprensa/noticias/homens_fumantes_tendem_a_perder_mais_cromossomos_y,301
www.crf-al.org.br/osteoporose_remedios_inviabilizam_cirurgias_de_implantes/,https://institucional.crf-al.org.br/imprensa/noticias/osteoporose_remedios_inviabilizam_cirurgias_de_implantes,301
www.crf-al.org.br/cientistas_desenvolvem_droga_que_pode_consertar_danos_a_medula/,https://institucional.crf-al.org.br/imprensa/noticias/cientistas_desenvolvem_droga_que_pode_consertar_danos_a_medula,301
www.crf-al.org.br/oms_altera_recomendacao_de_vacina_contra_hpv_para_duas_doses/,https://institucional.crf-al.org.br/imprensa/noticias/oms_altera_recomendacao_de_vacina_contra_hpv_para_duas_doses,301
www.crf-al.org.br/saude_assina_portaria_sobre_locais_fechados_de_excecao_a_lei_antifumo/,https://institucional.crf-al.org.br/imprensa/noticias/saude_assina_portaria_sobre_locais_fechados_de_excecao_a_lei_antifumo,301
www.crf-al.org.br/ufa_conseguimos_colegas_a_mp_653_14_caducou/,https://institucional.crf-al.org.br/imprensa/noticias/ufa_conseguimos_colegas_a_mp_653_14_caducou,301
www.crf-al.org.br/brasil_tem_1_364_casos_de_chikungunya_diz_ministerio_da_saude/,https://institucional.crf-al.org.br/imprensa/noticias/brasil_tem_1_364_casos_de_chikungunya_diz_ministerio_da_saude,301
www.crf-al.org.br/estudo_mostra_que_medicamentos_contra_o_hiv_debilitaram_a_aids/,https://institucional.crf-al.org.br/imprensa/noticias/estudo_mostra_que_medicamentos_contra_o_hiv_debilitaram_a_aids,301
www.crf-al.org.br/nove_antibioticos_passam_a_ter_retencao_de_receita/,https://institucional.crf-al.org.br/imprensa/noticias/nove_antibioticos_passam_a_ter_retencao_de_receita,301
www.crf-al.org.br/hiv_esta_se_tornando_menos_mortal_e_infeccioso_diz_estudo/,https://institucional.crf-al.org.br/imprensa/noticias/hiv_esta_se_tornando_menos_mortal_e_infeccioso_diz_estudo,301
www.crf-al.org.br/df_registra_mais_dois_casos_de_febre_chikungunya/,https://institucional.crf-al.org.br/imprensa/noticias/df_registra_mais_dois_casos_de_febre_chikungunya,301
www.crf-al.org.br/aids_migrou_para_populacoes_mais_pobres_e_vulneraveis_dizem_especialistas/,https://institucional.crf-al.org.br/imprensa/noticias/aids_migrou_para_populacoes_mais_pobres_e_vulneraveis_dizem_especialistas,301
www.crf-al.org.br/alagoano_nasce_com_a_segunda_pior_expectativa_de_vida_do_pais_diz_ibge/,https://institucional.crf-al.org.br/imprensa/noticias/alagoano_nasce_com_a_segunda_pior_expectativa_de_vida_do_pais_diz_ibge,301
www.crf-al.org.br/revisao_de_farmacologia_para_o_concurso_da_uncisal/,https://institucional.crf-al.org.br/imprensa/noticias/revisao_de_farmacologia_para_o_concurso_da_uncisal,301
www.crf-al.org.br/ebola_causa_5_689_mortes_e_contamina_15_935_diz_balanco_da_oms/,https://institucional.crf-al.org.br/imprensa/noticias/ebola_causa_5_689_mortes_e_contamina_15_935_diz_balanco_da_oms,301
www.crf-al.org.br/pesquisa_encontra_substancias_cancerigenas_em_cigarros_eletronicos/,https://institucional.crf-al.org.br/imprensa/noticias/pesquisa_encontra_substancias_cancerigenas_em_cigarros_eletronicos,301
www.crf-al.org.br/brasil_da_salto_em_sobrevivencia_a_cancer_de_mama_e_prostata_diz_estudo/,https://institucional.crf-al.org.br/imprensa/noticias/brasil_da_salto_em_sobrevivencia_a_cancer_de_mama_e_prostata_diz_estudo,301
www.crf-al.org.br/maioria_dos_soropositivos_nao_toma_antirretrovirais_nos_eua_diz_estudo/,https://institucional.crf-al.org.br/imprensa/noticias/maioria_dos_soropositivos_nao_toma_antirretrovirais_nos_eua_diz_estudo,301
www.crf-al.org.br/anvisa_concede_registro_a_medicamento_brasileiro_inovador_contra_tuberculose/,https://institucional.crf-al.org.br/imprensa/noticias/anvisa_concede_registro_a_medicamento_brasileiro_inovador_contra_tuberculose,301
www.crf-al.org.br/sus_passa_a_fazer_exame_para_detectar_cancer_de_prostata/,https://institucional.crf-al.org.br/imprensa/noticias/sus_passa_a_fazer_exame_para_detectar_cancer_de_prostata,301
www.crf-al.org.br/proximo_verao_sera_o_1o_com_dengue_e_chikungunya_circulando_no_pais/,https://institucional.crf-al.org.br/imprensa/noticias/proximo_verao_sera_o_1o_com_dengue_e_chikungunya_circulando_no_pais,301
www.crf-al.org.br/glicidos_sao_mais_nocivos_ao_coracao_que_gorduras_animais_diz_estudo/,https://institucional.crf-al.org.br/imprensa/noticias/glicidos_sao_mais_nocivos_ao_coracao_que_gorduras_animais_diz_estudo,301
www.crf-al.org.br/cinco_problemas_que_atrapalham_o_sono/,https://institucional.crf-al.org.br/imprensa/noticias/cinco_problemas_que_atrapalham_o_sono,301
www.crf-al.org.br/mobilizacao_nacional/,https://institucional.crf-al.org.br/imprensa/noticias/mobilizacao_nacional,301
www.crf-al.org.br/obrigatorio_a_partir_de_2015_teste_da_linguinha_ja_e_feito_em_bebes_de_brotas/,https://institucional.crf-al.org.br/imprensa/noticias/obrigatorio_a_partir_de_2015_teste_da_linguinha_ja_e_feito_em_bebes_de_brotas,301
www.crf-al.org.br/governo_inclui_vacina_contra_coqueluche_difteria_e_tetano_para_gravidas/,https://institucional.crf-al.org.br/imprensa/noticias/governo_inclui_vacina_contra_coqueluche_difteria_e_tetano_para_gravidas,301
www.crf-al.org.br/o_remedio_brasileiro_contra_a_aids/,https://institucional.crf-al.org.br/imprensa/noticias/o_remedio_brasileiro_contra_a_aids,301
www.crf-al.org.br/fiocruz_pesquisa_teste_rapido_para_detectar_casos_de_chikungunya/,https://institucional.crf-al.org.br/imprensa/noticias/fiocruz_pesquisa_teste_rapido_para_detectar_casos_de_chikungunya,301
www.crf-al.org.br/semen_prejudica_eficacia_de_gel_microbicida_anti_hiv_sugere_estudo/,https://institucional.crf-al.org.br/imprensa/noticias/semen_prejudica_eficacia_de_gel_microbicida_anti_hiv_sugere_estudo,301
www.crf-al.org.br/buscas_na_internet_preveem_epidemias/,https://institucional.crf-al.org.br/imprensa/noticias/buscas_na_internet_preveem_epidemias,301
www.crf-al.org.br/nota_a_categoria_farmaceutica/,https://institucional.crf-al.org.br/imprensa/noticias/nota_a_categoria_farmaceutica,301
www.crf-al.org.br/infeccao_por_hpv_pode_ser_mais_frequente_em_fumantes_diz_pesquisa/,https://institucional.crf-al.org.br/imprensa/noticias/infeccao_por_hpv_pode_ser_mais_frequente_em_fumantes_diz_pesquisa,301
www.crf-al.org.br/mortes_por_ebola_chegam_a_5_160_segundo_oms/,https://institucional.crf-al.org.br/imprensa/noticias/mortes_por_ebola_chegam_a_5_160_segundo_oms,301
www.crf-al.org.br/virus_encontrado_em_algas_altera_capacidade_mental_de_humanos/,https://institucional.crf-al.org.br/imprensa/noticias/virus_encontrado_em_algas_altera_capacidade_mental_de_humanos,301
www.crf-al.org.br/cientistas_dizem_ter_identificado_parte_do_cerebro_que_faz_ver_fantasmas/,https://institucional.crf-al.org.br/imprensa/noticias/cientistas_dizem_ter_identificado_parte_do_cerebro_que_faz_ver_fantasmas,301
www.crf-al.org.br/aedes_aegypti_representa_risco_em_125_municipios_do_pais_diz_governo/,https://institucional.crf-al.org.br/imprensa/noticias/aedes_aegypti_representa_risco_em_125_municipios_do_pais_diz_governo,301
www.crf-al.org.br/daltonico_ouve_cores_com_antena_implantada_na_cabeca/,https://institucional.crf-al.org.br/imprensa/noticias/daltonico_ouve_cores_com_antena_implantada_na_cabeca,301
www.crf-al.org.br/fumo_passivo_pode_causar_aumento_de_peso_diz_pesquisa/,https://institucional.crf-al.org.br/imprensa/noticias/fumo_passivo_pode_causar_aumento_de_peso_diz_pesquisa,301
www.crf-al.org.br/para_estudo_proteina_de_beterraba_pode_substituir_sangue_humano/,https://institucional.crf-al.org.br/imprensa/noticias/para_estudo_proteina_de_beterraba_pode_substituir_sangue_humano,301
www.crf-al.org.br/cientistas_encontram_possivel_resposta_para_reparar_coracoes_danificado/,https://institucional.crf-al.org.br/imprensa/noticias/cientistas_encontram_possivel_resposta_para_reparar_coracoes_danificado,301
www.crf-al.org.br/para_especialista_da_oms_ebola_pode_ter_matado_milhares_alem_do_oficial/,https://institucional.crf-al.org.br/imprensa/noticias/para_especialista_da_oms_ebola_pode_ter_matado_milhares_alem_do_oficial,301
www.crf-al.org.br/equipe_japonesa_acredita_que_diabetes_pode_ser_tratado_com_farmaco_gastrico/,https://institucional.crf-al.org.br/imprensa/noticias/equipe_japonesa_acredita_que_diabetes_pode_ser_tratado_com_farmaco_gastrico,301
www.crf-al.org.br/casos_de_cancer_deem_mais_jovens_podem_dobrar_diz_estudo/,https://institucional.crf-al.org.br/imprensa/noticias/casos_de_cancer_deem_mais_jovens_podem_dobrar_diz_estudo,301
www.crf-al.org.br/6o_simposio_de_farmacia_e_analises/,https://institucional.crf-al.org.br/imprensa/noticias/6o_simposio_de_farmacia_e_analises,301
www.crf-al.org.br/farmaceuticos_criticam_mp_que_flexibiliza_presenca_em_farmacias/,https://institucional.crf-al.org.br/imprensa/noticias/farmaceuticos_criticam_mp_que_flexibiliza_presenca_em_farmacias,301
www.crf-al.org.br/reacao_do_corpo_abre_perspectiva_para_a_cura_da_aids_revela_estudo/,https://institucional.crf-al.org.br/imprensa/noticias/reacao_do_corpo_abre_perspectiva_para_a_cura_da_aids_revela_estudo,301
www.crf-al.org.br/pesquisadores_dos_eua_cobram_acesso_a_amostras_do_virus_ebola/,https://institucional.crf-al.org.br/imprensa/noticias/pesquisadores_dos_eua_cobram_acesso_a_amostras_do_virus_ebola,301
www.crf-al.org.br/nova_tecnologia_nao_invasiva_para_exame_do_figado_ja_esta_em_testes/,https://institucional.crf-al.org.br/imprensa/noticias/nova_tecnologia_nao_invasiva_para_exame_do_figado_ja_esta_em_testes,301
www.crf-al.org.br/reducao_de_estomago_reduz_chances_de_diabetes_tipo_2_diz_estudo/,https://institucional.crf-al.org.br/imprensa/noticias/reducao_de_estomago_reduz_chances_de_diabetes_tipo_2_diz_estudo,301
www.crf-al.org.br/aedes_aegypti_representa_risco_em_117_municipios_do_pais_diz_ministerio/,https://institucional.crf-al.org.br/imprensa/noticias/aedes_aegypti_representa_risco_em_117_municipios_do_pais_diz_ministerio,301
www.crf-al.org.br/direito_a_morte_digna_volta_ao_centro_do_debate_nos_estados_unidos/,https://institucional.crf-al.org.br/imprensa/noticias/direito_a_morte_digna_volta_ao_centro_do_debate_nos_estados_unidos,301
www.crf-al.org.br/ebola_ja_infectou_13_567_pessoas_e_matou_4_951_segundo_oms/,https://institucional.crf-al.org.br/imprensa/noticias/ebola_ja_infectou_13_567_pessoas_e_matou_4_951_segundo_oms,301
www.crf-al.org.br/equipe_de_cientista_brasileiro_testa_tecnica_contra_parkinson_em_macacos/,https://institucional.crf-al.org.br/imprensa/noticias/equipe_de_cientista_brasileiro_testa_tecnica_contra_parkinson_em_macacos,301
www.crf-al.org.br/diferencas_geneticas_individuais_podem_afetar_sobrevivencia_ao_ebola/,https://institucional.crf-al.org.br/imprensa/noticias/diferencas_geneticas_individuais_podem_afetar_sobrevivencia_ao_ebola,301
www.crf-al.org.br/saude_quer_vacinar_12_7_milhoes_de_criancas_contra_paralisia_neste_ano/,https://institucional.crf-al.org.br/imprensa/noticias/saude_quer_vacinar_12_7_milhoes_de_criancas_contra_paralisia_neste_ano,301
www.crf-al.org.br/pesquisadores_de_sp_desenvolvem_viagra_verde_com_pimenta_asiatica/,https://institucional.crf-al.org.br/imprensa/noticias/pesquisadores_de_sp_desenvolvem_viagra_verde_com_pimenta_asiatica,301
www.crf-al.org.br/brasil_tem_828_casos_de_chikungunya_segundo_ministerio_da_saude/,https://institucional.crf-al.org.br/imprensa/noticias/brasil_tem_828_casos_de_chikungunya_segundo_ministerio_da_saude,301
www.crf-al.org.br/anticancerigeno_extraido_de_saliva_de_carrapato_sera_testado_em_humanos/,https://institucional.crf-al.org.br/imprensa/noticias/anticancerigeno_extraido_de_saliva_de_carrapato_sera_testado_em_humanos,301
www.crf-al.org.br/eua_aprovam_primeira_vacina_contra_perigoso_tipo_de_meningite/,https://institucional.crf-al.org.br/imprensa/noticias/eua_aprovam_primeira_vacina_contra_perigoso_tipo_de_meningite,301
www.crf-al.org.br/cff_quer_conhecer_melhor_o_farmaceutico_que_atua_no_brasil/,https://institucional.crf-al.org.br/imprensa/noticias/cff_quer_conhecer_melhor_o_farmaceutico_que_atua_no_brasil,301
www.crf-al.org.br/cientistas_descobrem_genes_associados_a_violencia/,https://institucional.crf-al.org.br/imprensa/noticias/cientistas_descobrem_genes_associados_a_violencia,301
www.crf-al.org.br/google_trabalha_no_desenvolvimento_de_nanoparticulas_para_deteccao_de_doencas/,https://institucional.crf-al.org.br/imprensa/noticias/google_trabalha_no_desenvolvimento_de_nanoparticulas_para_deteccao_de_doencas,301
www.crf-al.org.br/estudo_usa_vermes_para_controlar_doenca_celiaca/,https://institucional.crf-al.org.br/imprensa/noticias/estudo_usa_vermes_para_controlar_doenca_celiaca,301
www.crf-al.org.br/laboratorios_clinicos_denunciam_planos_de_saude_na_ans/,https://institucional.crf-al.org.br/imprensa/noticias/laboratorios_clinicos_denunciam_planos_de_saude_na_ans,301
www.crf-al.org.br/fiocruz_avanca_na_tecnologia_para_vacina/,https://institucional.crf-al.org.br/imprensa/noticias/fiocruz_avanca_na_tecnologia_para_vacina,301
www.crf-al.org.br/biossensor_que_detecta_cancer_de_mama_sera_apresentado_no_exterior/,https://institucional.crf-al.org.br/imprensa/noticias/biossensor_que_detecta_cancer_de_mama_sera_apresentado_no_exterior,301
www.crf-al.org.br/suica_inicia_testes_para_uma_vacina_contra_o_ebola/,https://institucional.crf-al.org.br/imprensa/noticias/suica_inicia_testes_para_uma_vacina_contra_o_ebola,301
www.crf-al.org.br/robo_inteligente_auxilia_no_tratamento_do_autismo_e_no_cuidado_de_idosos/,https://institucional.crf-al.org.br/imprensa/noticias/robo_inteligente_auxilia_no_tratamento_do_autismo_e_no_cuidado_de_idosos,301
www.crf-al.org.br/oms_diz_que_ebola_continua_sendo_uma_emergencia_sanitaria_mundial/,https://institucional.crf-al.org.br/imprensa/noticias/oms_diz_que_ebola_continua_sendo_uma_emergencia_sanitaria_mundial,301
www.crf-al.org.br/johnson_trabalha_em_1_mi_de_doses_de_vacinas_contra_ebola_para_2015/,https://institucional.crf-al.org.br/imprensa/noticias/johnson_trabalha_em_1_mi_de_doses_de_vacinas_contra_ebola_para_2015,301
www.crf-al.org.br/resistencia_de_tuberculose_a_drogas_chega_a_nivel_de_alerta_diz_oms/,https://institucional.crf-al.org.br/imprensa/noticias/resistencia_de_tuberculose_a_drogas_chega_a_nivel_de_alerta_diz_oms,301
www.crf-al.org.br/estudo_aponta_eficacia_do_canabidiol_em_pacientes_com_mal_de_parkinson/,https://institucional.crf-al.org.br/imprensa/noticias/estudo_aponta_eficacia_do_canabidiol_em_pacientes_com_mal_de_parkinson,301
www.crf-al.org.br/milhares_devem_ser_vacinados_contra_ebola_a_partir_de_janeiro_diz_oms/,https://institucional.crf-al.org.br/imprensa/noticias/milhares_devem_ser_vacinados_contra_ebola_a_partir_de_janeiro_diz_oms,301
www.crf-al.org.br/genoma_da_mosca_da_pistas_para_cura_de_doencas/,https://institucional.crf-al.org.br/imprensa/noticias/genoma_da_mosca_da_pistas_para_cura_de_doencas,301
www.crf-al.org.br/casos_de_ebola_podem_chegar_a_10_mil_por_semana_no_fim_do_ano_diz_oms/,https://institucional.crf-al.org.br/imprensa/noticias/casos_de_ebola_podem_chegar_a_10_mil_por_semana_no_fim_do_ano_diz_oms,301
www.crf-al.org.br/eua_confirmam_segundo_caso_de_ebola_transmitido_no_pais/,https://institucional.crf-al.org.br/imprensa/noticias/eua_confirmam_segundo_caso_de_ebola_transmitido_no_pais,301
www.crf-al.org.br/cientistas_recriam_alzheimer_em_laboratorio_para_testar_drogas/,https://institucional.crf-al.org.br/imprensa/noticias/cientistas_recriam_alzheimer_em_laboratorio_para_testar_drogas,301
www.crf-al.org.br/bolhas_contra_o_infarto/,https://institucional.crf-al.org.br/imprensa/noticias/bolhas_contra_o_infarto,301
www.crf-al.org.br/tecnica_brasileira_de_cirurgia_para_parkinson_ganha_premio_na_europa/,https://institucional.crf-al.org.br/imprensa/noticias/tecnica_brasileira_de_cirurgia_para_parkinson_ganha_premio_na_europa,301
www.crf-al.org.br/imagens_high_tech_do_hiv_revelam_brechas_do_virus_aos_cientistas/,https://institucional.crf-al.org.br/imprensa/noticias/imagens_high_tech_do_hiv_revelam_brechas_do_virus_aos_cientistas,301
www.crf-al.org.br/exame_de_fundo_de_olho_consegue_detectar_diversos_tipos_de_doencas/,https://institucional.crf-al.org.br/imprensa/noticias/exame_de_fundo_de_olho_consegue_detectar_diversos_tipos_de_doencas,301
www.crf-al.org.br/cientistas_usam_fungo_para_criar_inseticida_contra_o_aedes_aegypti/,https://institucional.crf-al.org.br/imprensa/noticias/cientistas_usam_fungo_para_criar_inseticida_contra_o_aedes_aegypti,301
www.crf-al.org.br/fapesp_divulga_fraudes_cientificas_e_punicoes_a_pesquisadores/,https://institucional.crf-al.org.br/imprensa/noticias/fapesp_divulga_fraudes_cientificas_e_punicoes_a_pesquisadores,301
www.crf-al.org.br/ebola_continua_se_propagando_e_numero_de_mortos_chega_a_3_879/,https://institucional.crf-al.org.br/imprensa/noticias/ebola_continua_se_propagando_e_numero_de_mortos_chega_a_3_879,301
www.crf-al.org.br/gps_do_cerebro_leva_nobel_de_medicina/,https://institucional.crf-al.org.br/imprensa/noticias/gps_do_cerebro_leva_nobel_de_medicina,301
www.crf-al.org.br/estudo_indica_aumento_de_consumo_de_alcool_em_dias_em_que_se_faz_exercicios/,https://institucional.crf-al.org.br/imprensa/noticias/estudo_indica_aumento_de_consumo_de_alcool_em_dias_em_que_se_faz_exercicios,301
www.crf-al.org.br/surgimento_de_outros_casos_de_ebola_na_europa_e_inevitavel_diz_oms/,https://institucional.crf-al.org.br/imprensa/noticias/surgimento_de_outros_casos_de_ebola_na_europa_e_inevitavel_diz_oms,301
www.crf-al.org.br/uniao_africana_pede_mais_equipes_de_saude_para_romper_ciclo_do_ebola/,https://institucional.crf-al.org.br/imprensa/noticias/uniao_africana_pede_mais_equipes_de_saude_para_romper_ciclo_do_ebola,301
www.crf-al.org.br/professora_sofre_trombose_apos_uso_de_anticoncepcional_e_mostra_mais_casos/,https://institucional.crf-al.org.br/imprensa/noticias/professora_sofre_trombose_apos_uso_de_anticoncepcional_e_mostra_mais_casos,301
www.crf-al.org.br/nota_de_agradecimento/,https://institucional.crf-al.org.br/imprensa/noticias/nota_de_agradecimento,301
www.crf-al.org.br/cientistas_tailandeses_descobrem_possivel_anticorpo_para_combater_o_ebola/,https://institucional.crf-al.org.br/imprensa/noticias/cientistas_tailandeses_descobrem_possivel_anticorpo_para_combater_o_ebola,301
www.crf-al.org.br/novo_anticorpo_reduz_colesterol_em_pessoas_com_doenca_genetica/,https://institucional.crf-al.org.br/imprensa/noticias/novo_anticorpo_reduz_colesterol_em_pessoas_com_doenca_genetica,301
www.crf-al.org.br/laboratorios_gsk_e_newlink_aceleram_producao_de_vacina_para_ebola/,https://institucional.crf-al.org.br/imprensa/noticias/laboratorios_gsk_e_newlink_aceleram_producao_de_vacina_para_ebola,301
www.crf-al.org.br/numero_de_infectados_pelo_virus_chikungunya_no_brasil_sobe_para_41/,https://institucional.crf-al.org.br/imprensa/noticias/numero_de_infectados_pelo_virus_chikungunya_no_brasil_sobe_para_41,301
www.crf-al.org.br/sofrimento_na_gravidez_altera_a_genetica_do_bebe_diz_estudo/,https://institucional.crf-al.org.br/imprensa/noticias/sofrimento_na_gravidez_altera_a_genetica_do_bebe_diz_estudo,301
www.crf-al.org.br/medicos_colombianos_acham_vinculo_entre_terapia_hormonal_e_lupus/,https://institucional.crf-al.org.br/imprensa/noticias/medicos_colombianos_acham_vinculo_entre_terapia_hormonal_e_lupus,301
www.crf-al.org.br/medicos_explicam_como_funcionam_os_transplantes_entre_pessoas_vivas/,https://institucional.crf-al.org.br/imprensa/noticias/medicos_explicam_como_funcionam_os_transplantes_entre_pessoas_vivas,301
www.crf-al.org.br/tomar_antibiotico_antes_dos_2_anos_de_idade_aumenta_risco_de_obesidade/,https://institucional.crf-al.org.br/imprensa/noticias/tomar_antibiotico_antes_dos_2_anos_de_idade_aumenta_risco_de_obesidade,301
www.crf-al.org.br/pacientes_com_alzheimer_podem_sentir_emocoes_mesmo_com_doenca/,https://institucional.crf-al.org.br/imprensa/noticias/pacientes_com_alzheimer_podem_sentir_emocoes_mesmo_com_doenca,301
www.crf-al.org.br/na_puberdade_meninos_precisam_ir_ao_medico_para_duvidas_e_orientacao/,https://institucional.crf-al.org.br/imprensa/noticias/na_puberdade_meninos_precisam_ir_ao_medico_para_duvidas_e_orientacao,301
www.crf-al.org.br/cientistas_criam_dispositivo_que_funciona_como_capa_da_invisibilidade/,https://institucional.crf-al.org.br/imprensa/noticias/cientistas_criam_dispositivo_que_funciona_como_capa_da_invisibilidade,301
www.crf-al.org.br/pessoas_com_maior_risco_cardiaco_subestimam_chance_de_problema/,https://institucional.crf-al.org.br/imprensa/noticias/pessoas_com_maior_risco_cardiaco_subestimam_chance_de_problema,301
www.crf-al.org.br/acordar_varias_vezes_durante_a_noite_para_fazer_xixi_e_sinal_de_alerta/,https://institucional.crf-al.org.br/imprensa/noticias/acordar_varias_vezes_durante_a_noite_para_fazer_xixi_e_sinal_de_alerta,301
www.crf-al.org.br/cientistas_enfrentam_dilema_etico_na_busca_por_vacinas_contra_o_ebola/,https://institucional.crf-al.org.br/imprensa/noticias/cientistas_enfrentam_dilema_etico_na_busca_por_vacinas_contra_o_ebola,301
www.crf-al.org.br/numero_de_doadores_de_orgaos_cresce_90_em_seis_anos_diz_saude/,https://institucional.crf-al.org.br/imprensa/noticias/numero_de_doadores_de_orgaos_cresce_90_em_seis_anos_diz_saude,301
www.crf-al.org.br/novo_balanco_da_oms_diz_que_mortos_por_ebola_se_aproximam_de_3_mil/,https://institucional.crf-al.org.br/imprensa/noticias/novo_balanco_da_oms_diz_que_mortos_por_ebola_se_aproximam_de_3_mil,301
www.crf-al.org.br/rins_termometro_do_corpo/,https://institucional.crf-al.org.br/imprensa/noticias/rins_termometro_do_corpo,301
www.crf-al.org.br/h1n1_deixa_em_alerta_o_estado_do_rio/,https://institucional.crf-al.org.br/imprensa/noticias/h1n1_deixa_em_alerta_o_estado_do_rio,301
www.crf-al.org.br/conselhos_de_farmacia_realizam_semana_do_farmaceutico/,https://institucional.crf-al.org.br/imprensa/noticias/conselhos_de_farmacia_realizam_semana_do_farmaceutico,301
www.crf-al.org.br/bebe_e_a_primeira_vitima_do_virus_do_chicungunha_na_colombia/,https://institucional.crf-al.org.br/imprensa/noticias/bebe_e_a_primeira_vitima_do_virus_do_chicungunha_na_colombia,301
www.crf-al.org.br/equipe_dos_eua_anuncia_nome_do_remedio_experimental_usado_para_tratar_ebola/,https://institucional.crf-al.org.br/imprensa/noticias/equipe_dos_eua_anuncia_nome_do_remedio_experimental_usado_para_tratar_ebola,301
www.crf-al.org.br/novo_medicamento_contra_melanoma_desperta_esperancas_em_especialistas/,https://institucional.crf-al.org.br/imprensa/noticias/novo_medicamento_contra_melanoma_desperta_esperancas_em_especialistas,301
www.crf-al.org.br/estudo_sugere_que_uso_de_adocante_pode_predispor_a_diabetes/,https://institucional.crf-al.org.br/imprensa/noticias/estudo_sugere_que_uso_de_adocante_pode_predispor_a_diabetes,301
www.crf-al.org.br/vacina_de_hepatite_a_passa_a_ser_oferecida_em_todo_o_pais_este_mes/,https://institucional.crf-al.org.br/imprensa/noticias/vacina_de_hepatite_a_passa_a_ser_oferecida_em_todo_o_pais_este_mes,301
www.crf-al.org.br/estudo_mostra_que_exame_de_urina_pode_detectar_cancer_cervical/,https://institucional.crf-al.org.br/imprensa/noticias/estudo_mostra_que_exame_de_urina_pode_detectar_cancer_cervical,301
www.crf-al.org.br/banco_mundial_teme_impacto_economico_catastrofico_do_ebola/,https://institucional.crf-al.org.br/imprensa/noticias/banco_mundial_teme_impacto_economico_catastrofico_do_ebola,301
www.crf-al.org.br/sus_vai_oferecer_medicamento_para_sintomas_do_autismo_a_partir_de_2015/,https://institucional.crf-al.org.br/imprensa/noticias/sus_vai_oferecer_medicamento_para_sintomas_do_autismo_a_partir_de_2015,301
www.crf-al.org.br/hipertensao_colesterol_alto_cigarro_e_diabetes_aumentam_risco_cardiaco/,https://institucional.crf-al.org.br/imprensa/noticias/hipertensao_colesterol_alto_cigarro_e_diabetes_aumentam_risco_cardiaco,301
www.crf-al.org.br/sangue_tipo_ab_pode_afetar_memoria_na_velhice_diz_estudo/,https://institucional.crf-al.org.br/imprensa/noticias/sangue_tipo_ab_pode_afetar_memoria_na_velhice_diz_estudo,301
www.crf-al.org.br/ebola_ja_deixou_mais_de_2_400_mortos_na_africa_ocidental_segundo_oms/,https://institucional.crf-al.org.br/imprensa/noticias/ebola_ja_deixou_mais_de_2_400_mortos_na_africa_ocidental_segundo_oms,301
www.crf-al.org.br/anvisa_recua_e_remedio_equivalente_nao_sera_mais_barato/,https://institucional.crf-al.org.br/imprensa/noticias/anvisa_recua_e_remedio_equivalente_nao_sera_mais_barato,301
www.crf-al.org.br/estudo_relaciona_uso_de_maconha_ao_fracasso_de_adolescentes_na_escola/,https://institucional.crf-al.org.br/imprensa/noticias/estudo_relaciona_uso_de_maconha_ao_fracasso_de_adolescentes_na_escola,301
www.crf-al.org.br/pais_precisam_prestar_atencao_aos_sinais_de_perda_auditiva_nas_criancas/,https://institucional.crf-al.org.br/imprensa/noticias/pais_precisam_prestar_atencao_aos_sinais_de_perda_auditiva_nas_criancas,301
www.crf-al.org.br/pre_diabetes_aumenta_risco_de_ter_diferentes_tipos_de_cancer_diz_estudo/,https://institucional.crf-al.org.br/imprensa/noticias/pre_diabetes_aumenta_risco_de_ter_diferentes_tipos_de_cancer_diz_estudo,301
www.crf-al.org.br/saiba_como_a_vacina_contra_o_hpv_age_e_as_reacoes_que_pode_provocar/,https://institucional.crf-al.org.br/imprensa/noticias/saiba_como_a_vacina_contra_o_hpv_age_e_as_reacoes_que_pode_provocar,301
www.crf-al.org.br/estudo_sugere_relacao_entre_soniferos_e_risco_de_alzheimer/,https://institucional.crf-al.org.br/imprensa/noticias/estudo_sugere_relacao_entre_soniferos_e_risco_de_alzheimer,301
www.crf-al.org.br/pacientes_com_ebola_sem_forca_para_ficar_de_pe_sao_barrados_em_hospital/,https://institucional.crf-al.org.br/imprensa/noticias/pacientes_com_ebola_sem_forca_para_ficar_de_pe_sao_barrados_em_hospital,301
www.crf-al.org.br/ebola_vai_infectar_mais_milhares_de_pessoas_na_liberia_diz_oms/,https://institucional.crf-al.org.br/imprensa/noticias/ebola_vai_infectar_mais_milhares_de_pessoas_na_liberia_diz_oms,301
www.crf-al.org.br/medicos_lancam_site_sobre_sintomas_tratamentos_e_prevencao_do_cancer/,https://institucional.crf-al.org.br/imprensa/noticias/medicos_lancam_site_sobre_sintomas_tratamentos_e_prevencao_do_cancer,301
www.crf-al.org.br/bullying_de_irmao_na_infancia_aumenta_risco_de_depressao_em_adultos/,https://institucional.crf-al.org.br/imprensa/noticias/bullying_de_irmao_na_infancia_aumenta_risco_de_depressao_em_adultos,301
www.crf-al.org.br/grupo_frances_confirma_segundo_implante_de_coracao_artificial/,https://institucional.crf-al.org.br/imprensa/noticias/grupo_frances_confirma_segundo_implante_de_coracao_artificial,301
www.crf-al.org.br/viagra_para_o_cerebro/,https://institucional.crf-al.org.br/imprensa/noticias/viagra_para_o_cerebro,301
www.crf-al.org.br/cannabis_pode_ajudar_a_combater_os_efeitos_do_estresse_pos_traumatico/,https://institucional.crf-al.org.br/imprensa/noticias/cannabis_pode_ajudar_a_combater_os_efeitos_do_estresse_pos_traumatico,301
www.crf-al.org.br/agencia_dos_eua_aprova_terapia_experimental_contra_cancer_de_pele/,https://institucional.crf-al.org.br/imprensa/noticias/agencia_dos_eua_aprova_terapia_experimental_contra_cancer_de_pele,301
www.crf-al.org.br/estudo_contraria_oms_e_banca_uso_de_cigarros_eletronicos/,https://institucional.crf-al.org.br/imprensa/noticias/estudo_contraria_oms_e_banca_uso_de_cigarros_eletronicos,301
www.crf-al.org.br/oms_escolhe_dez_tratamentos_experimentais_para_tratar_o_ebola/,https://institucional.crf-al.org.br/imprensa/noticias/oms_escolhe_dez_tratamentos_experimentais_para_tratar_o_ebola,301
www.crf-al.org.br/cientistas_buscam_solucao_para_crise_do_ebola_em_encontro_na_suica/,https://institucional.crf-al.org.br/imprensa/noticias/cientistas_buscam_solucao_para_crise_do_ebola_em_encontro_na_suica,301
www.crf-al.org.br/johnson_johnson_iniciara_testes_de_vacina_contra_ebola_no_inicio_de_2015/,https://institucional.crf-al.org.br/imprensa/noticias/johnson_johnson_iniciara_testes_de_vacina_contra_ebola_no_inicio_de_2015,301
www.crf-al.org.br/tirar_as_mamas_apos_diagnostico_de_cancer_nao_aumenta_taxa_de_sobrevivencia/,https://institucional.crf-al.org.br/imprensa/noticias/tirar_as_mamas_apos_diagnostico_de_cancer_nao_aumenta_taxa_de_sobrevivencia,301
www.crf-al.org.br/em_novo_teste_vacina_de_dengue_teve_eficacia_de_60_8_na_america_latina/,https://institucional.crf-al.org.br/imprensa/noticias/em_novo_teste_vacina_de_dengue_teve_eficacia_de_60_8_na_america_latina,301
www.crf-al.org.br/segunda_etapa_da_vacinacao_contra_o_hpv_comeca_na_segunda_diz_saude/,https://institucional.crf-al.org.br/imprensa/noticias/segunda_etapa_da_vacinacao_contra_o_hpv_comeca_na_segunda_diz_saude,301
www.crf-al.org.br/ministerio_da_saude_simula_controle_de_contaminacao_de_ebola_no_galeao/,https://institucional.crf-al.org.br/imprensa/noticias/ministerio_da_saude_simula_controle_de_contaminacao_de_ebola_no_galeao,301
www.crf-al.org.br/virus_teve_mais_de_300_mutacoes_geneticas/,https://institucional.crf-al.org.br/imprensa/noticias/virus_teve_mais_de_300_mutacoes_geneticas,301
www.crf-al.org.br/estudo_revela_dano_hepatico_em_roedor_exposto_a_radiacao_de_celular/,https://institucional.crf-al.org.br/imprensa/noticias/estudo_revela_dano_hepatico_em_roedor_exposto_a_radiacao_de_celular,301
www.crf-al.org.br/testes_de_vacina_contra_o_ebola_serao_acelerados/,https://institucional.crf-al.org.br/imprensa/noticias/testes_de_vacina_contra_o_ebola_serao_acelerados,301
www.crf-al.org.br/uso_estendido_de_pilulas_anticoncepcionais_reduz_risco_de_gravidez/,https://institucional.crf-al.org.br/imprensa/noticias/uso_estendido_de_pilulas_anticoncepcionais_reduz_risco_de_gravidez,301
www.crf-al.org.br/especialista_afirma_que_epidemia_de_ebola_deve_aumentar/,https://institucional.crf-al.org.br/imprensa/noticias/especialista_afirma_que_epidemia_de_ebola_deve_aumentar,301
www.crf-al.org.br/cigarro_eletronico_estimula_habito_de_fumar_entre_jovens/,https://institucional.crf-al.org.br/imprensa/noticias/cigarro_eletronico_estimula_habito_de_fumar_entre_jovens,301
www.crf-al.org.br/alteracao_em_gene_parece_ajudar_no_combate_ao_hiv/,https://institucional.crf-al.org.br/imprensa/noticias/alteracao_em_gene_parece_ajudar_no_combate_ao_hiv,301
www.crf-al.org.br/usp_fara_teste_em_voluntarios_para_estudar_efeitos_do_canabidiol_no_sono/,https://institucional.crf-al.org.br/imprensa/noticias/usp_fara_teste_em_voluntarios_para_estudar_efeitos_do_canabidiol_no_sono,301
www.crf-al.org.br/morre_medico_liberiano_com_ebola_tratado_com_soro_experimental_zmapp/,https://institucional.crf-al.org.br/imprensa/noticias/morre_medico_liberiano_com_ebola_tratado_com_soro_experimental_zmapp,301
www.crf-al.org.br/cerebro_de_criancas_autistas_possuem_sinapses_demais_sugere_estudo/,https://institucional.crf-al.org.br/imprensa/noticias/cerebro_de_criancas_autistas_possuem_sinapses_demais_sugere_estudo,301
www.crf-al.org.br/oms_vai_fazer_consulta_sobre_potencial_vacina_contra_o_ebola/,https://institucional.crf-al.org.br/imprensa/noticias/oms_vai_fazer_consulta_sobre_potencial_vacina_contra_o_ebola,301
www.crf-al.org.br/oms_elabora_estrategia_contra_o_ebola_para_os_proximos_6_a_9_meses/,https://institucional.crf-al.org.br/imprensa/noticias/oms_elabora_estrategia_contra_o_ebola_para_os_proximos_6_a_9_meses,301
www.crf-al.org.br/botox_pode_ser_usado_para_tratar_cancer_de_estomago_sugere_estudo/,https://institucional.crf-al.org.br/imprensa/noticias/botox_pode_ser_usado_para_tratar_cancer_de_estomago_sugere_estudo,301
www.crf-al.org.br/remedio_cura_macacos_infectados_com_virus_similar_ao_ebola/,https://institucional.crf-al.org.br/imprensa/noticias/remedio_cura_macacos_infectados_com_virus_similar_ao_ebola,301
www.crf-al.org.br/meningite_pode_ser_causada_por_bacterias_virus_fungos_e_parasitas/,https://institucional.crf-al.org.br/imprensa/noticias/meningite_pode_ser_causada_por_bacterias_virus_fungos_e_parasitas,301
www.crf-al.org.br/usp_descobre_tratamento_mais_eficaz_para_doenca_de_chagas/,https://institucional.crf-al.org.br/imprensa/noticias/usp_descobre_tratamento_mais_eficaz_para_doenca_de_chagas,301
www.crf-al.org.br/medicos_expoem_pacientes_em_redes_sociais/,https://institucional.crf-al.org.br/imprensa/noticias/medicos_expoem_pacientes_em_redes_sociais,301
www.crf-al.org.br/hospital_de_referencia_em_sp_se_prepara_para_possiveis_casos_de_ebola/,https://institucional.crf-al.org.br/imprensa/noticias/hospital_de_referencia_em_sp_se_prepara_para_possiveis_casos_de_ebola,301
www.crf-al.org.br/japao_desenvolve_exame_de_sangue_para_detectar_13_tipos_de_cancer/,https://institucional.crf-al.org.br/imprensa/noticias/japao_desenvolve_exame_de_sangue_para_detectar_13_tipos_de_cancer,301
www.crf-al.org.br/entenda_o_que_e_a_esclerose_lateral_amiotrofica/,https://institucional.crf-al.org.br/imprensa/noticias/entenda_o_que_e_a_esclerose_lateral_amiotrofica,301
www.crf-al.org.br/ministerio_estuda_meios_para_reduzir_fila_de_transplante_de_medula_ossea/,https://institucional.crf-al.org.br/imprensa/noticias/ministerio_estuda_meios_para_reduzir_fila_de_transplante_de_medula_ossea,301
www.crf-al.org.br/remedio_mais_eficaz_contra_a_trombose/,https://institucional.crf-al.org.br/imprensa/noticias/remedio_mais_eficaz_contra_a_trombose,301
www.crf-al.org.br/ministerio_da_saude_desmente_boato_sobre_caso_de_ebola_no_brasil/,https://institucional.crf-al.org.br/imprensa/noticias/ministerio_da_saude_desmente_boato_sobre_caso_de_ebola_no_brasil,301
www.crf-al.org.br/droga_recupera_cabelo_em_5_meses_em_pacientes_com_doenca_autoimune/,https://institucional.crf-al.org.br/imprensa/noticias/droga_recupera_cabelo_em_5_meses_em_pacientes_com_doenca_autoimune,301
www.crf-al.org.br/farmacia_de_acolhimento_e_o_novo_espaco_para_atender_demandas_judiciais/,https://institucional.crf-al.org.br/imprensa/noticias/farmacia_de_acolhimento_e_o_novo_espaco_para_atender_demandas_judiciais,301
www.crf-al.org.br/vacina_contra_chikungunya_mostra_se_eficaz_em_primeiro_teste_em_humanos/,https://institucional.crf-al.org.br/imprensa/noticias/vacina_contra_chikungunya_mostra_se_eficaz_em_primeiro_teste_em_humanos,301
www.crf-al.org.br/epidemia_de_ebola_ja_matou_1_145_pessoas_diz_oms/,https://institucional.crf-al.org.br/imprensa/noticias/epidemia_de_ebola_ja_matou_1_145_pessoas_diz_oms,301
www.crf-al.org.br/anvisa_liberou_37_importacoes_de_pasta_derivada_da_maconha/,https://institucional.crf-al.org.br/imprensa/noticias/anvisa_liberou_37_importacoes_de_pasta_derivada_da_maconha,301
www.crf-al.org.br/risco_cardiaco_aumenta_depois_que_a_mulher_entra_na_menopausa/,https://institucional.crf-al.org.br/imprensa/noticias/risco_cardiaco_aumenta_depois_que_a_mulher_entra_na_menopausa,301
www.crf-al.org.br/estudo_liga_excesso_de_peso_a_risco_de_dez_tipos_de_cancer/,https://institucional.crf-al.org.br/imprensa/noticias/estudo_liga_excesso_de_peso_a_risco_de_dez_tipos_de_cancer,301
www.crf-al.org.br/brasileiro_consome_mais_que_o_dobro_do_sal_recomendado_pela_oms/,https://institucional.crf-al.org.br/imprensa/noticias/brasileiro_consome_mais_que_o_dobro_do_sal_recomendado_pela_oms,301
www.crf-al.org.br/estudo_indica_que_particulas_de_ouro_tornam_tratamento_contra_cancer_mais_efetivo/,https://institucional.crf-al.org.br/imprensa/noticias/estudo_indica_que_particulas_de_ouro_tornam_tratamento_contra_cancer_mais_efetivo,301
www.crf-al.org.br/canada_vai_fornecer_vacina_experimental_contra_ebola_para_africa/,https://institucional.crf-al.org.br/imprensa/noticias/canada_vai_fornecer_vacina_experimental_contra_ebola_para_africa,301
www.crf-al.org.br/cientistas_americanos_criam_tecido_tridimensional_semelhante_a_cerebro/,https://institucional.crf-al.org.br/imprensa/noticias/cientistas_americanos_criam_tecido_tridimensional_semelhante_a_cerebro,301
www.crf-al.org.br/pessoas_com_escoliose_terao_genoma_mapeado/,https://institucional.crf-al.org.br/imprensa/noticias/pessoas_com_escoliose_terao_genoma_mapeado,301
www.crf-al.org.br/nova_lei_faz_com_que_farmacia_passe_a_ser_unidade_de_assistencia_a_saude/,https://institucional.crf-al.org.br/imprensa/noticias/nova_lei_faz_com_que_farmacia_passe_a_ser_unidade_de_assistencia_a_saude,301
www.crf-al.org.br/consumo_de_ritalina_no_brasil_cresce_775_em_dez_anos/,https://institucional.crf-al.org.br/imprensa/noticias/consumo_de_ritalina_no_brasil_cresce_775_em_dez_anos,301
www.crf-al.org.br/oms_enfrenta_dilema_etico_sobre_quem_recebera_tratamento_para_ebola/,https://institucional.crf-al.org.br/imprensa/noticias/oms_enfrenta_dilema_etico_sobre_quem_recebera_tratamento_para_ebola,301
www.crf-al.org.br/medicos_destacam_os_beneficios_dos_fitoterapicos_para_problemas_de_saude/,https://institucional.crf-al.org.br/imprensa/noticias/medicos_destacam_os_beneficios_dos_fitoterapicos_para_problemas_de_saude,301
www.crf-al.org.br/novas_drogas_devem_melhorar_tratamento_contra_a_hepatite_c/,https://institucional.crf-al.org.br/imprensa/noticias/novas_drogas_devem_melhorar_tratamento_contra_a_hepatite_c,301
www.crf-al.org.br/nivel_baixo_de_vitamina_d_eleva_risco_de_demencia_diz_estudo/,https://institucional.crf-al.org.br/imprensa/noticias/nivel_baixo_de_vitamina_d_eleva_risco_de_demencia_diz_estudo,301
www.crf-al.org.br/ministerio_da_saude_lanca_campanha_nacional_de_amamentacao/,https://institucional.crf-al.org.br/imprensa/noticias/ministerio_da_saude_lanca_campanha_nacional_de_amamentacao,301
www.crf-al.org.br/dicas_simples_permitem_identificar_sinais_de_diabetes_em_criancas/,https://institucional.crf-al.org.br/imprensa/noticias/dicas_simples_permitem_identificar_sinais_de_diabetes_em_criancas,301
www.crf-al.org.br/droga_ameniza_os_sintomas_do_alzheimer/,https://institucional.crf-al.org.br/imprensa/noticias/droga_ameniza_os_sintomas_do_alzheimer,301
www.crf-al.org.br/uma_aspirina_por_dia_pode_prevenir_cancer_diz_estudo/,https://institucional.crf-al.org.br/imprensa/noticias/uma_aspirina_por_dia_pode_prevenir_cancer_diz_estudo,301
www.crf-al.org.br/curso_de_aprimoramento_no_tratamento_do_diabetes/,https://institucional.crf-al.org.br/imprensa/noticias/curso_de_aprimoramento_no_tratamento_do_diabetes,301
www.crf-al.org.br/novos_procedimentos_esteticos_sao_oferecidos_a_mulheres_de_todas_as_idades/,https://institucional.crf-al.org.br/imprensa/noticias/novos_procedimentos_esteticos_sao_oferecidos_a_mulheres_de_todas_as_idades,301
www.crf-al.org.br/servicos_de_saude_do_brasil_estao_em_alerta_para_possiveis_casos_de_ebola/,https://institucional.crf-al.org.br/imprensa/noticias/servicos_de_saude_do_brasil_estao_em_alerta_para_possiveis_casos_de_ebola,301
www.crf-al.org.br/tomar_paracetamol_para_curar_ressaca_pode_causar_lesao_hepatica/,https://institucional.crf-al.org.br/imprensa/noticias/tomar_paracetamol_para_curar_ressaca_pode_causar_lesao_hepatica,301
www.crf-al.org.br/ebola_ja_matou_887_pessoas_na_africa_diz_oms/,https://institucional.crf-al.org.br/imprensa/noticias/ebola_ja_matou_887_pessoas_na_africa_diz_oms,301
www.crf-al.org.br/vacina_contra_hpv_desenvolvida_pela_usp_ganha_premio/,https://institucional.crf-al.org.br/imprensa/noticias/vacina_contra_hpv_desenvolvida_pela_usp_ganha_premio,301
www.crf-al.org.br/entenda_a_epidemia_de_ebola_na_africa/,https://institucional.crf-al.org.br/imprensa/noticias/entenda_a_epidemia_de_ebola_na_africa,301
www.crf-al.org.br/cientistas_desenvolvem_camundongos_transparentes/,https://institucional.crf-al.org.br/imprensa/noticias/cientistas_desenvolvem_camundongos_transparentes,301
www.crf-al.org.br/cancer_escapa_da_barreira_cerebral/,https://institucional.crf-al.org.br/imprensa/noticias/cancer_escapa_da_barreira_cerebral,301
www.crf-al.org.br/dilma_diz_que_mais_medicos_tambem_vai_ter_profissional_especializado/,https://institucional.crf-al.org.br/imprensa/noticias/dilma_diz_que_mais_medicos_tambem_vai_ter_profissional_especializado,301
www.crf-al.org.br/oms_registra_mais_de_1_3_mil_casos_de_ebola_e_729_mortos/,https://institucional.crf-al.org.br/imprensa/noticias/oms_registra_mais_de_1_3_mil_casos_de_ebola_e_729_mortos,301
www.crf-al.org.br/estudo_sugere_que_e_possivel_prever_suicidios_com_exame_de_sangue/,https://institucional.crf-al.org.br/imprensa/noticias/estudo_sugere_que_e_possivel_prever_suicidios_com_exame_de_sangue,301
www.crf-al.org.br/estudo_associa_insonia_do_adolescente_a_depressao_e_ansiedade/,https://institucional.crf-al.org.br/imprensa/noticias/estudo_associa_insonia_do_adolescente_a_depressao_e_ansiedade,301
www.crf-al.org.br/governo_inclui_vacina_contra_hepatite_a_no_calendario_de_vacinacao_do_sus/,https://institucional.crf-al.org.br/imprensa/noticias/governo_inclui_vacina_contra_hepatite_a_no_calendario_de_vacinacao_do_sus,301
www.crf-al.org.br/brasil_inaugura_primeira_fabrica_de_mosquitos_da_dengue_transgenicos/,https://institucional.crf-al.org.br/imprensa/noticias/brasil_inaugura_primeira_fabrica_de_mosquitos_da_dengue_transgenicos,301
www.crf-al.org.br/combate_ao_sedentarismo_e_diabetes_ajuda_a_prevenir_insuficiencia_cardiaca/,https://institucional.crf-al.org.br/imprensa/noticias/combate_ao_sedentarismo_e_diabetes_ajuda_a_prevenir_insuficiencia_cardiaca,301
www.crf-al.org.br/medicamento_para_cancer_de_mama_se_mostra_eficaz_para_aumentar_fertilidade/,https://institucional.crf-al.org.br/imprensa/noticias/medicamento_para_cancer_de_mama_se_mostra_eficaz_para_aumentar_fertilidade,301
www.crf-al.org.br/anvisa_ja_liberou_18_pedidos_de_canabidiol/,https://institucional.crf-al.org.br/imprensa/noticias/anvisa_ja_liberou_18_pedidos_de_canabidiol,301
www.crf-al.org.br/hepatite_pode_ser_eliminada_com_mobilizacao_dos_recursos_necessarios_diz_oms/,https://institucional.crf-al.org.br/imprensa/noticias/hepatite_pode_ser_eliminada_com_mobilizacao_dos_recursos_necessarios_diz_oms,301
www.crf-al.org.br/estudo_questiona_tecnica_para_retirar_utero/,https://institucional.crf-al.org.br/imprensa/noticias/estudo_questiona_tecnica_para_retirar_utero,301
www.crf-al.org.br/menina_com_hidrocefalia_sorri_pela_primeira_vez_depois_de_cirurgia/,https://institucional.crf-al.org.br/imprensa/noticias/menina_com_hidrocefalia_sorri_pela_primeira_vez_depois_de_cirurgia,301
www.crf-al.org.br/fabricante_de_remedio_omitiu_dados_de_agencias_reguladoras/,https://institucional.crf-al.org.br/imprensa/noticias/fabricante_de_remedio_omitiu_dados_de_agencias_reguladoras,301
www.crf-al.org.br/garoto_indiano_tem_232_dentes_extraidos_em_cirurgia_de_7_horas/,https://institucional.crf-al.org.br/imprensa/noticias/garoto_indiano_tem_232_dentes_extraidos_em_cirurgia_de_7_horas,301
www.crf-al.org.br/justica_obriga_governo_a_dar_remedio_derivado_da_maconha_a_crianca_em_sp/,https://institucional.crf-al.org.br/imprensa/noticias/justica_obriga_governo_a_dar_remedio_derivado_da_maconha_a_crianca_em_sp,301
www.crf-al.org.br/excesso_de_soja_pode_inibir_absorcao_de_nutrientes_e_antecipar_puberdade/,https://institucional.crf-al.org.br/imprensa/noticias/excesso_de_soja_pode_inibir_absorcao_de_nutrientes_e_antecipar_puberdade,301
www.crf-al.org.br/polemico_autoteste_de_hiv_tem_boa_aceitacao_anuncia_oms/,https://institucional.crf-al.org.br/imprensa/noticias/polemico_autoteste_de_hiv_tem_boa_aceitacao_anuncia_oms,301
www.crf-al.org.br/cientistas_conseguem_desalojar_hiv_para_combate_lo_fora_de_refugio/,https://institucional.crf-al.org.br/imprensa/noticias/cientistas_conseguem_desalojar_hiv_para_combate_lo_fora_de_refugio,301
www.crf-al.org.br/tratamento_de_hiv_aids_no_brasil_salva_mais_que_media_global/,https://institucional.crf-al.org.br/imprensa/noticias/tratamento_de_hiv_aids_no_brasil_salva_mais_que_media_global,301
www.crf-al.org.br/cientistas_descobrem_80_genes_ligados_a_esquizofrenia/,https://institucional.crf-al.org.br/imprensa/noticias/cientistas_descobrem_80_genes_ligados_a_esquizofrenia,301
www.crf-al.org.br/remedio_contra_a_autoestima/,https://institucional.crf-al.org.br/imprensa/noticias/remedio_contra_a_autoestima,301
www.crf-al.org.br/hipertensao_mascarada_afeta_mais_de_30_dos_hipertensos_controlados/,https://institucional.crf-al.org.br/imprensa/noticias/hipertensao_mascarada_afeta_mais_de_30_dos_hipertensos_controlados,301
www.crf-al.org.br/hospital_no_rio_testa_implante_para_infarto/,https://institucional.crf-al.org.br/imprensa/noticias/hospital_no_rio_testa_implante_para_infarto,301
www.crf-al.org.br/estudo_aponta_avanco_em_tratamento_conjunto_da_hepatite_c_e_do_hiv/,https://institucional.crf-al.org.br/imprensa/noticias/estudo_aponta_avanco_em_tratamento_conjunto_da_hepatite_c_e_do_hiv,301
www.crf-al.org.br/vitamina_b3_usada_para_reduzir_colesterol_traz_risco_de_morte/,https://institucional.crf-al.org.br/imprensa/noticias/vitamina_b3_usada_para_reduzir_colesterol_traz_risco_de_morte,301
www.crf-al.org.br/obesos_tem_risco_menor_de_morrer_do_coracao_sugere_estudo/,https://institucional.crf-al.org.br/imprensa/noticias/obesos_tem_risco_menor_de_morrer_do_coracao_sugere_estudo,301
www.crf-al.org.br/injecao_de_gene_no_coracao_tem_efeito_de_marca_passo_natural_diz_estudo/,https://institucional.crf-al.org.br/imprensa/noticias/injecao_de_gene_no_coracao_tem_efeito_de_marca_passo_natural_diz_estudo,301
www.crf-al.org.br/em_operacao_inedita_menina_tem_sangue_filtrado_e_recebe_rim/,https://institucional.crf-al.org.br/imprensa/noticias/em_operacao_inedita_menina_tem_sangue_filtrado_e_recebe_rim,301
www.crf-al.org.br/professores_da_usp_ribeirao_preto_pedem_liberacao_do_canabidiol_a_anvisa/,https://institucional.crf-al.org.br/imprensa/noticias/professores_da_usp_ribeirao_preto_pedem_liberacao_do_canabidiol_a_anvisa,301
www.crf-al.org.br/mais_uma_vitoria/,https://institucional.crf-al.org.br/imprensa/noticias/mais_uma_vitoria,301
www.crf-al.org.br/infeccoes_por_hiv_caem_no_mundo_mas_crescem_no_brasil_diz_onu/,https://institucional.crf-al.org.br/imprensa/noticias/infeccoes_por_hiv_caem_no_mundo_mas_crescem_no_brasil_diz_onu,301
www.crf-al.org.br/cientistas_do_canada_descobrem_gene_que_retarda_o_alzheimer/,https://institucional.crf-al.org.br/imprensa/noticias/cientistas_do_canada_descobrem_gene_que_retarda_o_alzheimer,301
www.crf-al.org.br/novartis_vai_licenciar_lente_de_contato_do_google_para_pessoas_com_diabetes/,https://institucional.crf-al.org.br/imprensa/noticias/novartis_vai_licenciar_lente_de_contato_do_google_para_pessoas_com_diabetes,301
www.crf-al.org.br/comissao_do_senado_aprova_suspensao_do_veto_da_anvisa_a_emagrecedores/,https://institucional.crf-al.org.br/imprensa/noticias/comissao_do_senado_aprova_suspensao_do_veto_da_anvisa_a_emagrecedores,301
www.crf-al.org.br/roche_diz_ter_obtido_prioridade_em_revisao_de_remedio_para_cancer_de_colo_do_utero/,https://institucional.crf-al.org.br/imprensa/noticias/roche_diz_ter_obtido_prioridade_em_revisao_de_remedio_para_cancer_de_colo_do_utero,301
www.crf-al.org.br/um_em_tres_casos_de_alzheimer_pode_ser_evitado_diz_estudo/,https://institucional.crf-al.org.br/imprensa/noticias/um_em_tres_casos_de_alzheimer_pode_ser_evitado_diz_estudo,301
www.crf-al.org.br/pancreas_artificial_que_sera_testado_em_2016_e_esperanca_para_diabeticos/,https://institucional.crf-al.org.br/imprensa/noticias/pancreas_artificial_que_sera_testado_em_2016_e_esperanca_para_diabeticos,301
www.crf-al.org.br/apesar_de_curavel_hanseniase_continua_a_ser_estigmatizada/,https://institucional.crf-al.org.br/imprensa/noticias/apesar_de_curavel_hanseniase_continua_a_ser_estigmatizada,301
www.crf-al.org.br/vacina_contra_a_dengue_consegue_56_de_protecao/,https://institucional.crf-al.org.br/imprensa/noticias/vacina_contra_a_dengue_consegue_56_de_protecao,301
www.crf-al.org.br/hiv_volta_a_aparecer_no_sangue_de_crianca_considerada_curada/,https://institucional.crf-al.org.br/imprensa/noticias/hiv_volta_a_aparecer_no_sangue_de_crianca_considerada_curada,301
www.crf-al.org.br/brasil_supera_meta_de_vacinacao_contra_a_gripe/,https://institucional.crf-al.org.br/imprensa/noticias/brasil_supera_meta_de_vacinacao_contra_a_gripe,301
www.crf-al.org.br/remedio_para_tratar_a_tuberculose_em_falta/,https://institucional.crf-al.org.br/imprensa/noticias/remedio_para_tratar_a_tuberculose_em_falta,301
www.crf-al.org.br/cientistas_europeus_ameacam_boicotar_estudo_sobre_o_cerebro/,https://institucional.crf-al.org.br/imprensa/noticias/cientistas_europeus_ameacam_boicotar_estudo_sobre_o_cerebro,301
www.crf-al.org.br/exame_de_sangue_pode_prever_o_aparecimento_do_mal_de_alzheimer/,https://institucional.crf-al.org.br/imprensa/noticias/exame_de_sangue_pode_prever_o_aparecimento_do_mal_de_alzheimer,301
www.crf-al.org.br/curso_de_prescricao_farmaceutica/,https://institucional.crf-al.org.br/imprensa/noticias/curso_de_prescricao_farmaceutica,301
www.crf-al.org.br/estudo_descarta_relacao_entre_vacina_contra_hpv_e_risco_de_coagulos/,https://institucional.crf-al.org.br/imprensa/noticias/estudo_descarta_relacao_entre_vacina_contra_hpv_e_risco_de_coagulos,301
www.crf-al.org.br/eua_aprovam_venda_de_insulina_inalavel_para_diabeticos/,https://institucional.crf-al.org.br/imprensa/noticias/eua_aprovam_venda_de_insulina_inalavel_para_diabeticos,301
www.crf-al.org.br/vitoria_dos_farmaceuticos/,https://institucional.crf-al.org.br/imprensa/noticias/vitoria_dos_farmaceuticos,301
www.crf-al.org.br/transplante_mais_brando_cura_anemia_falciforme_em_estudo_com_adultos/,https://institucional.crf-al.org.br/imprensa/noticias/transplante_mais_brando_cura_anemia_falciforme_em_estudo_com_adultos,301
www.crf-al.org.br/vacina_contra_sarampo_nao_causa_autismo_reafirma_estudo/,https://institucional.crf-al.org.br/imprensa/noticias/vacina_contra_sarampo_nao_causa_autismo_reafirma_estudo,301
www.crf-al.org.br/comunicado_sobre_o_horario_de_funcionamento/,https://institucional.crf-al.org.br/imprensa/noticias/comunicado_sobre_o_horario_de_funcionamento,301
www.crf-al.org.br/infeccao_por_hiv_inibe_casos_graves_de_h1n1_segundo_estudo_brasileiro/,https://institucional.crf-al.org.br/imprensa/noticias/infeccao_por_hiv_inibe_casos_graves_de_h1n1_segundo_estudo_brasileiro,301
www.crf-al.org.br/pesquisa_sobre_leucemia_pode_resultar_em_novo_tratamento_de_cancer_de_mama/,https://institucional.crf-al.org.br/imprensa/noticias/pesquisa_sobre_leucemia_pode_resultar_em_novo_tratamento_de_cancer_de_mama,301
www.crf-al.org.br/governo_amplia_lista_de_remedios_com_incentivo_fiscal/,https://institucional.crf-al.org.br/imprensa/noticias/governo_amplia_lista_de_remedios_com_incentivo_fiscal,301
www.crf-al.org.br/estudo_com_cobaias_atribui_ao_curry_propriedades_anti_hipertensivas/,https://institucional.crf-al.org.br/imprensa/noticias/estudo_com_cobaias_atribui_ao_curry_propriedades_anti_hipertensivas,301
www.crf-al.org.br/brasil_tem_queda_significativa_na_mortalidade_ate_5_anos/,https://institucional.crf-al.org.br/imprensa/noticias/brasil_tem_queda_significativa_na_mortalidade_ate_5_anos,301
www.crf-al.org.br/oms_pede_medidas_drasticas_contra_epidemia_de_ebola_e_convoca_reuniao/,https://institucional.crf-al.org.br/imprensa/noticias/oms_pede_medidas_drasticas_contra_epidemia_de_ebola_e_convoca_reuniao,301
www.crf-al.org.br/governo_cria_programa_de_incentivo_a_pesquisa_cientifica_em_23_areas/,https://institucional.crf-al.org.br/imprensa/noticias/governo_cria_programa_de_incentivo_a_pesquisa_cientifica_em_23_areas,301
www.crf-al.org.br/dilma_sanciona_lei_que_obriga_plano_a_trocar_medico_que_deixou_convenio/,https://institucional.crf-al.org.br/imprensa/noticias/dilma_sanciona_lei_que_obriga_plano_a_trocar_medico_que_deixou_convenio,301
www.crf-al.org.br/mamografia_3d_e_mais_eficaz_para_detectar_cancer_de_mama_diz_estudo/,https://institucional.crf-al.org.br/imprensa/noticias/mamografia_3d_e_mais_eficaz_para_detectar_cancer_de_mama_diz_estudo,301
www.crf-al.org.br/virus_da_polio_e_encontrado_em_amostra_de_esgoto_no_aeroporto_de_viracopos_diz_oms/,https://institucional.crf-al.org.br/imprensa/noticias/virus_da_polio_e_encontrado_em_amostra_de_esgoto_no_aeroporto_de_viracopos_diz_oms,301
www.crf-al.org.br/revisao_de_farmacologia_para_o_concurso_do_ebserh_hupaa_ufal/,https://institucional.crf-al.org.br/imprensa/noticias/revisao_de_farmacologia_para_o_concurso_do_ebserh_hupaa_ufal,301
www.crf-al.org.br/remedio_para_reumatismo_faz_nascer_cabelos_e_pelos_em_paciente_dos_eua/,https://institucional.crf-al.org.br/imprensa/noticias/remedio_para_reumatismo_faz_nascer_cabelos_e_pelos_em_paciente_dos_eua,301
www.crf-al.org.br/agencia_de_saude_britanica_sugere_novas_alternativas_contra_ataques_cardiacos/,https://institucional.crf-al.org.br/imprensa/noticias/agencia_de_saude_britanica_sugere_novas_alternativas_contra_ataques_cardiacos,301
www.crf-al.org.br/notificacao_de_casos_de_hiv_positivo_passa_a_ser_obrigatoria/,https://institucional.crf-al.org.br/imprensa/noticias/notificacao_de_casos_de_hiv_positivo_passa_a_ser_obrigatoria,301
www.crf-al.org.br/mutacao_genetica_afeta_sobrevivencia_ao_cancer_de_mama_sugere_estudo/,https://institucional.crf-al.org.br/imprensa/noticias/mutacao_genetica_afeta_sobrevivencia_ao_cancer_de_mama_sugere_estudo,301
www.crf-al.org.br/cirurgia_evita_transplante_de_figado_em_criancas_com_cancer/,https://institucional.crf-al.org.br/imprensa/noticias/cirurgia_evita_transplante_de_figado_em_criancas_com_cancer,301
www.crf-al.org.br/pancreas_bionico_feito_com_iphone_combate_diabetes_com_eficacia/,https://institucional.crf-al.org.br/imprensa/noticias/pancreas_bionico_feito_com_iphone_combate_diabetes_com_eficacia,301
www.crf-al.org.br/dois_anos_depois_de_veto_emagrecedores_podem_retornar/,https://institucional.crf-al.org.br/imprensa/noticias/dois_anos_depois_de_veto_emagrecedores_podem_retornar,301
www.crf-al.org.br/estudo_indica_que_cirurgia_bariatrica_tem_maior_taxa_de_remissao_de_diabetes/,https://institucional.crf-al.org.br/imprensa/noticias/estudo_indica_que_cirurgia_bariatrica_tem_maior_taxa_de_remissao_de_diabetes,301
www.crf-al.org.br/jovem_paraplegico_usa_exoesqueleto_e_chuta_bola_na_abertura_da_copa/,https://institucional.crf-al.org.br/imprensa/noticias/jovem_paraplegico_usa_exoesqueleto_e_chuta_bola_na_abertura_da_copa,301
www.crf-al.org.br/mosquitos_transgenicos_abrem_nova_frente_no_combate_a_malaria/,https://institucional.crf-al.org.br/imprensa/noticias/mosquitos_transgenicos_abrem_nova_frente_no_combate_a_malaria,301
www.crf-al.org.br/estudo_revela_funcoes_da_placenta_na_gestacao/,https://institucional.crf-al.org.br/imprensa/noticias/estudo_revela_funcoes_da_placenta_na_gestacao,301
www.crf-al.org.br/novo_implante_ajuda_a_prevenir_perda_de_visao_em_diabeticos/,https://institucional.crf-al.org.br/imprensa/noticias/novo_implante_ajuda_a_prevenir_perda_de_visao_em_diabeticos,301
www.crf-al.org.br/pilula_que_evita_transmissao_de_hiv_pode_gerar_nova_revolucao_sexual/,https://institucional.crf-al.org.br/imprensa/noticias/pilula_que_evita_transmissao_de_hiv_pode_gerar_nova_revolucao_sexual,301
www.crf-al.org.br/procedimento_pioneiro_implanta_menor_marca_passo_do_mundo/,https://institucional.crf-al.org.br/imprensa/noticias/procedimento_pioneiro_implanta_menor_marca_passo_do_mundo,301
www.crf-al.org.br/extensao_de_prazo_para_patentes_divide_industrias/,https://institucional.crf-al.org.br/imprensa/noticias/extensao_de_prazo_para_patentes_divide_industrias,301
www.crf-al.org.br/brasil_adotou_licenca_compulsoria_para_combate_a_aids/,https://institucional.crf-al.org.br/imprensa/noticias/brasil_adotou_licenca_compulsoria_para_combate_a_aids,301
www.crf-al.org.br/especializacao_em_farmacologia_clinica/,https://institucional.crf-al.org.br/imprensa/noticias/especializacao_em_farmacologia_clinica,301
www.crf-al.org.br/hospital_das_clinicas_faz_transplante_de_cinco_orgaos_ao_mesmo_tempo_pela_primeira_vez/,https://institucional.crf-al.org.br/imprensa/noticias/hospital_das_clinicas_faz_transplante_de_cinco_orgaos_ao_mesmo_tempo_pela_primeira_vez,301
www.crf-al.org.br/usp_testa_composto_da_maconha_para_parkinson/,https://institucional.crf-al.org.br/imprensa/noticias/usp_testa_composto_da_maconha_para_parkinson,301
www.crf-al.org.br/setenta_por_cento_da_populacao_dos_eua_esta_infectada_com_hpv/,https://institucional.crf-al.org.br/imprensa/noticias/setenta_por_cento_da_populacao_dos_eua_esta_infectada_com_hpv,301
www.crf-al.org.br/dupla_mastectomia_apos_cancer_e_feita_sem_indicacao_em_70_dos_casos/,https://institucional.crf-al.org.br/imprensa/noticias/dupla_mastectomia_apos_cancer_e_feita_sem_indicacao_em_70_dos_casos,301
www.crf-al.org.br/hospital_de_sp_testa_implante_de_eletrodo_contra_depressao/,https://institucional.crf-al.org.br/imprensa/noticias/hospital_de_sp_testa_implante_de_eletrodo_contra_depressao,301
www.crf-al.org.br/cigarro_eletronico_e_mais_eficaz_do_que_adesivo_para_parar_de_fumar_diz_estudo/,https://institucional.crf-al.org.br/imprensa/noticias/cigarro_eletronico_e_mais_eficaz_do_que_adesivo_para_parar_de_fumar_diz_estudo,301
www.crf-al.org.br/franca_fecha_laboratorio_apos_perda_de_amostra_de_virus/,https://institucional.crf-al.org.br/imprensa/noticias/franca_fecha_laboratorio_apos_perda_de_amostra_de_virus,301
www.crf-al.org.br/colesterol_alto_dificulta_a_gravidez/,https://institucional.crf-al.org.br/imprensa/noticias/colesterol_alto_dificulta_a_gravidez,301
www.crf-al.org.br/pesquisa_da_usp_indica_que_brocolis_com_selenio_ajuda_a_combater_o_cancer/,https://institucional.crf-al.org.br/imprensa/noticias/pesquisa_da_usp_indica_que_brocolis_com_selenio_ajuda_a_combater_o_cancer,301
www.crf-al.org.br/cancer_de_prostata_pode_ser_sexualmente_transmissivel_dizem_cientistas/,https://institucional.crf-al.org.br/imprensa/noticias/cancer_de_prostata_pode_ser_sexualmente_transmissivel_dizem_cientistas,301
www.crf-al.org.br/celula_tronco_alivia_dor_nas_costas/,https://institucional.crf-al.org.br/imprensa/noticias/celula_tronco_alivia_dor_nas_costas,301
www.crf-al.org.br/maconha_pode_ter_principio_ativo_nobre_e_medicinal/,https://institucional.crf-al.org.br/imprensa/noticias/maconha_pode_ter_principio_ativo_nobre_e_medicinal,301
www.crf-al.org.br/generico_ainda_nao_emplaca_em_todos_os_estados_do_pais/,https://institucional.crf-al.org.br/imprensa/noticias/generico_ainda_nao_emplaca_em_todos_os_estados_do_pais,301
www.crf-al.org.br/superdose_de_sarampo_modificado_fez_cancer_desaparecer_em_estudo/,https://institucional.crf-al.org.br/imprensa/noticias/superdose_de_sarampo_modificado_fez_cancer_desaparecer_em_estudo,301
www.crf-al.org.br/expectativa_de_vida_aumentou_em_media_seis_anos_no_mundo_diz_oms/,https://institucional.crf-al.org.br/imprensa/noticias/expectativa_de_vida_aumentou_em_media_seis_anos_no_mundo_diz_oms,301
www.crf-al.org.br/anvisa_estuda_liberar_um_dos_compostos_da_maconha_para_terapia/,https://institucional.crf-al.org.br/imprensa/noticias/anvisa_estuda_liberar_um_dos_compostos_da_maconha_para_terapia,301
www.crf-al.org.br/eua_recomendam_pilula_anti_hiv_para_pessoas_com_risco_de_contrair_o_virus/,https://institucional.crf-al.org.br/imprensa/noticias/eua_recomendam_pilula_anti_hiv_para_pessoas_com_risco_de_contrair_o_virus,301
www.crf-al.org.br/brasil_tem_1o_caso_de_sucesso_em_terapia_celular_contra_doenca_de_crohn/,https://institucional.crf-al.org.br/imprensa/noticias/brasil_tem_1o_caso_de_sucesso_em_terapia_celular_contra_doenca_de_crohn,301
www.crf-al.org.br/cientistas_criam_exame_de_sangue_que_preve_partos_prematuros/,https://institucional.crf-al.org.br/imprensa/noticias/cientistas_criam_exame_de_sangue_que_preve_partos_prematuros,301
www.crf-al.org.br/laboratorios_britanicos_fecham_acordo_sobre_pesquisa_em_animais/,https://institucional.crf-al.org.br/imprensa/noticias/laboratorios_britanicos_fecham_acordo_sobre_pesquisa_em_animais,301
www.crf-al.org.br/ans_anuncia_nova_suspensao_de_161_planos_de_saude_de_36_operadoras/,https://institucional.crf-al.org.br/imprensa/noticias/ans_anuncia_nova_suspensao_de_161_planos_de_saude_de_36_operadoras,301
www.crf-al.org.br/depressao_e_a_doenca_mais_frequente_na_adolescencia_alerta_a_oms/,https://institucional.crf-al.org.br/imprensa/noticias/depressao_e_a_doenca_mais_frequente_na_adolescencia_alerta_a_oms,301
www.crf-al.org.br/planos_de_saude_ampliarao_tratamento_domiciliar_contra_o_cancer/,https://institucional.crf-al.org.br/imprensa/noticias/planos_de_saude_ampliarao_tratamento_domiciliar_contra_o_cancer,301
www.crf-al.org.br/anvisa_cria_registro_para_produtos_tradicionais_fitoterapicos/,https://institucional.crf-al.org.br/imprensa/noticias/anvisa_cria_registro_para_produtos_tradicionais_fitoterapicos,301
www.crf-al.org.br/para_prevenir_cancer_de_mama_mulheres_devem_evitar_substancias_quimicas/,https://institucional.crf-al.org.br/imprensa/noticias/para_prevenir_cancer_de_mama_mulheres_devem_evitar_substancias_quimicas,301
www.crf-al.org.br/pesquisa_mostra_potencial_de_sistema_imunologico_para_combater_cancer/,https://institucional.crf-al.org.br/imprensa/noticias/pesquisa_mostra_potencial_de_sistema_imunologico_para_combater_cancer,301
www.crf-al.org.br/falta_de_exercicio_e_o_maior_fator_de_risco_para_doencas_cardiacas_em_mulheres_acima_de_30_anos/,https://institucional.crf-al.org.br/imprensa/noticias/falta_de_exercicio_e_o_maior_fator_de_risco_para_doencas_cardiacas_em_mulheres_acima_de_30_anos,301
www.crf-al.org.br/cientista_paraibano_cria_site_para_financiar_pesquisas_cientificas/,https://institucional.crf-al.org.br/imprensa/noticias/cientista_paraibano_cria_site_para_financiar_pesquisas_cientificas,301
www.crf-al.org.br/ministerio_prorroga_campanha_de_vacinacao_contra_gripe/,https://institucional.crf-al.org.br/imprensa/noticias/ministerio_prorroga_campanha_de_vacinacao_contra_gripe,301
www.crf-al.org.br/anvisa_anuncia_suspensao_de_lotes_de_dois_antidepressivos/,https://institucional.crf-al.org.br/imprensa/noticias/anvisa_anuncia_suspensao_de_lotes_de_dois_antidepressivos,301
www.crf-al.org.br/sete_em_cada_10_mulheres_descobrem_cancer_de_ovario/,https://institucional.crf-al.org.br/imprensa/noticias/sete_em_cada_10_mulheres_descobrem_cancer_de_ovario,301
www.crf-al.org.br/ministerio_da_saude_libera_r_100_mi_para_46_hospitais_universitarios/,https://institucional.crf-al.org.br/imprensa/noticias/ministerio_da_saude_libera_r_100_mi_para_46_hospitais_universitarios,301
www.crf-al.org.br/oms_alerta_que_casos_de_mortalidade_materna_cairam_mas_nao_o_suficiente/,https://institucional.crf-al.org.br/imprensa/noticias/oms_alerta_que_casos_de_mortalidade_materna_cairam_mas_nao_o_suficiente,301
www.crf-al.org.br/campanha_de_vacinacao_contra_gripe_termina_nesta_sexta/,https://institucional.crf-al.org.br/imprensa/noticias/campanha_de_vacinacao_contra_gripe_termina_nesta_sexta,301
www.crf-al.org.br/76_4_dos_brasileiros_tem_habito_de_se_automedicar_segundo_pesquisa/,https://institucional.crf-al.org.br/imprensa/noticias/76_4_dos_brasileiros_tem_habito_de_se_automedicar_segundo_pesquisa,301
www.crf-al.org.br/sangue_jovem_pode_rejuvenescer_cerebro_de_roedor_velho_diz_pesquisa/,https://institucional.crf-al.org.br/imprensa/noticias/sangue_jovem_pode_rejuvenescer_cerebro_de_roedor_velho_diz_pesquisa,301
www.crf-al.org.br/anvisa_suspende_comercio_de_lotes_de_remedio_para_transtorno_depressivo/,https://institucional.crf-al.org.br/imprensa/noticias/anvisa_suspende_comercio_de_lotes_de_remedio_para_transtorno_depressivo,301
www.crf-al.org.br/curso_de_capacitacao_em_farmacia_hospitalar/,https://institucional.crf-al.org.br/imprensa/noticias/curso_de_capacitacao_em_farmacia_hospitalar,301
www.crf-al.org.br/antibioticos_geram_pragas_mais_violentas_e_obesidade_diz_especialista/,https://institucional.crf-al.org.br/imprensa/noticias/antibioticos_geram_pragas_mais_violentas_e_obesidade_diz_especialista,301
www.crf-al.org.br/campanha_de_vacinacao_contra_a_gripe_termina_nesta_semana/,https://institucional.crf-al.org.br/imprensa/noticias/campanha_de_vacinacao_contra_a_gripe_termina_nesta_semana,301
www.crf-al.org.br/disseminacao_da_polio_e_emergencia_publica_internacional_diz_oms/,https://institucional.crf-al.org.br/imprensa/noticias/disseminacao_da_polio_e_emergencia_publica_internacional_diz_oms,301
www.crf-al.org.br/pesquisadores_alertam_para_hepatite_b_resistente_a_tratamento/,https://institucional.crf-al.org.br/imprensa/noticias/pesquisadores_alertam_para_hepatite_b_resistente_a_tratamento,301
www.crf-al.org.br/clonagem_ajuda_a_criar_celulas_tronco_produtoras_de_insulina/,https://institucional.crf-al.org.br/imprensa/noticias/clonagem_ajuda_a_criar_celulas_tronco_produtoras_de_insulina,301
www.crf-al.org.br/bacterias_podem_ser_chave_para_perda_de_peso_diz_estudo_chines/,https://institucional.crf-al.org.br/imprensa/noticias/bacterias_podem_ser_chave_para_perda_de_peso_diz_estudo_chines,301
www.crf-al.org.br/mortes_por_obesidade_triplicam_no_brasil_em_dez_anos/,https://institucional.crf-al.org.br/imprensa/noticias/mortes_por_obesidade_triplicam_no_brasil_em_dez_anos,301
www.crf-al.org.br/estudo_com_vacina_contra_dengue_na_asia_demonstra_reducao_de_56_dos_casos/,https://institucional.crf-al.org.br/imprensa/noticias/estudo_com_vacina_contra_dengue_na_asia_demonstra_reducao_de_56_dos_casos,301
www.crf-al.org.br/estresse_cronico_no_casamento_pode_levar_a_depressao_diz_estudo/,https://institucional.crf-al.org.br/imprensa/noticias/estresse_cronico_no_casamento_pode_levar_a_depressao_diz_estudo,301
www.crf-al.org.br/menina_morre_apos_inalar_remedio_errado_em_crise_de_asma_no_rs/,https://institucional.crf-al.org.br/imprensa/noticias/menina_morre_apos_inalar_remedio_errado_em_crise_de_asma_no_rs,301
www.crf-al.org.br/cientistas_brasileiros_identificam_genes_suscetiveis_a_artrite/,https://institucional.crf-al.org.br/imprensa/noticias/cientistas_brasileiros_identificam_genes_suscetiveis_a_artrite,301
www.crf-al.org.br/entenda_como_a_tecnologia_ajuda_no_tratamento_e_diagnostico_de_doencas/,https://institucional.crf-al.org.br/imprensa/noticias/entenda_como_a_tecnologia_ajuda_no_tratamento_e_diagnostico_de_doencas,301
www.crf-al.org.br/comunicado/,https://institucional.crf-al.org.br/imprensa/noticias/comunicado,301
www.crf-al.org.br/normal_ou_cesarea_conheca_riscos_mitos_e_beneficios_de_cada_tipo_de_parto/,https://institucional.crf-al.org.br/imprensa/noticias/normal_ou_cesarea_conheca_riscos_mitos_e_beneficios_de_cada_tipo_de_parto,301
www.crf-al.org.br/estudo_de_13_anos_com_8_423_pessoas_mostra_que_ibuprofeno_e_diclofenaco_aumentam_riscos_de_ter_avc/,https://institucional.crf-al.org.br/imprensa/noticias/estudo_de_13_anos_com_8_423_pessoas_mostra_que_ibuprofeno_e_diclofenaco_aumentam_riscos_de_ter_avc,301
www.crf-al.org.br/farmaceutica_sanofi_quer_se_desfazer_do_medicamento_plasil/,https://institucional.crf-al.org.br/imprensa/noticias/farmaceutica_sanofi_quer_se_desfazer_do_medicamento_plasil,301
www.crf-al.org.br/estudo_questiona_eficacia_e_bilhoes_gastos_em_tamiflu/,https://institucional.crf-al.org.br/imprensa/noticias/estudo_questiona_eficacia_e_bilhoes_gastos_em_tamiflu,301
www.crf-al.org.br/governo_de_al_estabelece_politica_de_prevencao_da_mortalidade_materna/,https://institucional.crf-al.org.br/imprensa/noticias/governo_de_al_estabelece_politica_de_prevencao_da_mortalidade_materna,301
www.crf-al.org.br/burocracia_emperra_pesquisa_de_remedios_no_brasil/,https://institucional.crf-al.org.br/imprensa/noticias/burocracia_emperra_pesquisa_de_remedios_no_brasil,301
www.crf-al.org.br/virus_transmitido_por_aedes_aegypti_ameaca_o_brasil/,https://institucional.crf-al.org.br/imprensa/noticias/virus_transmitido_por_aedes_aegypti_ameaca_o_brasil,301
www.crf-al.org.br/iniciativa_quer_agilizar_pesquisa_medica_com_humanos_no_brasil/,https://institucional.crf-al.org.br/imprensa/noticias/iniciativa_quer_agilizar_pesquisa_medica_com_humanos_no_brasil,301
www.crf-al.org.br/teste_que_detecta_hpv_pode_ser_aliado_de_papanicolau_contra_cancer/,https://institucional.crf-al.org.br/imprensa/noticias/teste_que_detecta_hpv_pode_ser_aliado_de_papanicolau_contra_cancer,301
www.crf-al.org.br/cientistas_brasileiros_criam_sistema_capaz_de_detectar_dengue_em_20_minutos/,https://institucional.crf-al.org.br/imprensa/noticias/cientistas_brasileiros_criam_sistema_capaz_de_detectar_dengue_em_20_minutos,301
www.crf-al.org.br/cientistas_brasileiros_avancam_no_combate_a_doenca_de_chagas/,https://institucional.crf-al.org.br/imprensa/noticias/cientistas_brasileiros_avancam_no_combate_a_doenca_de_chagas,301
www.crf-al.org.br/risco_de_morrer_dobra_em_usuarios_de_ansioliticos_e_soniferos_diz_estudo/,https://institucional.crf-al.org.br/imprensa/noticias/risco_de_morrer_dobra_em_usuarios_de_ansioliticos_e_soniferos_diz_estudo,301
www.crf-al.org.br/novo_virus_transmitido_pelo_mosquito_da_dengue_pode_chegar_ao_pais_em_breve/,https://institucional.crf-al.org.br/imprensa/noticias/novo_virus_transmitido_pelo_mosquito_da_dengue_pode_chegar_ao_pais_em_breve,301
www.crf-al.org.br/cientistas_querem_criar_fabrica_de_orgaos_para_facilitar_transplantes/,https://institucional.crf-al.org.br/imprensa/noticias/cientistas_querem_criar_fabrica_de_orgaos_para_facilitar_transplantes,301
www.crf-al.org.br/estudo_dos_eua_apresenta_novo_tratamento_contra_cancer_de_mama/,https://institucional.crf-al.org.br/imprensa/noticias/estudo_dos_eua_apresenta_novo_tratamento_contra_cancer_de_mama,301
www.crf-al.org.br/nenhum_remedio_e_livre_de_efeitos_colaterais_veja_mitos_e_verdades/,https://institucional.crf-al.org.br/imprensa/noticias/nenhum_remedio_e_livre_de_efeitos_colaterais_veja_mitos_e_verdades,301
www.crf-al.org.br/sus_inclui_novos_procedimentos_para_tratamento_de_doenca_renal_cronica/,https://institucional.crf-al.org.br/imprensa/noticias/sus_inclui_novos_procedimentos_para_tratamento_de_doenca_renal_cronica,301
www.crf-al.org.br/consumir_leite_pode_adiar_avanco_da_osteoartrite_em_mulheres/,https://institucional.crf-al.org.br/imprensa/noticias/consumir_leite_pode_adiar_avanco_da_osteoartrite_em_mulheres,301
www.crf-al.org.br/justica_autoriza_uso_de_derivado_de_maconha_para_crianca_epileptica/,https://institucional.crf-al.org.br/imprensa/noticias/justica_autoriza_uso_de_derivado_de_maconha_para_crianca_epileptica,301
www.crf-al.org.br/anvisa_esclarece_sobre_importacao_de_medicamentos_sem_registro_no_brasil/,https://institucional.crf-al.org.br/imprensa/noticias/anvisa_esclarece_sobre_importacao_de_medicamentos_sem_registro_no_brasil,301
www.crf-al.org.br/criterio_para_aceitar_doacao_de_sangue_varia_em_relacao_a_parceiros_sexuais/,https://institucional.crf-al.org.br/imprensa/noticias/criterio_para_aceitar_doacao_de_sangue_varia_em_relacao_a_parceiros_sexuais,301
www.crf-al.org.br/farmanguinhos_obtem_registro_de_dois_medicamentos_estrategicos_para_o_sus/,https://institucional.crf-al.org.br/imprensa/noticias/farmanguinhos_obtem_registro_de_dois_medicamentos_estrategicos_para_o_sus,301
www.crf-al.org.br/estados_unidos_ja_testam_exames_alternativos_a_colonoscopia/,https://institucional.crf-al.org.br/imprensa/noticias/estados_unidos_ja_testam_exames_alternativos_a_colonoscopia,301
www.crf-al.org.br/cirurgia_bariatrica_e_tratamento_mais_eficaz_contra_diabetes_em_obesos/,https://institucional.crf-al.org.br/imprensa/noticias/cirurgia_bariatrica_e_tratamento_mais_eficaz_contra_diabetes_em_obesos,301
www.crf-al.org.br/a_volta_do_virus_mais_letal/,https://institucional.crf-al.org.br/imprensa/noticias/a_volta_do_virus_mais_letal,301
www.crf-al.org.br/adesivo_inteligente_colado_na_pele_aplica_remedios_na_quantidade_certa/,https://institucional.crf-al.org.br/imprensa/noticias/adesivo_inteligente_colado_na_pele_aplica_remedios_na_quantidade_certa,301
www.crf-al.org.br/reajuste_de_remedios_comeca_a_valer_nesta_segunda_feira/,https://institucional.crf-al.org.br/imprensa/noticias/reajuste_de_remedios_comeca_a_valer_nesta_segunda_feira,301
www.crf-al.org.br/apos_bons_resultados_teste_cardiaco_feito_pela_novartis_e_finalizado/,https://institucional.crf-al.org.br/imprensa/noticias/apos_bons_resultados_teste_cardiaco_feito_pela_novartis_e_finalizado,301
www.crf-al.org.br/veja_mitos_e_verdades_sobre_doacao_de_sangue_e_saiba_como_ser_doador/,https://institucional.crf-al.org.br/imprensa/noticias/veja_mitos_e_verdades_sobre_doacao_de_sangue_e_saiba_como_ser_doador,301
www.crf-al.org.br/autismo_e_resultado_de_anomalias_nas_estruturas_cerebrais_mostra_estudo/,https://institucional.crf-al.org.br/imprensa/noticias/autismo_e_resultado_de_anomalias_nas_estruturas_cerebrais_mostra_estudo,301
www.crf-al.org.br/usp_sao_carlos_desenvolve_sistema_que_detecta_dengue_em_20_minutos/,https://institucional.crf-al.org.br/imprensa/noticias/usp_sao_carlos_desenvolve_sistema_que_detecta_dengue_em_20_minutos,301
www.crf-al.org.br/quase_40_das_jovens_brasileiras_nunca_ou_quase_nunca_usam_camisinha/,https://institucional.crf-al.org.br/imprensa/noticias/quase_40_das_jovens_brasileiras_nunca_ou_quase_nunca_usam_camisinha,301
www.crf-al.org.br/estudo_nega_que_cigarros_eletronicos_ajudem_a_deixar_de_fumar/,https://institucional.crf-al.org.br/imprensa/noticias/estudo_nega_que_cigarros_eletronicos_ajudem_a_deixar_de_fumar,301
www.crf-al.org.br/canada_detecta_caso_com_sintomas_semelhantes_ao_ebola/,https://institucional.crf-al.org.br/imprensa/noticias/canada_detecta_caso_com_sintomas_semelhantes_ao_ebola,301
www.crf-al.org.br/antiviral_reduziu_em_25_risco_de_obito_por_gripe_h1n1/,https://institucional.crf-al.org.br/imprensa/noticias/antiviral_reduziu_em_25_risco_de_obito_por_gripe_h1n1,301
www.crf-al.org.br/tres_milhoes_de_pessoas_nao_sabem_que_tem_tuberculose_alerta_oms/,https://institucional.crf-al.org.br/imprensa/noticias/tres_milhoes_de_pessoas_nao_sabem_que_tem_tuberculose_alerta_oms,301
www.crf-al.org.br/falta_de_sono_pode_provocar_perda_de_neuronios_diz_pesquisa/,https://institucional.crf-al.org.br/imprensa/noticias/falta_de_sono_pode_provocar_perda_de_neuronios_diz_pesquisa,301
www.crf-al.org.br/nova_tomografia_desenvolvida_pela_usp_complementa_cateterismo_em_exames/,https://institucional.crf-al.org.br/imprensa/noticias/nova_tomografia_desenvolvida_pela_usp_complementa_cateterismo_em_exames,301
www.crf-al.org.br/reclamacao_de_plano_de_saude_pode_ser_seguida_online_a_partir_desta_quarta/,https://institucional.crf-al.org.br/imprensa/noticias/reclamacao_de_plano_de_saude_pode_ser_seguida_online_a_partir_desta_quarta,301
www.crf-al.org.br/infarto_em_mulheres_pode_ser_confundido_com_ansiedade_diz_estudo/,https://institucional.crf-al.org.br/imprensa/noticias/infarto_em_mulheres_pode_ser_confundido_com_ansiedade_diz_estudo,301
www.crf-al.org.br/ministerio_anuncia_reducao_de_80_de_casos_de_dengue_no_1o_bimestre/,https://institucional.crf-al.org.br/imprensa/noticias/ministerio_anuncia_reducao_de_80_de_casos_de_dengue_no_1o_bimestre,301
www.crf-al.org.br/veneno_de_caracol_marinho_pode_se_tornar_analgesico_potente_diz_estudo/,https://institucional.crf-al.org.br/imprensa/noticias/veneno_de_caracol_marinho_pode_se_tornar_analgesico_potente_diz_estudo,301
www.crf-al.org.br/material_de_hemodialise_devera_ser_descartavel_para_quem_tem_hepatite/,https://institucional.crf-al.org.br/imprensa/noticias/material_de_hemodialise_devera_ser_descartavel_para_quem_tem_hepatite,301
www.crf-al.org.br/medicos_governo_e_fabricante_garantem_que_vacina_do_hpv_e_segura_e_eficaz/,https://institucional.crf-al.org.br/imprensa/noticias/medicos_governo_e_fabricante_garantem_que_vacina_do_hpv_e_segura_e_eficaz,301
www.crf-al.org.br/caso_raro_de_transmissao_de_hiv_entre_mulheres_e_divulgado_nos_eua/,https://institucional.crf-al.org.br/imprensa/noticias/caso_raro_de_transmissao_de_hiv_entre_mulheres_e_divulgado_nos_eua,301
www.crf-al.org.br/mais_de_80_dos_homens_com_cancer_de_cabeca_e_pescoco_sao_ou_foram_fumantes/,https://institucional.crf-al.org.br/imprensa/noticias/mais_de_80_dos_homens_com_cancer_de_cabeca_e_pescoco_sao_ou_foram_fumantes,301
www.crf-al.org.br/jovens_e_criancas_tosam_cabelos_para_doa_los_a_pacientes_com_cancer/,https://institucional.crf-al.org.br/imprensa/noticias/jovens_e_criancas_tosam_cabelos_para_doa_los_a_pacientes_com_cancer,301
www.crf-al.org.br/novo_gene_da_obesidade_e_identificado/,https://institucional.crf-al.org.br/imprensa/noticias/novo_gene_da_obesidade_e_identificado,301
www.crf-al.org.br/fda_e_questionada_por_aprovar_analgesico_opioide/,https://institucional.crf-al.org.br/imprensa/noticias/fda_e_questionada_por_aprovar_analgesico_opioide,301
www.crf-al.org.br/amb_lanca_site_para_receber_denuncias_sobre_mau_atendimento_medico/,https://institucional.crf-al.org.br/imprensa/noticias/amb_lanca_site_para_receber_denuncias_sobre_mau_atendimento_medico,301
www.crf-al.org.br/injecao_de_oleo_ou_silicone_industrial_no_braco_pode_matar_diz_medico/,https://institucional.crf-al.org.br/imprensa/noticias/injecao_de_oleo_ou_silicone_industrial_no_braco_pode_matar_diz_medico,301
www.crf-al.org.br/novo_tratamento_eleva_sobrevida_de_paciente_com_cancer_de_colo_do_utero/,https://institucional.crf-al.org.br/imprensa/noticias/novo_tratamento_eleva_sobrevida_de_paciente_com_cancer_de_colo_do_utero,301
www.crf-al.org.br/medicos_alertam_sobre_fatores_de_risco_da_doenca_cardiovascular_na_mulher/,https://institucional.crf-al.org.br/imprensa/noticias/medicos_alertam_sobre_fatores_de_risco_da_doenca_cardiovascular_na_mulher,301
www.crf-al.org.br/cientistas_vinculam_cancer_de_ovario_ao_sobrepeso/,https://institucional.crf-al.org.br/imprensa/noticias/cientistas_vinculam_cancer_de_ovario_ao_sobrepeso,301
www.crf-al.org.br/exame_de_sangue_e_capaz_de_prever_alzheimer_em_pessoas_saudaveis/,https://institucional.crf-al.org.br/imprensa/noticias/exame_de_sangue_e_capaz_de_prever_alzheimer_em_pessoas_saudaveis,301
www.crf-al.org.br/vacinacao_de_meninas_contra_o_hpv_comeca_nesta_segunda_feira/,https://institucional.crf-al.org.br/imprensa/noticias/vacinacao_de_meninas_contra_o_hpv_comeca_nesta_segunda_feira,301
www.crf-al.org.br/investimento_em_vacinas_e_chave_para_reduzir_dsts_afirma_oms/,https://institucional.crf-al.org.br/imprensa/noticias/investimento_em_vacinas_e_chave_para_reduzir_dsts_afirma_oms,301
www.crf-al.org.br/programa_de_educacao_continuada/,https://institucional.crf-al.org.br/imprensa/noticias/programa_de_educacao_continuada,301
www.crf-al.org.br/pesquisa_liga_paternidade_tardia_a_problemas_de_saude_na_crianca/,https://institucional.crf-al.org.br/imprensa/noticias/pesquisa_liga_paternidade_tardia_a_problemas_de_saude_na_crianca,301
www.crf-al.org.br/anvisa_proibe_a_venda_de_20_lotes_de_suplementos_de_proteina/,https://institucional.crf-al.org.br/imprensa/noticias/anvisa_proibe_a_venda_de_20_lotes_de_suplementos_de_proteina,301
www.crf-al.org.br/alteracao_genica_reduz_indices_de_tumor_em_celulas_tronco_mostra_estudo/,https://institucional.crf-al.org.br/imprensa/noticias/alteracao_genica_reduz_indices_de_tumor_em_celulas_tronco_mostra_estudo,301
www.crf-al.org.br/cientistas_sugerem_que_comer_morangos_ajuda_a_reduzir_colesterol/,https://institucional.crf-al.org.br/imprensa/noticias/cientistas_sugerem_que_comer_morangos_ajuda_a_reduzir_colesterol,301
www.crf-al.org.br/aviso/,https://institucional.crf-al.org.br/imprensa/noticias/aviso,301
www.crf-al.org.br/campanha_contra_aids_quer_atingir_100_mil_pessoas_que_nao_sabem_ter_o_virus/,https://institucional.crf-al.org.br/imprensa/noticias/campanha_contra_aids_quer_atingir_100_mil_pessoas_que_nao_sabem_ter_o_virus,301
www.crf-al.org.br/novo_coquetel_da_aids_chega_ao_sus_em_marco/,https://institucional.crf-al.org.br/imprensa/noticias/novo_coquetel_da_aids_chega_ao_sus_em_marco,301
www.crf-al.org.br/uso_de_analgesico_na_gravidez_teria_elo_com_risco_de_thda_em_criancas/,https://institucional.crf-al.org.br/imprensa/noticias/uso_de_analgesico_na_gravidez_teria_elo_com_risco_de_thda_em_criancas,301
www.crf-al.org.br/cientistas_do_japao_criam_recipientes_portateis_para_celulas_tronco/,https://institucional.crf-al.org.br/imprensa/noticias/cientistas_do_japao_criam_recipientes_portateis_para_celulas_tronco,301
www.crf-al.org.br/convencao_coletiva_de_trabalho_2013_2014/,https://institucional.crf-al.org.br/imprensa/noticias/convencao_coletiva_de_trabalho_2013_2014,301
www.crf-al.org.br/droga_em_testes_pode_dar_a_cegos_capacidade_de_ver_luz/,https://institucional.crf-al.org.br/imprensa/noticias/droga_em_testes_pode_dar_a_cegos_capacidade_de_ver_luz,301
www.crf-al.org.br/planos_de_saude_terao_de_informar_qualidade_dos_servicos/,https://institucional.crf-al.org.br/imprensa/noticias/planos_de_saude_terao_de_informar_qualidade_dos_servicos,301
www.crf-al.org.br/movimento_antivacina_gera_surto_de_doencas_nos_eua/,https://institucional.crf-al.org.br/imprensa/noticias/movimento_antivacina_gera_surto_de_doencas_nos_eua,301
www.crf-al.org.br/estudo_aponta_que_imunoterapia_cura_leucemia_em_88_dos_casos/,https://institucional.crf-al.org.br/imprensa/noticias/estudo_aponta_que_imunoterapia_cura_leucemia_em_88_dos_casos,301
www.crf-al.org.br/biopsia_liquida_identifica_cancer_no_sangue/,https://institucional.crf-al.org.br/imprensa/noticias/biopsia_liquida_identifica_cancer_no_sangue,301
www.crf-al.org.br/pesquisa_sobre_celulas_tronco_e_investigada_no_japao/,https://institucional.crf-al.org.br/imprensa/noticias/pesquisa_sobre_celulas_tronco_e_investigada_no_japao,301
www.crf-al.org.br/vacina_contra_hiv_deve_ser_testada_em_humanos_no_prazo_de_tres_anos/,https://institucional.crf-al.org.br/imprensa/noticias/vacina_contra_hiv_deve_ser_testada_em_humanos_no_prazo_de_tres_anos,301
www.crf-al.org.br/mudanca_em_estilo_de_vida_pode_prevenir_aborto_natural_diz_pesquisa/,https://institucional.crf-al.org.br/imprensa/noticias/mudanca_em_estilo_de_vida_pode_prevenir_aborto_natural_diz_pesquisa,301
www.crf-al.org.br/ansiedade_atinge_um_em_cada_tres_brasileiros_endividados_diz_pesquisa/,https://institucional.crf-al.org.br/imprensa/noticias/ansiedade_atinge_um_em_cada_tres_brasileiros_endividados_diz_pesquisa,301
www.crf-al.org.br/pesquisa_que_revolucionou_obtencao_de_celula_tronco_esta_sob_investigacao/,https://institucional.crf-al.org.br/imprensa/noticias/pesquisa_que_revolucionou_obtencao_de_celula_tronco_esta_sob_investigacao,301
www.crf-al.org.br/instituto_oswaldo_cruz_fornece_kit_de_teste_rapido_para_aids/,https://institucional.crf-al.org.br/imprensa/noticias/instituto_oswaldo_cruz_fornece_kit_de_teste_rapido_para_aids,301
www.crf-al.org.br/vacina_da_usp_contra_hiv_passa_em_teste_com_macacos/,https://institucional.crf-al.org.br/imprensa/noticias/vacina_da_usp_contra_hiv_passa_em_teste_com_macacos,301
www.crf-al.org.br/estudo_sobre_melhorias_na_saude_vai_monitorar_grupo_por_25_anos/,https://institucional.crf-al.org.br/imprensa/noticias/estudo_sobre_melhorias_na_saude_vai_monitorar_grupo_por_25_anos,301
www.crf-al.org.br/cientistas_do_brasil_avancam_em_testes_para_obter_vacina_contra_o_hiv/,https://institucional.crf-al.org.br/imprensa/noticias/cientistas_do_brasil_avancam_em_testes_para_obter_vacina_contra_o_hiv,301
www.crf-al.org.br/gripes_na_gestacao_aumentam_risco_de_a_crianca_ter_asma_sugere_estudo/,https://institucional.crf-al.org.br/imprensa/noticias/gripes_na_gestacao_aumentam_risco_de_a_crianca_ter_asma_sugere_estudo,301
www.crf-al.org.br/mamografias_anuais_nao_reduzem_mortes_mais_que_exames_fisicos/,https://institucional.crf-al.org.br/imprensa/noticias/mamografias_anuais_nao_reduzem_mortes_mais_que_exames_fisicos,301
www.crf-al.org.br/em_guia_alimentar_ministerio_recomenda_consumo_de_produtos_naturais/,https://institucional.crf-al.org.br/imprensa/noticias/em_guia_alimentar_ministerio_recomenda_consumo_de_produtos_naturais,301
www.crf-al.org.br/pais_tem_a_2a_maior_prevalencia_de_hanseniase_diz_pesquisa/,https://institucional.crf-al.org.br/imprensa/noticias/pais_tem_a_2a_maior_prevalencia_de_hanseniase_diz_pesquisa,301
www.crf-al.org.br/governo_poe_em_consulta_protocolo_para_tratamento_de_hiv/,https://institucional.crf-al.org.br/imprensa/noticias/governo_poe_em_consulta_protocolo_para_tratamento_de_hiv,301
www.crf-al.org.br/cientistas_localizam_gene_que_liga_massa_cinzenta_a_inteligencia/,https://institucional.crf-al.org.br/imprensa/noticias/cientistas_localizam_gene_que_liga_massa_cinzenta_a_inteligencia,301
www.crf-al.org.br/estudo_sugere_ser_possivel_apagar_memorias_especificas/,https://institucional.crf-al.org.br/imprensa/noticias/estudo_sugere_ser_possivel_apagar_memorias_especificas,301
www.crf-al.org.br/vitamina_c_injetavel_pode_ajudar_no_tratamento_contra_cancer_diz_estudo/,https://institucional.crf-al.org.br/imprensa/noticias/vitamina_c_injetavel_pode_ajudar_no_tratamento_contra_cancer_diz_estudo,301
www.crf-al.org.br/teste_rapido_de_tuberculose_comeca_este_mes_em_seis_cidades_do_pais/,https://institucional.crf-al.org.br/imprensa/noticias/teste_rapido_de_tuberculose_comeca_este_mes_em_seis_cidades_do_pais,301
www.crf-al.org.br/pesquisadores_da_usp_usam_corrente_eletrica_para_tratar_depressao/,https://institucional.crf-al.org.br/imprensa/noticias/pesquisadores_da_usp_usam_corrente_eletrica_para_tratar_depressao,301
www.crf-al.org.br/hc_lanca_cirurgia_inedita_no_sus_para_tratar_hernia_de_disco/,https://institucional.crf-al.org.br/imprensa/noticias/hc_lanca_cirurgia_inedita_no_sus_para_tratar_hernia_de_disco,301
www.crf-al.org.br/mulheres_correm_maior_risco_de_sofrer_avc_do_que_os_homens/,https://institucional.crf-al.org.br/imprensa/noticias/mulheres_correm_maior_risco_de_sofrer_avc_do_que_os_homens,301
www.crf-al.org.br/em_fase_de_testes_vacina_da_ufmg_contra_a_dengue_tem_resposta_positiva/,https://institucional.crf-al.org.br/imprensa/noticias/em_fase_de_testes_vacina_da_ufmg_contra_a_dengue_tem_resposta_positiva,301
www.crf-al.org.br/amputado_implanta_protese_de_mao_que_restitui_o_tato/,https://institucional.crf-al.org.br/imprensa/noticias/amputado_implanta_protese_de_mao_que_restitui_o_tato,301
www.crf-al.org.br/nova_droga_aprovada_pela_anvisa_trata_cancer_de_mama_sem_queda_de_cabelo/,https://institucional.crf-al.org.br/imprensa/noticias/nova_droga_aprovada_pela_anvisa_trata_cancer_de_mama_sem_queda_de_cabelo,301
www.crf-al.org.br/luto_oficial_pelo_falecimento_do_dr_jaldo_de_souza_santos/,https://institucional.crf-al.org.br/imprensa/noticias/luto_oficial_pelo_falecimento_do_dr_jaldo_de_souza_santos,301
www.crf-al.org.br/morte_de_dr_jaldo_encerra_ciclo_farmaceutico/,https://institucional.crf-al.org.br/imprensa/noticias/morte_de_dr_jaldo_encerra_ciclo_farmaceutico,301
www.crf-al.org.br/saude_cria_servico_de_referencia_para_tratar_cancer_de_colo_de_utero_e_mama/,https://institucional.crf-al.org.br/imprensa/noticias/saude_cria_servico_de_referencia_para_tratar_cancer_de_colo_de_utero_e_mama,301
www.crf-al.org.br/casos_de_cancer_vao_aumentar_50_ate_2030_alerta_agencia/,https://institucional.crf-al.org.br/imprensa/noticias/casos_de_cancer_vao_aumentar_50_ate_2030_alerta_agencia,301
www.crf-al.org.br/risco_de_contrair_hepatite_c_por_via_sexual_e_maior_do_que_se_pensava/,https://institucional.crf-al.org.br/imprensa/noticias/risco_de_contrair_hepatite_c_por_via_sexual_e_maior_do_que_se_pensava,301
www.crf-al.org.br/nota_de_desagravo/,https://institucional.crf-al.org.br/imprensa/noticias/nota_de_desagravo,301
www.crf-al.org.br/estudo_alerta_vitaminas_podem_aumentar_risco_de_cancer_de_pulmao/,https://institucional.crf-al.org.br/imprensa/noticias/estudo_alerta_vitaminas_podem_aumentar_risco_de_cancer_de_pulmao,301
www.crf-al.org.br/governo_lanca_sistema_para_relato_de_acidentes_relacionados_a_produtos/,https://institucional.crf-al.org.br/imprensa/noticias/governo_lanca_sistema_para_relato_de_acidentes_relacionados_a_produtos,301
www.crf-al.org.br/estudo_aponta_que_antioxidantes_nao_contribuem_no_combate_ao_cancer/,https://institucional.crf-al.org.br/imprensa/noticias/estudo_aponta_que_antioxidantes_nao_contribuem_no_combate_ao_cancer,301
www.crf-al.org.br/setor_petroleiro_do_pais_deve_investir_r_30_bi_em_pesquisa_cientifica/,https://institucional.crf-al.org.br/imprensa/noticias/setor_petroleiro_do_pais_deve_investir_r_30_bi_em_pesquisa_cientifica,301
www.crf-al.org.br/cientistas_desenvolvem_tecnica_que_facilita_obtencao_de_celulas_tronco/,https://institucional.crf-al.org.br/imprensa/noticias/cientistas_desenvolvem_tecnica_que_facilita_obtencao_de_celulas_tronco,301
www.crf-al.org.br/vaca_louca_homem_morre_em_belo_horizonte_com_suspeita_da_doenca/,https://institucional.crf-al.org.br/imprensa/noticias/vaca_louca_homem_morre_em_belo_horizonte_com_suspeita_da_doenca,301
www.crf-al.org.br/cientistas_do_uruguai_vao_estudar_influencia_da_maconha_no_sono/,https://institucional.crf-al.org.br/imprensa/noticias/cientistas_do_uruguai_vao_estudar_influencia_da_maconha_no_sono,301
www.crf-al.org.br/padilha_pede_cadeia_nacional_para_falar_de_hpv/,https://institucional.crf-al.org.br/imprensa/noticias/padilha_pede_cadeia_nacional_para_falar_de_hpv,301
www.crf-al.org.br/pesticida_ddt_e_associado_a_um_risco_maior_de_alzheimer/,https://institucional.crf-al.org.br/imprensa/noticias/pesticida_ddt_e_associado_a_um_risco_maior_de_alzheimer,301
www.crf-al.org.br/vitamina_d_nao_teria_efeito_protetor_em_doencas_cardiacas_diz_estudo/,https://institucional.crf-al.org.br/imprensa/noticias/vitamina_d_nao_teria_efeito_protetor_em_doencas_cardiacas_diz_estudo,301
www.crf-al.org.br/novo_medicamento_contra_diabetes_esta_pronto_e_aguarda_aprovacao_na_europa/,https://institucional.crf-al.org.br/imprensa/noticias/novo_medicamento_contra_diabetes_esta_pronto_e_aguarda_aprovacao_na_europa,301
www.crf-al.org.br/novartis_otimista_sobre_nova_droga_para_coracao_mesmo_sem_apoio_na_europa/,https://institucional.crf-al.org.br/imprensa/noticias/novartis_otimista_sobre_nova_droga_para_coracao_mesmo_sem_apoio_na_europa,301
www.crf-al.org.br/vacinacao_de_meninas_contra_virus_hpv_comeca_em_10_de_marco_no_sus/,https://institucional.crf-al.org.br/imprensa/noticias/vacinacao_de_meninas_contra_virus_hpv_comeca_em_10_de_marco_no_sus,301
www.crf-al.org.br/novo_remedio_para_diabetes_tipo_2_e_aprovado_na_europa/,https://institucional.crf-al.org.br/imprensa/noticias/novo_remedio_para_diabetes_tipo_2_e_aprovado_na_europa,301
www.crf-al.org.br/estudo_revela_que_nem_todos_os_remedios_sao_revisados_igualmente_pelo_fda/,https://institucional.crf-al.org.br/imprensa/noticias/estudo_revela_que_nem_todos_os_remedios_sao_revisados_igualmente_pelo_fda,301
www.crf-al.org.br/comunicado_sobre_anuidade/,https://institucional.crf-al.org.br/imprensa/noticias/comunicado_sobre_anuidade,301
www.crf-al.org.br/google_desenvolve_lentes_de_contato_inteligentes_para_diabeticos/,https://institucional.crf-al.org.br/imprensa/noticias/google_desenvolve_lentes_de_contato_inteligentes_para_diabeticos,301
www.crf-al.org.br/governo_quer_que_similares_custem_65_valor_do_remedio_de_referencia/,https://institucional.crf-al.org.br/imprensa/noticias/governo_quer_que_similares_custem_65_valor_do_remedio_de_referencia,301
www.crf-al.org.br/cientistas_evitam_cegueira_gracas_a_terapia_genetica/,https://institucional.crf-al.org.br/imprensa/noticias/cientistas_evitam_cegueira_gracas_a_terapia_genetica,301
www.crf-al.org.br/eua_querem_limitar_receita_com_paracetamol_por_lesoes_no_figado/,https://institucional.crf-al.org.br/imprensa/noticias/eua_querem_limitar_receita_com_paracetamol_por_lesoes_no_figado,301
www.crf-al.org.br/agentes_rejeitam_epis_e_nao_retomam_combate_a_dengue_em_maceio/,https://institucional.crf-al.org.br/imprensa/noticias/agentes_rejeitam_epis_e_nao_retomam_combate_a_dengue_em_maceio,301
www.crf-al.org.br/medicamento_similar_deve_passar_por_testes_de_equivalencia_propoe_anvisa/,https://institucional.crf-al.org.br/imprensa/noticias/medicamento_similar_deve_passar_por_testes_de_equivalencia_propoe_anvisa,301
www.crf-al.org.br/pesquisa_da_ufpe_identifica_genes_que_auxiliam_acao_de_vacinas_anti_hiv/,https://institucional.crf-al.org.br/imprensa/noticias/pesquisa_da_ufpe_identifica_genes_que_auxiliam_acao_de_vacinas_anti_hiv,301
www.crf-al.org.br/farmaceutica_vai_explorar_compostos_naturais_em_busca_de_novos_antibioticos/,https://institucional.crf-al.org.br/imprensa/noticias/farmaceutica_vai_explorar_compostos_naturais_em_busca_de_novos_antibioticos,301
www.crf-al.org.br/remedios_ganham_usos_alem_das_indicacoes_da_bula/,https://institucional.crf-al.org.br/imprensa/noticias/remedios_ganham_usos_alem_das_indicacoes_da_bula,301
www.crf-al.org.br/convocacao/,https://institucional.crf-al.org.br/imprensa/noticias/convocacao,301
www.crf-al.org.br/estudo_vincula_nascimento_prematuro_de_bebes_a_bacterias/,https://institucional.crf-al.org.br/imprensa/noticias/estudo_vincula_nascimento_prematuro_de_bebes_a_bacterias,301
www.crf-al.org.br/unidade_movel_realiza_exames_de_mamografia_e_ultrassom_em_maceio/,https://institucional.crf-al.org.br/imprensa/noticias/unidade_movel_realiza_exames_de_mamografia_e_ultrassom_em_maceio,301
www.crf-al.org.br/mt_to_e_ma_registram_as_maiores_incidencias_de_hanseniase_do_pais/,https://institucional.crf-al.org.br/imprensa/noticias/mt_to_e_ma_registram_as_maiores_incidencias_de_hanseniase_do_pais,301
www.crf-al.org.br/pesquisa_identifica_dna_que_regula_atividade_no_pancreas_humano/,https://institucional.crf-al.org.br/imprensa/noticias/pesquisa_identifica_dna_que_regula_atividade_no_pancreas_humano,301
www.crf-al.org.br/estudo_sugere_que_cafe_pode_melhorar_memoria/,https://institucional.crf-al.org.br/imprensa/noticias/estudo_sugere_que_cafe_pode_melhorar_memoria,301
www.crf-al.org.br/cientistas_desenvolvem_supercola_para_emendar_coracoes_rompidos/,https://institucional.crf-al.org.br/imprensa/noticias/cientistas_desenvolvem_supercola_para_emendar_coracoes_rompidos,301
www.crf-al.org.br/nova_terapia_genetica_ajuda_a_reduzir_tremor_de_doentes_de_parkinson/,https://institucional.crf-al.org.br/imprensa/noticias/nova_terapia_genetica_ajuda_a_reduzir_tremor_de_doentes_de_parkinson,301
www.crf-al.org.br/projeto_de_lei_do_teste_da_linguinha_opoe_pediatras_e_fonoaudiologos/,https://institucional.crf-al.org.br/imprensa/noticias/projeto_de_lei_do_teste_da_linguinha_opoe_pediatras_e_fonoaudiologos,301
www.crf-al.org.br/vacina_nasal_contra_coqueluche_tem_sucesso_em_teste_com_humanos/,https://institucional.crf-al.org.br/imprensa/noticias/vacina_nasal_contra_coqueluche_tem_sucesso_em_teste_com_humanos,301
www.crf-al.org.br/franca_autoriza_remedio_para_alivio_da_dor_derivado_da_planta_cannabis/,https://institucional.crf-al.org.br/imprensa/noticias/franca_autoriza_remedio_para_alivio_da_dor_derivado_da_planta_cannabis,301
www.crf-al.org.br/estudo_de_harvard_prova_que_placebo_tem_efeito_de_remedio_para_enxaqueca/,https://institucional.crf-al.org.br/imprensa/noticias/estudo_de_harvard_prova_que_placebo_tem_efeito_de_remedio_para_enxaqueca,301
www.crf-al.org.br/risco_de_morte_por_cancer_cai_20_em_20_anos_nos_eua_aponta_relatorio/,https://institucional.crf-al.org.br/imprensa/noticias/risco_de_morte_por_cancer_cai_20_em_20_anos_nos_eua_aponta_relatorio,301
www.crf-al.org.br/conselho_federal_de_medicina_aprova_nova_tecnica_para_tratar_prostata_aumentada/,https://institucional.crf-al.org.br/imprensa/noticias/conselho_federal_de_medicina_aprova_nova_tecnica_para_tratar_prostata_aumentada,301
www.crf-al.org.br/organizacao_excessiva_que_atrapalha_o_dia_a_dia_pode_ser_sintoma_de_toc/,https://institucional.crf-al.org.br/imprensa/noticias/organizacao_excessiva_que_atrapalha_o_dia_a_dia_pode_ser_sintoma_de_toc,301
www.crf-al.org.br/alagoas_vai_receber_mais_de_r_2_2_mi_para_acoes_do_programa_dst_aids/,https://institucional.crf-al.org.br/imprensa/noticias/alagoas_vai_receber_mais_de_r_2_2_mi_para_acoes_do_programa_dst_aids,301
www.crf-al.org.br/saude_lanca_diretrizes_para_diagnostico_e_tratamento_do_cancer_de_tireoide/,https://institucional.crf-al.org.br/imprensa/noticias/saude_lanca_diretrizes_para_diagnostico_e_tratamento_do_cancer_de_tireoide,301
www.crf-al.org.br/crf_al_retorna_atividades/,https://institucional.crf-al.org.br/imprensa/noticias/crf_al_retorna_atividades,301
www.crf-al.org.br/justica_proibe_a_venda_de_andadores_infantis_em_todo_o_pais/,https://institucional.crf-al.org.br/imprensa/noticias/justica_proibe_a_venda_de_andadores_infantis_em_todo_o_pais,301
www.crf-al.org.br/terapias_geneticas_conseguem_avanco_contra_canceres_do_sangue/,https://institucional.crf-al.org.br/imprensa/noticias/terapias_geneticas_conseguem_avanco_contra_canceres_do_sangue,301
www.crf-al.org.br/reduzir_niveis_de_gordura_no_sangue_continua_fundamental_dizem_medicos/,https://institucional.crf-al.org.br/imprensa/noticias/reduzir_niveis_de_gordura_no_sangue_continua_fundamental_dizem_medicos,301
www.crf-al.org.br/ministerio_da_saude_habilita_74_centros_especializados_em_reabilitacao/,https://institucional.crf-al.org.br/imprensa/noticias/ministerio_da_saude_habilita_74_centros_especializados_em_reabilitacao,301
www.crf-al.org.br/regra_para_venda_de_similar_e_generico_pode_ser_unificada/,https://institucional.crf-al.org.br/imprensa/noticias/regra_para_venda_de_similar_e_generico_pode_ser_unificada,301
www.crf-al.org.br/cientistas_estao_mais_perto_de_pilula_para_homens/,https://institucional.crf-al.org.br/imprensa/noticias/cientistas_estao_mais_perto_de_pilula_para_homens,301
www.crf-al.org.br/oxitocina_melhora_funcao_cerebral_em_criancas_com_autismo_mostra_estudo/,https://institucional.crf-al.org.br/imprensa/noticias/oxitocina_melhora_funcao_cerebral_em_criancas_com_autismo_mostra_estudo,301
www.crf-al.org.br/novartis_usara_tecnologia_pioneira_em_vacina_contra_meningite_b/,https://institucional.crf-al.org.br/imprensa/noticias/novartis_usara_tecnologia_pioneira_em_vacina_contra_meningite_b,301
www.crf-al.org.br/dispositivo_ajuda_a_salvar_bebes_presos_no_canal_de_parto/,https://institucional.crf-al.org.br/imprensa/noticias/dispositivo_ajuda_a_salvar_bebes_presos_no_canal_de_parto,301
www.crf-al.org.br/brasil_tera_teste_de_aids_vendido_em_farmacia/,https://institucional.crf-al.org.br/imprensa/noticias/brasil_tera_teste_de_aids_vendido_em_farmacia,301
www.crf-al.org.br/governo_amplia_oferta_de_antirretrovirais_a_todas_as_pessoas_com_hiv/,https://institucional.crf-al.org.br/imprensa/noticias/governo_amplia_oferta_de_antirretrovirais_a_todas_as_pessoas_com_hiv,301
www.crf-al.org.br/ministerio_estima_em_577_mil_os_novos_casos_de_cancer_no_brasil_em_2014/,https://institucional.crf-al.org.br/imprensa/noticias/ministerio_estima_em_577_mil_os_novos_casos_de_cancer_no_brasil_em_2014,301
www.crf-al.org.br/mexicano_que_passou_por_transplante_de_bracos_faz_reabilitacao_em_hospital/,https://institucional.crf-al.org.br/imprensa/noticias/mexicano_que_passou_por_transplante_de_bracos_faz_reabilitacao_em_hospital,301
www.crf-al.org.br/autopsia_digital_dispensa_bisturi/,https://institucional.crf-al.org.br/imprensa/noticias/autopsia_digital_dispensa_bisturi,301
www.crf-al.org.br/oleos_prometem_reduzir_a_fome_mas_faltam_provas_sobre_os_beneficios/,https://institucional.crf-al.org.br/imprensa/noticias/oleos_prometem_reduzir_a_fome_mas_faltam_provas_sobre_os_beneficios,301
www.crf-al.org.br/vida_sem_germes_pode_explicar_a_chamada/,https://institucional.crf-al.org.br/imprensa/noticias/vida_sem_germes_pode_explicar_a_chamada,301
www.crf-al.org.br/vacina_contra_hpv_e_alvo_de_processo_apos_jovem_relatar_efeitos_colaterais/,https://institucional.crf-al.org.br/imprensa/noticias/vacina_contra_hpv_e_alvo_de_processo_apos_jovem_relatar_efeitos_colaterais,301
www.crf-al.org.br/pesquisadores_da_usp_desenvolvem_coracao_artificial_nacional/,https://institucional.crf-al.org.br/imprensa/noticias/pesquisadores_da_usp_desenvolvem_coracao_artificial_nacional,301
www.crf-al.org.br/cientista_miguel_nicolelis_divulga_primeiras_fotos_de_exoesqueleto/,https://institucional.crf-al.org.br/imprensa/noticias/cientista_miguel_nicolelis_divulga_primeiras_fotos_de_exoesqueleto,301
www.crf-al.org.br/cientistas_questionam_prescricao_preventiva_de_remedios_anticolesterol/,https://institucional.crf-al.org.br/imprensa/noticias/cientistas_questionam_prescricao_preventiva_de_remedios_anticolesterol,301
www.crf-al.org.br/ministerio_da_saude_amplia_cirurgia_para_mudanca_de_sexo/,https://institucional.crf-al.org.br/imprensa/noticias/ministerio_da_saude_amplia_cirurgia_para_mudanca_de_sexo,301
www.crf-al.org.br/duas_vezes_nobel_de_quimica_frederick_sanger_morre_aos_95_anos/,https://institucional.crf-al.org.br/imprensa/noticias/duas_vezes_nobel_de_quimica_frederick_sanger_morre_aos_95_anos,301
www.crf-al.org.br/criancas_sob_risco_de_hiv_devem_fazer_exame_ao_nascer_diz_onu/,https://institucional.crf-al.org.br/imprensa/noticias/criancas_sob_risco_de_hiv_devem_fazer_exame_ao_nascer_diz_onu,301
www.crf-al.org.br/reposicao_de_testosterona_em_forma_de_desodorante_chega_ao_pais/,https://institucional.crf-al.org.br/imprensa/noticias/reposicao_de_testosterona_em_forma_de_desodorante_chega_ao_pais,301
www.crf-al.org.br/droga_promete_a_cura_da_hepatite_c/,https://institucional.crf-al.org.br/imprensa/noticias/droga_promete_a_cura_da_hepatite_c,301
www.crf-al.org.br/pais_tem_682_cidades_em_situacao_de_risco_ou_alerta_para_epidemia_de_dengue/,https://institucional.crf-al.org.br/imprensa/noticias/pais_tem_682_cidades_em_situacao_de_risco_ou_alerta_para_epidemia_de_dengue,301
www.crf-al.org.br/fabricantes_tentam_seduzir_publico_com_cigarro_eletronico/,https://institucional.crf-al.org.br/imprensa/noticias/fabricantes_tentam_seduzir_publico_com_cigarro_eletronico,301
www.crf-al.org.br/produtos_a_base_de_plantas_nem_sempre_sao_o_que_prometem/,https://institucional.crf-al.org.br/imprensa/noticias/produtos_a_base_de_plantas_nem_sempre_sao_o_que_prometem,301
www.crf-al.org.br/estudo_mostra_alto_uso_da_pilula_do_dia_seguinte_entre_jovens/,https://institucional.crf-al.org.br/imprensa/noticias/estudo_mostra_alto_uso_da_pilula_do_dia_seguinte_entre_jovens,301
www.crf-al.org.br/cirurgioes_usarao_impressao_3d_para_reconstruir_rosto_de_paciente/,https://institucional.crf-al.org.br/imprensa/noticias/cirurgioes_usarao_impressao_3d_para_reconstruir_rosto_de_paciente,301
www.crf-al.org.br/celulas_do_olho_podem_ajudar_a_diagnosticar_alzheimer/,https://institucional.crf-al.org.br/imprensa/noticias/celulas_do_olho_podem_ajudar_a_diagnosticar_alzheimer,301
www.crf-al.org.br/usp_pesquisa_anti_inflamatorio_com_menos_efeitos_colaterais/,https://institucional.crf-al.org.br/imprensa/noticias/usp_pesquisa_anti_inflamatorio_com_menos_efeitos_colaterais,301
www.crf-al.org.br/japoneses_criam_metodo_para_detectar_cancer_de_pancreas_pela_saliva/,https://institucional.crf-al.org.br/imprensa/noticias/japoneses_criam_metodo_para_detectar_cancer_de_pancreas_pela_saliva,301
www.crf-al.org.br/dia_mundial_do_diabetes_brasil_ja_e_o_quarto_pais_em_numero_de_casos/,https://institucional.crf-al.org.br/imprensa/noticias/dia_mundial_do_diabetes_brasil_ja_e_o_quarto_pais_em_numero_de_casos,301
www.crf-al.org.br/5o_simposio_de_farmacia_e_analises/,https://institucional.crf-al.org.br/imprensa/noticias/5o_simposio_de_farmacia_e_analises,301
www.crf-al.org.br/novo_anel_intravaginal_pretende_prevenir_hiv_e_gravidez_indesejada/,https://institucional.crf-al.org.br/imprensa/noticias/novo_anel_intravaginal_pretende_prevenir_hiv_e_gravidez_indesejada,301
www.crf-al.org.br/novos_testes_ajudam_a_decidir_se_mulher_com_cancer_de_mama_deve_fazer_quimio/,https://institucional.crf-al.org.br/imprensa/noticias/novos_testes_ajudam_a_decidir_se_mulher_com_cancer_de_mama_deve_fazer_quimio,301
www.crf-al.org.br/cardiologistas_recomendam_medicamentos_preventivos_contra_colesterol/,https://institucional.crf-al.org.br/imprensa/noticias/cardiologistas_recomendam_medicamentos_preventivos_contra_colesterol,301
www.crf-al.org.br/ans_deve_suspender_comercializacao_de_150_planos/,https://institucional.crf-al.org.br/imprensa/noticias/ans_deve_suspender_comercializacao_de_150_planos,301
www.crf-al.org.br/o_crf_al_apoia_o_candidato_joao_xavier_para_diretor_da_esenfar/,https://institucional.crf-al.org.br/imprensa/noticias/o_crf_al_apoia_o_candidato_joao_xavier_para_diretor_da_esenfar,301
www.crf-al.org.br/estado_admite_que_faltam_leitos_para_pacientes_com_cancer_em_alagoas/,https://institucional.crf-al.org.br/imprensa/noticias/estado_admite_que_faltam_leitos_para_pacientes_com_cancer_em_alagoas,301
www.crf-al.org.br/cientistas_identificam_mecanismo_para_regenerar_celulas_nervosas/,https://institucional.crf-al.org.br/imprensa/noticias/cientistas_identificam_mecanismo_para_regenerar_celulas_nervosas,301
www.crf-al.org.br/oms_revela_que_brasil_convive_com_desigualdade_na_assistencia_a_saude/,https://institucional.crf-al.org.br/imprensa/noticias/oms_revela_que_brasil_convive_com_desigualdade_na_assistencia_a_saude,301
www.crf-al.org.br/novo_teste_identifica_risco_de_ataque_cardiaco/,https://institucional.crf-al.org.br/imprensa/noticias/novo_teste_identifica_risco_de_ataque_cardiaco,301
www.crf-al.org.br/vota_farmaceutico/,https://institucional.crf-al.org.br/imprensa/noticias/vota_farmaceutico,301
www.crf-al.org.br/crf_al_realizou_operacao_em_conjunto_com_procon/,https://institucional.crf-al.org.br/imprensa/noticias/crf_al_realizou_operacao_em_conjunto_com_procon,301
www.crf-al.org.br/nalmefeno_e_a_nova_esperanca_na_luta_contra_o_alcoolismo/,https://institucional.crf-al.org.br/imprensa/noticias/nalmefeno_e_a_nova_esperanca_na_luta_contra_o_alcoolismo,301
www.crf-al.org.br/tumor_de_testiculo_tem_maior_incidencia_em_homens_jovens/,https://institucional.crf-al.org.br/imprensa/noticias/tumor_de_testiculo_tem_maior_incidencia_em_homens_jovens,301
www.crf-al.org.br/um_quarto_da_populacao_brasileira_tem_hipertensao_mostra_estudo/,https://institucional.crf-al.org.br/imprensa/noticias/um_quarto_da_populacao_brasileira_tem_hipertensao_mostra_estudo,301
www.crf-al.org.br/estudo_mostra_beneficios_de_tratamento_precoce_contra_hiv/,https://institucional.crf-al.org.br/imprensa/noticias/estudo_mostra_beneficios_de_tratamento_precoce_contra_hiv,301
www.crf-al.org.br/cientistas_do_japao_desenvolvem_tratamento_oral_contra_diabetes_tipo_2/,https://institucional.crf-al.org.br/imprensa/noticias/cientistas_do_japao_desenvolvem_tratamento_oral_contra_diabetes_tipo_2,301
www.crf-al.org.br/rosto_de_jovem_e_reconstruido_apos_ter_sido_implantado_em_seu_peito/,https://institucional.crf-al.org.br/imprensa/noticias/rosto_de_jovem_e_reconstruido_apos_ter_sido_implantado_em_seu_peito,301
www.crf-al.org.br/camara_aprova_obrigatoriedade_do_teste_da_linguinha_para_recem_nascidos/,https://institucional.crf-al.org.br/imprensa/noticias/camara_aprova_obrigatoriedade_do_teste_da_linguinha_para_recem_nascidos,301
www.crf-al.org.br/avancos_no_tratamento_de_lesoes_cerebrais_podem_reduzir_doacoes_de_orgaos/,https://institucional.crf-al.org.br/imprensa/noticias/avancos_no_tratamento_de_lesoes_cerebrais_podem_reduzir_doacoes_de_orgaos,301
www.crf-al.org.br/cientistas_desenvolvem_exame_para_sete_tipos_de_cancer_de_mama/,https://institucional.crf-al.org.br/imprensa/noticias/cientistas_desenvolvem_exame_para_sete_tipos_de_cancer_de_mama,301
www.crf-al.org.br/cientistas_descobrem_mapa_de_resistencia_humana_ao_virus_da_aids/,https://institucional.crf-al.org.br/imprensa/noticias/cientistas_descobrem_mapa_de_resistencia_humana_ao_virus_da_aids,301
www.crf-al.org.br/brasil_vai_exportar_vacina_contra_sarampo_e_rubeola/,https://institucional.crf-al.org.br/imprensa/noticias/brasil_vai_exportar_vacina_contra_sarampo_e_rubeola,301
www.crf-al.org.br/pesquisadores_chineses_anunciam_vacina_contra_gripe_aviaria/,https://institucional.crf-al.org.br/imprensa/noticias/pesquisadores_chineses_anunciam_vacina_contra_gripe_aviaria,301
www.crf-al.org.br/eua_vao_aumentar_controle_sobre_venda_de_analgesicos/,https://institucional.crf-al.org.br/imprensa/noticias/eua_vao_aumentar_controle_sobre_venda_de_analgesicos,301
www.crf-al.org.br/cientistas_ligam_niveis_elevados_de_acucar_no_sangue_a_problemas_de_memoria/,https://institucional.crf-al.org.br/imprensa/noticias/cientistas_ligam_niveis_elevados_de_acucar_no_sangue_a_problemas_de_memoria,301
www.crf-al.org.br/dengue_tipo_5_e_descoberta_apos_analise_de_amostras_colhidas_na_malasia/,https://institucional.crf-al.org.br/imprensa/noticias/dengue_tipo_5_e_descoberta_apos_analise_de_amostras_colhidas_na_malasia,301
www.crf-al.org.br/idosos_doentes_sao_dispensados_de_ir_a_orgaos_publicos/,https://institucional.crf-al.org.br/imprensa/noticias/idosos_doentes_sao_dispensados_de_ir_a_orgaos_publicos,301
www.crf-al.org.br/vacina_brasileira_surge_como_promissor_tratamento_contra_cancer_de_prostata/,https://institucional.crf-al.org.br/imprensa/noticias/vacina_brasileira_surge_como_promissor_tratamento_contra_cancer_de_prostata,301
www.crf-al.org.br/japoneses_criam_aparelho_para_detectar_cancer_de_mama_em_casa/,https://institucional.crf-al.org.br/imprensa/noticias/japoneses_criam_aparelho_para_detectar_cancer_de_mama_em_casa,301
www.crf-al.org.br/cientistas_da_usp_desenvolvem_metodo_para_acelerar_diagnostico_de_leucemia/,https://institucional.crf-al.org.br/imprensa/noticias/cientistas_da_usp_desenvolvem_metodo_para_acelerar_diagnostico_de_leucemia,301
www.crf-al.org.br/lei_que_institui_o_programa_mais_medicos_e_publicada/,https://institucional.crf-al.org.br/imprensa/noticias/lei_que_institui_o_programa_mais_medicos_e_publicada,301
www.crf-al.org.br/resistencia_a_remedios_ameaca_progresso_global_contra_a_tuberculose/,https://institucional.crf-al.org.br/imprensa/noticias/resistencia_a_remedios_ameaca_progresso_global_contra_a_tuberculose,301
www.crf-al.org.br/gordura_saturada_nao_e_a_vila_para_o_coracao_diz_artigo/,https://institucional.crf-al.org.br/imprensa/noticias/gordura_saturada_nao_e_a_vila_para_o_coracao_diz_artigo,301
www.crf-al.org.br/vacinados_contra_gripe_tem_menos_problemas_cardiacos/,https://institucional.crf-al.org.br/imprensa/noticias/vacinados_contra_gripe_tem_menos_problemas_cardiacos,301
www.crf-al.org.br/dilma_sanciona_lei_do_mais_medicos_em_cerimonia_no_planalto/,https://institucional.crf-al.org.br/imprensa/noticias/dilma_sanciona_lei_do_mais_medicos_em_cerimonia_no_planalto,301
www.crf-al.org.br/veja_testes_que_ja_nao_exigem_cobaias_e_aqueles_em_que_sao_necessarias/,https://institucional.crf-al.org.br/imprensa/noticias/veja_testes_que_ja_nao_exigem_cobaias_e_aqueles_em_que_sao_necessarias,301
www.crf-al.org.br/cientistas_fazem_crescer_cabelo_humano_em_ratos/,https://institucional.crf-al.org.br/imprensa/noticias/cientistas_fazem_crescer_cabelo_humano_em_ratos,301
www.crf-al.org.br/planos_de_saude_terao_que_cobrir_37_remedios_orais_contra_cancer_em_2014/,https://institucional.crf-al.org.br/imprensa/noticias/planos_de_saude_terao_que_cobrir_37_remedios_orais_contra_cancer_em_2014,301
www.crf-al.org.br/campanha_pede_reducao_de_impostos_sobre_remedios/,https://institucional.crf-al.org.br/imprensa/noticias/campanha_pede_reducao_de_impostos_sobre_remedios,301
www.crf-al.org.br/impressao_3d_ajuda_medicos_a_planejar_cirurgias_de_coluna_e_fazer_diagnosticos/,https://institucional.crf-al.org.br/imprensa/noticias/impressao_3d_ajuda_medicos_a_planejar_cirurgias_de_coluna_e_fazer_diagnosticos,301
www.crf-al.org.br/estudo_acha_substancia_protetora_contra_alzheimer/,https://institucional.crf-al.org.br/imprensa/noticias/estudo_acha_substancia_protetora_contra_alzheimer,301
www.crf-al.org.br/exame_de_sangue_pode_ajudar_a_detectar_cancer_de_pulmao_afirma_estudo/,https://institucional.crf-al.org.br/imprensa/noticias/exame_de_sangue_pode_ajudar_a_detectar_cancer_de_pulmao_afirma_estudo,301
www.crf-al.org.br/um_terco_dos_usuarios_de_planos_de_saude_recorre_ao_sus_ou_paga_consulta/,https://institucional.crf-al.org.br/imprensa/noticias/um_terco_dos_usuarios_de_planos_de_saude_recorre_ao_sus_ou_paga_consulta,301
www.crf-al.org.br/uso_excessivo_de_tylenol_causa_150_mortes_por_ano_nos_eua_diz_ong/,https://institucional.crf-al.org.br/imprensa/noticias/uso_excessivo_de_tylenol_causa_150_mortes_por_ano_nos_eua_diz_ong,301
www.crf-al.org.br/cirurgia_desenvolvida_em_sp_devolve_erecao_a_homens_que_operaram_a_prostata/,https://institucional.crf-al.org.br/imprensa/noticias/cirurgia_desenvolvida_em_sp_devolve_erecao_a_homens_que_operaram_a_prostata,301
www.crf-al.org.br/medico_sera_investigado_por_superdosagem_de_antibiotico/,https://institucional.crf-al.org.br/imprensa/noticias/medico_sera_investigado_por_superdosagem_de_antibiotico,301
www.crf-al.org.br/efeito_da_talidomida_pode_ter_sido_mais_amplo_do_que_se_supunha_diz_pesquisador/,https://institucional.crf-al.org.br/imprensa/noticias/efeito_da_talidomida_pode_ter_sido_mais_amplo_do_que_se_supunha_diz_pesquisador,301
www.crf-al.org.br/horario_irregular_para_dormir_afeta_desenvolvimento_infantil/,https://institucional.crf-al.org.br/imprensa/noticias/horario_irregular_para_dormir_afeta_desenvolvimento_infantil,301
www.crf-al.org.br/pessoas_com_hiv_poderao_iniciar_terapia_logo_depois_do_diagnostico/,https://institucional.crf-al.org.br/imprensa/noticias/pessoas_com_hiv_poderao_iniciar_terapia_logo_depois_do_diagnostico,301
www.crf-al.org.br/plano_de_trabalho_relata_caos_existente_na_saude_publica_de_maceio/,https://institucional.crf-al.org.br/imprensa/noticias/plano_de_trabalho_relata_caos_existente_na_saude_publica_de_maceio,301
www.crf-al.org.br/brasil_sem_antidoping/,https://institucional.crf-al.org.br/imprensa/noticias/brasil_sem_antidoping,301
www.crf-al.org.br/saiba_mais_sobre_a_incontinencia_urinaria_disturbio_comum_em_mulheres/,https://institucional.crf-al.org.br/imprensa/noticias/saiba_mais_sobre_a_incontinencia_urinaria_disturbio_comum_em_mulheres,301
www.crf-al.org.br/fabricante_de_talidomida_sera_julgada_por_malformacoes_na_espanha/,https://institucional.crf-al.org.br/imprensa/noticias/fabricante_de_talidomida_sera_julgada_por_malformacoes_na_espanha,301
www.crf-al.org.br/veto_presidencial_mantem_inalterado_o_texto_da_lei_federal_no_5_991_73/,https://institucional.crf-al.org.br/imprensa/noticias/veto_presidencial_mantem_inalterado_o_texto_da_lei_federal_no_5_991_73,301
www.crf-al.org.br/nova_descoberta_pode_levar_a_cura_de_alzheimer/,https://institucional.crf-al.org.br/imprensa/noticias/nova_descoberta_pode_levar_a_cura_de_alzheimer,301
www.crf-al.org.br/ccj_do_senado_aprova_proposta_que_destina_50_das_emendas_a_saude/,https://institucional.crf-al.org.br/imprensa/noticias/ccj_do_senado_aprova_proposta_que_destina_50_das_emendas_a_saude,301
www.crf-al.org.br/cientistas_descobrem_por_que_criancas_tem_facilidade_de_aprender_mais_de_uma_lingua/,https://institucional.crf-al.org.br/imprensa/noticias/cientistas_descobrem_por_que_criancas_tem_facilidade_de_aprender_mais_de_uma_lingua,301
www.crf-al.org.br/china_cria_vacina_para_combater_encefalite_japonesa_afirma_oms/,https://institucional.crf-al.org.br/imprensa/noticias/china_cria_vacina_para_combater_encefalite_japonesa_afirma_oms,301
www.crf-al.org.br/dor_fetal_motiva_debate_sobre_aborto/,https://institucional.crf-al.org.br/imprensa/noticias/dor_fetal_motiva_debate_sobre_aborto,301
www.crf-al.org.br/projeto_busca_descobrir_vantagens_do_mapeamento_genetico_para_bebes/,https://institucional.crf-al.org.br/imprensa/noticias/projeto_busca_descobrir_vantagens_do_mapeamento_genetico_para_bebes,301
www.crf-al.org.br/estudo_desafia_consenso_sobre_enjoos/,https://institucional.crf-al.org.br/imprensa/noticias/estudo_desafia_consenso_sobre_enjoos,301
www.crf-al.org.br/vacina_contra_malaria_pode_chegar_ao_mercado_a_partir_de_2015/,https://institucional.crf-al.org.br/imprensa/noticias/vacina_contra_malaria_pode_chegar_ao_mercado_a_partir_de_2015,301
www.crf-al.org.br/palestra_sobre_prescricao_farmaceutica/,https://institucional.crf-al.org.br/imprensa/noticias/palestra_sobre_prescricao_farmaceutica,301
www.crf-al.org.br/projeto_reune_medicos_e_outros_profissionais_da_saude_dispostos_a_doar_horas_de_trabalho/,https://institucional.crf-al.org.br/imprensa/noticias/projeto_reune_medicos_e_outros_profissionais_da_saude_dispostos_a_doar_horas_de_trabalho,301
www.crf-al.org.br/caminhar_reduz_o_risco_de_cancer_de_mama_diz_estudo/,https://institucional.crf-al.org.br/imprensa/noticias/caminhar_reduz_o_risco_de_cancer_de_mama_diz_estudo,301
www.crf-al.org.br/cancelamento_do_curso/,https://institucional.crf-al.org.br/imprensa/noticias/cancelamento_do_curso,301
www.crf-al.org.br/antibiotico_e_indicado_para_60_com_dor_de_garganta_nos_eua_diz_estudo/,https://institucional.crf-al.org.br/imprensa/noticias/antibiotico_e_indicado_para_60_com_dor_de_garganta_nos_eua_diz_estudo,301
www.crf-al.org.br/jornalista_emplaca_estudo_falso_em_publicacoes_de_acesso_aberto/,https://institucional.crf-al.org.br/imprensa/noticias/jornalista_emplaca_estudo_falso_em_publicacoes_de_acesso_aberto,301
www.crf-al.org.br/nota_de_falecimento/,https://institucional.crf-al.org.br/imprensa/noticias/nota_de_falecimento,301
www.crf-al.org.br/estudo_demonstra_que_dano_cerebral_e_comum_apos_cuidados_intensivos/,https://institucional.crf-al.org.br/imprensa/noticias/estudo_demonstra_que_dano_cerebral_e_comum_apos_cuidados_intensivos,301
www.crf-al.org.br/inventor_teme_que_cigarro_eletronico_seja_classificado_como_medicamento/,https://institucional.crf-al.org.br/imprensa/noticias/inventor_teme_que_cigarro_eletronico_seja_classificado_como_medicamento,301
www.crf-al.org.br/america_latina_registra_1a_gravidez_apos_transplante_de_tecido_ovarico/,https://institucional.crf-al.org.br/imprensa/noticias/america_latina_registra_1a_gravidez_apos_transplante_de_tecido_ovarico,301
www.crf-al.org.br/brasileiros_querem_medico_mais_humano_e_que_toque_no_paciente_diz_dilma/,https://institucional.crf-al.org.br/imprensa/noticias/brasileiros_querem_medico_mais_humano_e_que_toque_no_paciente_diz_dilma,301
www.crf-al.org.br/butantan_recruta_50_voluntarios_para_testar_vacina_nacional_da_dengue/,https://institucional.crf-al.org.br/imprensa/noticias/butantan_recruta_50_voluntarios_para_testar_vacina_nacional_da_dengue,301
www.crf-al.org.br/colonoscopia_reduz_em_56_risco_de_morte_por_cancer_de_intestino/,https://institucional.crf-al.org.br/imprensa/noticias/colonoscopia_reduz_em_56_risco_de_morte_por_cancer_de_intestino,301
www.crf-al.org.br/drogas_ficaram_mais_potentes_nos_ultimos_20_anos_diz_estudo/,https://institucional.crf-al.org.br/imprensa/noticias/drogas_ficaram_mais_potentes_nos_ultimos_20_anos_diz_estudo,301
www.crf-al.org.br/hipertensao_e_colesterol_alto_sao_uma_associacao_comum_e_mal_tratada/,https://institucional.crf-al.org.br/imprensa/noticias/hipertensao_e_colesterol_alto_sao_uma_associacao_comum_e_mal_tratada,301
www.crf-al.org.br/implantes_malfeitos_ameacam_testes_com_celulas_tronco/,https://institucional.crf-al.org.br/imprensa/noticias/implantes_malfeitos_ameacam_testes_com_celulas_tronco,301
www.crf-al.org.br/medicos_ficam_satisfeitos_com_nariz_que_cresce_na_testa_de_chines/,https://institucional.crf-al.org.br/imprensa/noticias/medicos_ficam_satisfeitos_com_nariz_que_cresce_na_testa_de_chines,301
www.crf-al.org.br/mais_2_000_cubanos_chegam_ao_pais_esta_semana_para_2a_etapa_do_mais_medicos/,https://institucional.crf-al.org.br/imprensa/noticias/mais_2_000_cubanos_chegam_ao_pais_esta_semana_para_2a_etapa_do_mais_medicos,301
www.crf-al.org.br/correspondencia_a_respeito_das_eleicoes/,https://institucional.crf-al.org.br/imprensa/noticias/correspondencia_a_respeito_das_eleicoes,301
www.crf-al.org.br/cancer_de_prostata_diagnosticado_no_inicio_pode_ter_90_de_chance_de_cura/,https://institucional.crf-al.org.br/imprensa/noticias/cancer_de_prostata_diagnosticado_no_inicio_pode_ter_90_de_chance_de_cura,301
www.crf-al.org.br/efeito_angelina_eleva_procura_por_cirurgia/,https://institucional.crf-al.org.br/imprensa/noticias/efeito_angelina_eleva_procura_por_cirurgia,301
www.crf-al.org.br/como_vive_quem_nao_consegue_memorizar_nenhum_rosto/,https://institucional.crf-al.org.br/imprensa/noticias/como_vive_quem_nao_consegue_memorizar_nenhum_rosto,301
www.crf-al.org.br/ministerio_diz_que_19_dos_registros_medicos_provisorios_foram_entregues/,https://institucional.crf-al.org.br/imprensa/noticias/ministerio_diz_que_19_dos_registros_medicos_provisorios_foram_entregues,301
www.crf-al.org.br/ministerio_publica_diretrizes_sobre_a_pratica_de_eutanasia_em_animais/,https://institucional.crf-al.org.br/imprensa/noticias/ministerio_publica_diretrizes_sobre_a_pratica_de_eutanasia_em_animais,301
www.crf-al.org.br/resolucao_que_preve_prescricao_de_remedio_por_farmaceutico_e_publicada/,https://institucional.crf-al.org.br/imprensa/noticias/resolucao_que_preve_prescricao_de_remedio_por_farmaceutico_e_publicada,301
www.crf-al.org.br/medicos_vao_contestar_na_justica_prescricao_de_remedios_por_farmaceuticos/,https://institucional.crf-al.org.br/imprensa/noticias/medicos_vao_contestar_na_justica_prescricao_de_remedios_por_farmaceuticos,301
www.crf-al.org.br/novos_casos_de_aids_caem_33_desde_2001_diz_relatorio_da_onu/,https://institucional.crf-al.org.br/imprensa/noticias/novos_casos_de_aids_caem_33_desde_2001_diz_relatorio_da_onu,301
www.crf-al.org.br/anvisa_quer_criar_alertas_em_buscas_por_produtos_na_internet/,https://institucional.crf-al.org.br/imprensa/noticias/anvisa_quer_criar_alertas_em_buscas_por_produtos_na_internet,301
www.crf-al.org.br/farmaceutico_podera_prescrever_remedios_vendidos_sem_receita/,https://institucional.crf-al.org.br/imprensa/noticias/farmaceutico_podera_prescrever_remedios_vendidos_sem_receita,301
www.crf-al.org.br/proteinas_que_controlam_visao_tem_papel_no_alzheimer/,https://institucional.crf-al.org.br/imprensa/noticias/proteinas_que_controlam_visao_tem_papel_no_alzheimer,301
www.crf-al.org.br/cfm_orienta_conselhos_regionais_a_autorizar_registros_do_mais_medicos/,https://institucional.crf-al.org.br/imprensa/noticias/cfm_orienta_conselhos_regionais_a_autorizar_registros_do_mais_medicos,301
www.crf-al.org.br/metodos_alternativos_prometem_reduzir_custo_de_fertilizacao_in_vitro/,https://institucional.crf-al.org.br/imprensa/noticias/metodos_alternativos_prometem_reduzir_custo_de_fertilizacao_in_vitro,301
www.crf-al.org.br/governo_amplia_faixa_etaria_de_vacinacao_contra_hpv/,https://institucional.crf-al.org.br/imprensa/noticias/governo_amplia_faixa_etaria_de_vacinacao_contra_hpv,301
www.crf-al.org.br/brasil_tem_370_mil_usuarios_regulares_de_crack_nas_capitais_aponta_fiocruz/,https://institucional.crf-al.org.br/imprensa/noticias/brasil_tem_370_mil_usuarios_regulares_de_crack_nas_capitais_aponta_fiocruz,301
www.crf-al.org.br/estudo_mostra_forma_para_melhorar_producao_de_celulas_tronco/,https://institucional.crf-al.org.br/imprensa/noticias/estudo_mostra_forma_para_melhorar_producao_de_celulas_tronco,301
www.crf-al.org.br/exercicios_previnem_problemas_de_saude_apos_a_menopausa_diz_unesp/,https://institucional.crf-al.org.br/imprensa/noticias/exercicios_previnem_problemas_de_saude_apos_a_menopausa_diz_unesp,301
www.crf-al.org.br/videogame_pode_se_tornar_aliado_no_tratamento_do_tdah_mostra_estudo/,https://institucional.crf-al.org.br/imprensa/noticias/videogame_pode_se_tornar_aliado_no_tratamento_do_tdah_mostra_estudo,301
www.crf-al.org.br/governo_do_rio_confirma_tres_casos_de_pacientes_detectados_com_superbacteria/,https://institucional.crf-al.org.br/imprensa/noticias/governo_do_rio_confirma_tres_casos_de_pacientes_detectados_com_superbacteria,301
www.crf-al.org.br/pesquisa_mostra_que_33_dos_pais_nao_falam_com_filhos_sobre_alcool/,https://institucional.crf-al.org.br/imprensa/noticias/pesquisa_mostra_que_33_dos_pais_nao_falam_com_filhos_sobre_alcool,301
www.crf-al.org.br/moradores_farao_festa_para_receber_profissionais_cubanos/,https://institucional.crf-al.org.br/imprensa/noticias/moradores_farao_festa_para_receber_profissionais_cubanos,301
www.crf-al.org.br/governo_inclui_vacina_contra_coqueluche_para_gravidas_na_rede_publica/,https://institucional.crf-al.org.br/imprensa/noticias/governo_inclui_vacina_contra_coqueluche_para_gravidas_na_rede_publica,301
www.crf-al.org.br/droga_para_cancer_de_mama_pode_ser_1a_usada_antes_de_cirurgia_de_remocao/,https://institucional.crf-al.org.br/imprensa/noticias/droga_para_cancer_de_mama_pode_ser_1a_usada_antes_de_cirurgia_de_remocao,301
www.crf-al.org.br/sus_incorpora_novos_tratamentos_para_doenca_falciforme_e_espondilite/,https://institucional.crf-al.org.br/imprensa/noticias/sus_incorpora_novos_tratamentos_para_doenca_falciforme_e_espondilite,301
www.crf-al.org.br/fabricantes_de_medicamentos_continuos_terao_que_informar_fim_de_producao/,https://institucional.crf-al.org.br/imprensa/noticias/fabricantes_de_medicamentos_continuos_terao_que_informar_fim_de_producao,301
www.crf-al.org.br/senado_aprova_projeto_que_proibe_venda_de_cigarro_em_supermercado/,https://institucional.crf-al.org.br/imprensa/noticias/senado_aprova_projeto_que_proibe_venda_de_cigarro_em_supermercado,301
www.crf-al.org.br/carpinteiro_usa_impressao_3d_para_fazer_proteses_a_pessoas_amputadas/,https://institucional.crf-al.org.br/imprensa/noticias/carpinteiro_usa_impressao_3d_para_fazer_proteses_a_pessoas_amputadas,301
www.crf-al.org.br/sus_tera_mais_um_medicamento_para_tratamento_da_psoriase/,https://institucional.crf-al.org.br/imprensa/noticias/sus_tera_mais_um_medicamento_para_tratamento_da_psoriase,301
www.crf-al.org.br/74_da_populacao_e_favoravel_a_vinda_de_medicos_estrangeiros_diz_pesquisa/,https://institucional.crf-al.org.br/imprensa/noticias/74_da_populacao_e_favoravel_a_vinda_de_medicos_estrangeiros_diz_pesquisa,301
www.crf-al.org.br/saude_altera_sistema_de_registro_das_autorizacoes_de_internacao/,https://institucional.crf-al.org.br/imprensa/noticias/saude_altera_sistema_de_registro_das_autorizacoes_de_internacao,301
www.crf-al.org.br/sus_perdeu_12_7_mil_leitos_enquanto_rede_privada_ganhou_13_4_mil_diz_cfm/,https://institucional.crf-al.org.br/imprensa/noticias/sus_perdeu_12_7_mil_leitos_enquanto_rede_privada_ganhou_13_4_mil_diz_cfm,301
www.crf-al.org.br/veto_a_aditivos_de_cigarro_e_alvo_de_disputa_judicial_entre_governo_e_industria/,https://institucional.crf-al.org.br/imprensa/noticias/veto_a_aditivos_de_cigarro_e_alvo_de_disputa_judicial_entre_governo_e_industria,301
www.crf-al.org.br/polipilula_contra_infarto_aumenta_aderencia_a_tratamento_diz_estudo/,https://institucional.crf-al.org.br/imprensa/noticias/polipilula_contra_infarto_aumenta_aderencia_a_tratamento_diz_estudo,301
www.crf-al.org.br/flora_intestinal_e_determinante_para_excesso_de_peso_reforca_pesquisa/,https://institucional.crf-al.org.br/imprensa/noticias/flora_intestinal_e_determinante_para_excesso_de_peso_reforca_pesquisa,301
www.crf-al.org.br/cientistas_combatem_cancer_com_virus_de_gripe/,https://institucional.crf-al.org.br/imprensa/noticias/cientistas_combatem_cancer_com_virus_de_gripe,301
www.crf-al.org.br/ministerio_da_tolerancia_de_10_dias_para_medicos_se_apresentarem/,https://institucional.crf-al.org.br/imprensa/noticias/ministerio_da_tolerancia_de_10_dias_para_medicos_se_apresentarem,301
www.crf-al.org.br/confirmada_a_primeira_morte_por_gripe_a_h1n1_no_amazonas/,https://institucional.crf-al.org.br/imprensa/noticias/confirmada_a_primeira_morte_por_gripe_a_h1n1_no_amazonas,301
www.crf-al.org.br/em_estudo_videogame_aprimora_funcoes_mentais_de_idosos/,https://institucional.crf-al.org.br/imprensa/noticias/em_estudo_videogame_aprimora_funcoes_mentais_de_idosos,301
www.crf-al.org.br/sono_aumenta_numero_de_celulas_no_cerebro_diz_estudo/,https://institucional.crf-al.org.br/imprensa/noticias/sono_aumenta_numero_de_celulas_no_cerebro_diz_estudo,301
www.crf-al.org.br/estudo_descarta_risco_de_malaria_em_criancas_que_ingerem_ferro/,https://institucional.crf-al.org.br/imprensa/noticias/estudo_descarta_risco_de_malaria_em_criancas_que_ingerem_ferro,301
www.crf-al.org.br/de_acordo_com_a_resolucao_no_494_de_26_de_novembro_de_2008_a_nova_carteira_dos_farmaceuticos_tera_chip_com_dados_e_impressao_digital_a_partir_do_dia_09_09_2013/,https://institucional.crf-al.org.br/imprensa/noticias/de_acordo_com_a_resolucao_no_494_de_26_de_novembro_de_2008_a_nova_carteira_dos_farmaceuticos_tera_chip_com_dados_e_impressao_digital_a_partir_do_dia_09_09_2013,301
www.crf-al.org.br/medicos_desenvolvem_impressoras_de_tecidos_e_cartilagens/,https://institucional.crf-al.org.br/imprensa/noticias/medicos_desenvolvem_impressoras_de_tecidos_e_cartilagens,301
www.crf-al.org.br/possivel_boicote_ao_mais_medicos_e_perversidade_inimaginavel_diz_padilha/,https://institucional.crf-al.org.br/imprensa/noticias/possivel_boicote_ao_mais_medicos_e_perversidade_inimaginavel_diz_padilha,301
www.crf-al.org.br/norte_e_nordeste_vao_receber_364_dos_400_medicos_cubanos/,https://institucional.crf-al.org.br/imprensa/noticias/norte_e_nordeste_vao_receber_364_dos_400_medicos_cubanos,301
www.crf-al.org.br/dengue_faz_femea_do_mosquito_ficar_tres_vezes_mais_sedenta_de_sangue/,https://institucional.crf-al.org.br/imprensa/noticias/dengue_faz_femea_do_mosquito_ficar_tres_vezes_mais_sedenta_de_sangue,301
www.crf-al.org.br/remedio_experimental_para_o_coracao_mostrou_se_efetivo_em_diversos_grupos/,https://institucional.crf-al.org.br/imprensa/noticias/remedio_experimental_para_o_coracao_mostrou_se_efetivo_em_diversos_grupos,301
www.crf-al.org.br/brasileiros_do_mais_medicos_assinam_contratos_e_estao_aptos_a_trabalhar/,https://institucional.crf-al.org.br/imprensa/noticias/brasileiros_do_mais_medicos_assinam_contratos_e_estao_aptos_a_trabalhar,301
www.crf-al.org.br/sus_passa_a_oferecer_vacina_contra_catapora_para_criancas_de_15_meses/,https://institucional.crf-al.org.br/imprensa/noticias/sus_passa_a_oferecer_vacina_contra_catapora_para_criancas_de_15_meses,301
www.crf-al.org.br/cientistas_criam_microcerebros_com_celulas_tronco_para_estudar_doencas/,https://institucional.crf-al.org.br/imprensa/noticias/cientistas_criam_microcerebros_com_celulas_tronco_para_estudar_doencas,301
www.crf-al.org.br/estudo_sugere_que_perda_de_memoria_por_idade_pode_ser_reversivel/,https://institucional.crf-al.org.br/imprensa/noticias/estudo_sugere_que_perda_de_memoria_por_idade_pode_ser_reversivel,301
www.crf-al.org.br/indice_de_fumantes_no_brasil_cai_20_em_seis_anos_diz_pesquisa/,https://institucional.crf-al.org.br/imprensa/noticias/indice_de_fumantes_no_brasil_cai_20_em_seis_anos_diz_pesquisa,301
www.crf-al.org.br/pesquisadores_britanicos_acreditam_que_brocolis_pode_reduzir_o_avanco_da_artrose/,https://institucional.crf-al.org.br/imprensa/noticias/pesquisadores_britanicos_acreditam_que_brocolis_pode_reduzir_o_avanco_da_artrose,301
www.crf-al.org.br/bebida/,https://institucional.crf-al.org.br/imprensa/noticias/bebida,301
www.crf-al.org.br/grupo_que_bate_o_ponto_sem_trabalhar_no_rj_tambem_tem_medicos_politicos/,https://institucional.crf-al.org.br/imprensa/noticias/grupo_que_bate_o_ponto_sem_trabalhar_no_rj_tambem_tem_medicos_politicos,301
www.crf-al.org.br/extrato_de_cafe_e_outros_aditivos_sao_liberados_pela_anvisa_em_cigarros/,https://institucional.crf-al.org.br/imprensa/noticias/extrato_de_cafe_e_outros_aditivos_sao_liberados_pela_anvisa_em_cigarros,301
www.crf-al.org.br/falta_de_estudo_dos_pais_afeta_diretamente_em_mortalidade_infantil/,https://institucional.crf-al.org.br/imprensa/noticias/falta_de_estudo_dos_pais_afeta_diretamente_em_mortalidade_infantil,301
www.crf-al.org.br/chega_ao_pais_teste_de_paternidade_feito_durante_a_gestacao/,https://institucional.crf-al.org.br/imprensa/noticias/chega_ao_pais_teste_de_paternidade_feito_durante_a_gestacao,301
www.crf-al.org.br/estudo_propoe_tecnica_para_detectar_cancer_de_ovario_em_estagio_precoce/,https://institucional.crf-al.org.br/imprensa/noticias/estudo_propoe_tecnica_para_detectar_cancer_de_ovario_em_estagio_precoce,301
www.crf-al.org.br/cientistas_belgas_descobrem_possivel_cura_para_doenca_do_sono/,https://institucional.crf-al.org.br/imprensa/noticias/cientistas_belgas_descobrem_possivel_cura_para_doenca_do_sono,301
www.crf-al.org.br/medicos_pedem_tratamento_individualizado_para_diabeticos/,https://institucional.crf-al.org.br/imprensa/noticias/medicos_pedem_tratamento_individualizado_para_diabeticos,301
www.crf-al.org.br/medicos_estrangeiros_chegam_ao_brasil_nesta_sexta_feira_24/,https://institucional.crf-al.org.br/imprensa/noticias/medicos_estrangeiros_chegam_ao_brasil_nesta_sexta_feira_24,301
www.crf-al.org.br/mortalidade_por_aids_no_pais_cai_12_em_10_anos/,https://institucional.crf-al.org.br/imprensa/noticias/mortalidade_por_aids_no_pais_cai_12_em_10_anos,301
www.crf-al.org.br/novo_tratamento_e_promissor_contra_doenca_de_crohn_e_colite_ulcerosa/,https://institucional.crf-al.org.br/imprensa/noticias/novo_tratamento_e_promissor_contra_doenca_de_crohn_e_colite_ulcerosa,301
www.crf-al.org.br/sp_produzira_mais_remedios_para_o_sus_com_parceria_publico_privada_inedita/,https://institucional.crf-al.org.br/imprensa/noticias/sp_produzira_mais_remedios_para_o_sus_com_parceria_publico_privada_inedita,301
www.crf-al.org.br/absorvente_intimo_que_pode_ser_usado_em_relacoes_sexuais_chega_ao_brasil/,https://institucional.crf-al.org.br/imprensa/noticias/absorvente_intimo_que_pode_ser_usado_em_relacoes_sexuais_chega_ao_brasil,301
www.crf-al.org.br/senado_proibe_venda_de_refrigerantes_e_alimentos_gordurosos_nas_escolas/,https://institucional.crf-al.org.br/imprensa/noticias/senado_proibe_venda_de_refrigerantes_e_alimentos_gordurosos_nas_escolas,301
www.crf-al.org.br/empresario_lanca_servico_de_autopsia_digital_no_reino_unido/,https://institucional.crf-al.org.br/imprensa/noticias/empresario_lanca_servico_de_autopsia_digital_no_reino_unido,301
www.crf-al.org.br/hospital_da_alemanha_realiza_cirurgia_de_figado_com_auxilio_de_tablet/,https://institucional.crf-al.org.br/imprensa/noticias/hospital_da_alemanha_realiza_cirurgia_de_figado_com_auxilio_de_tablet,301
www.crf-al.org.br/app_para_bebe_nao_tem_valor_didatico_e_pode_ser_prejudicial_diz_grupo_dos_eua/,https://institucional.crf-al.org.br/imprensa/noticias/app_para_bebe_nao_tem_valor_didatico_e_pode_ser_prejudicial_diz_grupo_dos_eua,301
www.crf-al.org.br/governo_envia_ao_congresso_adendo_a_lei_do_ato_medico/,https://institucional.crf-al.org.br/imprensa/noticias/governo_envia_ao_congresso_adendo_a_lei_do_ato_medico,301
www.crf-al.org.br/estudo_prova_que_ronco_pode_ser_eliminado_com_exercicios_de_canto/,https://institucional.crf-al.org.br/imprensa/noticias/estudo_prova_que_ronco_pode_ser_eliminado_com_exercicios_de_canto,301
www.crf-al.org.br/ans_anuncia_nova_suspensao_de_212_planos_de_saude_de_21_operadoras/,https://institucional.crf-al.org.br/imprensa/noticias/ans_anuncia_nova_suspensao_de_212_planos_de_saude_de_21_operadoras,301
www.crf-al.org.br/doencas_do_seculo_19_ainda_sao_desafios_para_a_saude_publica/,https://institucional.crf-al.org.br/imprensa/noticias/doencas_do_seculo_19_ainda_sao_desafios_para_a_saude_publica,301
www.crf-al.org.br/hanseniase_diminuiu_por_aumento_de_resistencia_dos_humanos_mostra_estudo/,https://institucional.crf-al.org.br/imprensa/noticias/hanseniase_diminuiu_por_aumento_de_resistencia_dos_humanos_mostra_estudo,301
www.crf-al.org.br/ministerio_da_saude_abre_inscricoes_para_segunda_etapa_do_mais_medicos/,https://institucional.crf-al.org.br/imprensa/noticias/ministerio_da_saude_abre_inscricoes_para_segunda_etapa_do_mais_medicos,301
www.crf-al.org.br/dor_na_coluna_pode_ser_causada_por_erros_de_postura_saiba_como_evitar/,https://institucional.crf-al.org.br/imprensa/noticias/dor_na_coluna_pode_ser_causada_por_erros_de_postura_saiba_como_evitar,301
www.crf-al.org.br/roche_desiste_de_patente_na_india_para_remedio_contra_cancer_de_mama/,https://institucional.crf-al.org.br/imprensa/noticias/roche_desiste_de_patente_na_india_para_remedio_contra_cancer_de_mama,301
www.crf-al.org.br/droga_reduz_risco_de_cancer_de_prostata_mas_e_alvo_de_criticas/,https://institucional.crf-al.org.br/imprensa/noticias/droga_reduz_risco_de_cancer_de_prostata_mas_e_alvo_de_criticas,301
www.crf-al.org.br/tecnica_mede_consciencia_em_pacientes_com_dano_cerebral/,https://institucional.crf-al.org.br/imprensa/noticias/tecnica_mede_consciencia_em_pacientes_com_dano_cerebral,301
www.crf-al.org.br/estudo_encontra_origens_comuns_a_diferentes_tipos_de_cancer/,https://institucional.crf-al.org.br/imprensa/noticias/estudo_encontra_origens_comuns_a_diferentes_tipos_de_cancer,301
www.crf-al.org.br/estudo_mostra_que_acucar_mesmo_em_doses_consideradas_normais_pode_fazer_mal_a_saude/,https://institucional.crf-al.org.br/imprensa/noticias/estudo_mostra_que_acucar_mesmo_em_doses_consideradas_normais_pode_fazer_mal_a_saude,301
www.crf-al.org.br/filho_de_mae_obesa_tem_risco_35_maior_de_morrer_mais_jovem/,https://institucional.crf-al.org.br/imprensa/noticias/filho_de_mae_obesa_tem_risco_35_maior_de_morrer_mais_jovem,301
www.crf-al.org.br/primeiro_mes_do_mais_medicos_tem_1_096_profissionais_brasileiros_e_522_do_exterior/,https://institucional.crf-al.org.br/imprensa/noticias/primeiro_mes_do_mais_medicos_tem_1_096_profissionais_brasileiros_e_522_do_exterior,301
www.crf-al.org.br/anvisa_publica_novas_regras_para_medicamentos_em_teste/,https://institucional.crf-al.org.br/imprensa/noticias/anvisa_publica_novas_regras_para_medicamentos_em_teste,301
www.crf-al.org.br/remedio_do_futuro_avisa_medico_quando_e_ingerido_por_paciente/,https://institucional.crf-al.org.br/imprensa/noticias/remedio_do_futuro_avisa_medico_quando_e_ingerido_por_paciente,301
www.crf-al.org.br/revisitar_lugares_que_trazem_boas_memorias_ajuda_a_relaxar_segundo_pesquisas/,https://institucional.crf-al.org.br/imprensa/noticias/revisitar_lugares_que_trazem_boas_memorias_ajuda_a_relaxar_segundo_pesquisas,301
www.crf-al.org.br/consumo_em_excesso_de_certos_alimentos_aumenta_o_risco_de_cancer/,https://institucional.crf-al.org.br/imprensa/noticias/consumo_em_excesso_de_certos_alimentos_aumenta_o_risco_de_cancer,301
www.crf-al.org.br/ibge_comeca_nesta_segunda_coleta_para_pesquisa_nacional_de_saude/,https://institucional.crf-al.org.br/imprensa/noticias/ibge_comeca_nesta_segunda_coleta_para_pesquisa_nacional_de_saude,301
www.crf-al.org.br/termina_nesta_segunda_feira_o_prazo_de_homologacao_no_mais_medicos/,https://institucional.crf-al.org.br/imprensa/noticias/termina_nesta_segunda_feira_o_prazo_de_homologacao_no_mais_medicos,301
www.crf-al.org.br/pesquisa_aponta_relacao_entre_gene_que_causa_cancer_e_autismo/,https://institucional.crf-al.org.br/imprensa/noticias/pesquisa_aponta_relacao_entre_gene_que_causa_cancer_e_autismo,301
www.crf-al.org.br/feliz_dia_dos_pais/,https://institucional.crf-al.org.br/imprensa/noticias/feliz_dia_dos_pais,301
www.crf-al.org.br/carpete_pelos_de_animais_e_perfume_estao_entre_os_principais_viloes_da_rinite_alergica/,https://institucional.crf-al.org.br/imprensa/noticias/carpete_pelos_de_animais_e_perfume_estao_entre_os_principais_viloes_da_rinite_alergica,301
www.crf-al.org.br/estrangeiros_que_atenderam_no_sus_avaliam_desafios_do_mais_medicos/,https://institucional.crf-al.org.br/imprensa/noticias/estrangeiros_que_atenderam_no_sus_avaliam_desafios_do_mais_medicos,301
www.crf-al.org.br/vacina_experimental_contra_malaria_imita_picada_de_mosquito/,https://institucional.crf-al.org.br/imprensa/noticias/vacina_experimental_contra_malaria_imita_picada_de_mosquito,301
www.crf-al.org.br/chocolate_pode_prevenir_declinio_da_memoria/,https://institucional.crf-al.org.br/imprensa/noticias/chocolate_pode_prevenir_declinio_da_memoria,301
www.crf-al.org.br/crise_economica_cria_superavit_de_tapas_e_gritos_em_casa/,https://institucional.crf-al.org.br/imprensa/noticias/crise_economica_cria_superavit_de_tapas_e_gritos_em_casa,301
www.crf-al.org.br/mulheres_que_amamentam_tem_menor_risco_de_alzheimer_indica_estudo/,https://institucional.crf-al.org.br/imprensa/noticias/mulheres_que_amamentam_tem_menor_risco_de_alzheimer_indica_estudo,301
www.crf-al.org.br/equipamento_promete_melhorar_diagnostico_do_cancer_de_pele/,https://institucional.crf-al.org.br/imprensa/noticias/equipamento_promete_melhorar_diagnostico_do_cancer_de_pele,301
www.crf-al.org.br/gordura_saturada_em_excesso_afeta_o_cerebro_e_pode_diminuir_a_saciedade/,https://institucional.crf-al.org.br/imprensa/noticias/gordura_saturada_em_excesso_afeta_o_cerebro_e_pode_diminuir_a_saciedade,301
www.crf-al.org.br/nova_gripe_aviaria_tem_episodio_de_transmissao_entre_humanos/,https://institucional.crf-al.org.br/imprensa/noticias/nova_gripe_aviaria_tem_episodio_de_transmissao_entre_humanos,301
www.crf-al.org.br/pesquisadores_vao_testar_vacina_brasileira_contra_aids_em_macacos/,https://institucional.crf-al.org.br/imprensa/noticias/pesquisadores_vao_testar_vacina_brasileira_contra_aids_em_macacos,301
www.crf-al.org.br/uti_pode_desencadear_estresse_pos_traumatico_revela_estudo/,https://institucional.crf-al.org.br/imprensa/noticias/uti_pode_desencadear_estresse_pos_traumatico_revela_estudo,301
www.crf-al.org.br/mobilizacao_pede_atualizacao_da_tabela_do_sus_para_exames_laboratoriais/,https://institucional.crf-al.org.br/imprensa/noticias/mobilizacao_pede_atualizacao_da_tabela_do_sus_para_exames_laboratoriais,301
www.crf-al.org.br/teste_molecular_que_preve_risco_de_tumor_voltar_recebe_premio/,https://institucional.crf-al.org.br/imprensa/noticias/teste_molecular_que_preve_risco_de_tumor_voltar_recebe_premio,301
www.crf-al.org.br/substancia_encontrada_na_laranja_combate_a_ansiedade_diz_pesquisa/,https://institucional.crf-al.org.br/imprensa/noticias/substancia_encontrada_na_laranja_combate_a_ansiedade_diz_pesquisa,301
www.crf-al.org.br/transtorno_bipolar_atinge_4_dos_adultos_saiba_mais_sobre_a_doenca/,https://institucional.crf-al.org.br/imprensa/noticias/transtorno_bipolar_atinge_4_dos_adultos_saiba_mais_sobre_a_doenca,301
www.crf-al.org.br/atualizacao_de_cadastros/,https://institucional.crf-al.org.br/imprensa/noticias/atualizacao_de_cadastros,301
www.crf-al.org.br/lei_que_da_pilula_do_dia_seguinte_a_vitimas_de_estupro_e_publicada/,https://institucional.crf-al.org.br/imprensa/noticias/lei_que_da_pilula_do_dia_seguinte_a_vitimas_de_estupro_e_publicada,301
www.crf-al.org.br/mioma_pode_provocar_sangramento_colica_e_dificuldade_para_engravidar/,https://institucional.crf-al.org.br/imprensa/noticias/mioma_pode_provocar_sangramento_colica_e_dificuldade_para_engravidar,301
www.crf-al.org.br/al_registra_maior_taxa_de_mortalidade_infantil_do_pais_e_sc_menor_diz_ibge/,https://institucional.crf-al.org.br/imprensa/noticias/al_registra_maior_taxa_de_mortalidade_infantil_do_pais_e_sc_menor_diz_ibge,301
www.crf-al.org.br/anvisa_libera_aditivos_ao_cigarro_que_nao_afetam_sabor_e_cheiro/,https://institucional.crf-al.org.br/imprensa/noticias/anvisa_libera_aditivos_ao_cigarro_que_nao_afetam_sabor_e_cheiro,301
www.crf-al.org.br/governo_publica_e_suspende_portaria_sobre_mudanca_de_sexo_em_menos_de_24h/,https://institucional.crf-al.org.br/imprensa/noticias/governo_publica_e_suspende_portaria_sobre_mudanca_de_sexo_em_menos_de_24h,301
www.crf-al.org.br/mae_cria_sistema_pedagogico_para_filho_autista/,https://institucional.crf-al.org.br/imprensa/noticias/mae_cria_sistema_pedagogico_para_filho_autista,301
www.crf-al.org.br/padilha_critica_protesto_de_profissionais_de_saude_contra_o_mais_medicos/,https://institucional.crf-al.org.br/imprensa/noticias/padilha_critica_protesto_de_profissionais_de_saude_contra_o_mais_medicos,301
www.crf-al.org.br/semana_mundial_de_aleitamento_materno_comeca_nesta_quinta_feira/,https://institucional.crf-al.org.br/imprensa/noticias/semana_mundial_de_aleitamento_materno_comeca_nesta_quinta_feira,301
www.crf-al.org.br/dor_no_estomago_que_te_faz_acordar_a_noite_deve_ser_avaliada_pelo_medico/,https://institucional.crf-al.org.br/imprensa/noticias/dor_no_estomago_que_te_faz_acordar_a_noite_deve_ser_avaliada_pelo_medico,301
www.crf-al.org.br/coracao_artificial_usa_tecido_bovino/,https://institucional.crf-al.org.br/imprensa/noticias/coracao_artificial_usa_tecido_bovino,301
www.crf-al.org.br/farmaceuticas_tentam_conquistar_mercado_chines_a_todo_custo/,https://institucional.crf-al.org.br/imprensa/noticias/farmaceuticas_tentam_conquistar_mercado_chines_a_todo_custo,301
www.crf-al.org.br/cientistas_dizem_estar_perto_de_criar_exame_de_sangue_para_alzheimer/,https://institucional.crf-al.org.br/imprensa/noticias/cientistas_dizem_estar_perto_de_criar_exame_de_sangue_para_alzheimer,301
www.crf-al.org.br/ate_73_dos_erros_cometidos_em_hospitais_no_pais_sao_evitaveis/,https://institucional.crf-al.org.br/imprensa/noticias/ate_73_dos_erros_cometidos_em_hospitais_no_pais_sao_evitaveis,301
www.crf-al.org.br/para_agencia_europeia_novos_remedios_contra_diabetes_nao_aumentam_risco_ao_pancreas/,https://institucional.crf-al.org.br/imprensa/noticias/para_agencia_europeia_novos_remedios_contra_diabetes_nao_aumentam_risco_ao_pancreas,301
www.crf-al.org.br/abusar_do_sal_prejudica_a_visao_alerta_especialista/,https://institucional.crf-al.org.br/imprensa/noticias/abusar_do_sal_prejudica_a_visao_alerta_especialista,301
www.crf-al.org.br/pesquisa_descobre_falha_genetica_que_pode_levar_a_uma_serie_de_alergias/,https://institucional.crf-al.org.br/imprensa/noticias/pesquisa_descobre_falha_genetica_que_pode_levar_a_uma_serie_de_alergias,301
www.crf-al.org.br/nanotecnologia_devera_revolucionar_tratamentos/,https://institucional.crf-al.org.br/imprensa/noticias/nanotecnologia_devera_revolucionar_tratamentos,301
www.crf-al.org.br/plano_de_saude_podera_subir_ate_9_04/,https://institucional.crf-al.org.br/imprensa/noticias/plano_de_saude_podera_subir_ate_9_04,301
www.crf-al.org.br/projetos_para_tentar_evitar_ataques_de_tubarao_esbarram_na_burocracia/,https://institucional.crf-al.org.br/imprensa/noticias/projetos_para_tentar_evitar_ataques_de_tubarao_esbarram_na_burocracia,301
www.crf-al.org.br/vacinar_meninos_contra_hpv_tem_papel_crucial_na_prevencao_diz_estudo/,https://institucional.crf-al.org.br/imprensa/noticias/vacinar_meninos_contra_hpv_tem_papel_crucial_na_prevencao_diz_estudo,301
www.crf-al.org.br/convocacao_sindfal/,https://institucional.crf-al.org.br/imprensa/noticias/convocacao_sindfal,301
www.crf-al.org.br/pesquisador_testa_hormonio_para_substituir_cirurgia_de_reducao_do_estomago/,https://institucional.crf-al.org.br/imprensa/noticias/pesquisador_testa_hormonio_para_substituir_cirurgia_de_reducao_do_estomago,301
www.crf-al.org.br/bafometros/,https://institucional.crf-al.org.br/imprensa/noticias/bafometros,301
www.crf-al.org.br/quatro_a_cada_cinco_pessoas_com_melanoma_sao_curadas/,https://institucional.crf-al.org.br/imprensa/noticias/quatro_a_cada_cinco_pessoas_com_melanoma_sao_curadas,301
www.crf-al.org.br/estudos_recentes_trazem_esperanca_para_o_enfrentamento_do_alzheimer/,https://institucional.crf-al.org.br/imprensa/noticias/estudos_recentes_trazem_esperanca_para_o_enfrentamento_do_alzheimer,301
www.crf-al.org.br/beber_agua_ajuda_a_aumentar_a_concentracao/,https://institucional.crf-al.org.br/imprensa/noticias/beber_agua_ajuda_a_aumentar_a_concentracao,301
www.crf-al.org.br/bisturi_inteligente_pode_identificar_tecidos_cancerosos/,https://institucional.crf-al.org.br/imprensa/noticias/bisturi_inteligente_pode_identificar_tecidos_cancerosos,301
www.crf-al.org.br/cientistas_silenciam_cromossomo_que_causa_sindrome_de_down/,https://institucional.crf-al.org.br/imprensa/noticias/cientistas_silenciam_cromossomo_que_causa_sindrome_de_down,301
www.crf-al.org.br/eleicoes_para_o_crf_al/,https://institucional.crf-al.org.br/imprensa/noticias/eleicoes_para_o_crf_al,301
www.crf-al.org.br/estudante_cria_aplicativo_para_detectar_primeiros_sinais_de_cancer_de_mama/,https://institucional.crf-al.org.br/imprensa/noticias/estudante_cria_aplicativo_para_detectar_primeiros_sinais_de_cancer_de_mama,301
www.crf-al.org.br/deficientes_encaram_estigma_do_sexo/,https://institucional.crf-al.org.br/imprensa/noticias/deficientes_encaram_estigma_do_sexo,301
www.crf-al.org.br/dormir_poucas_horas_por_dia_pode_encurtar_tempo_de_vida/,https://institucional.crf-al.org.br/imprensa/noticias/dormir_poucas_horas_por_dia_pode_encurtar_tempo_de_vida,301
www.crf-al.org.br/autoridades_encontram_arsenico_em_erva_medicinal_vendida_na_suecia/,https://institucional.crf-al.org.br/imprensa/noticias/autoridades_encontram_arsenico_em_erva_medicinal_vendida_na_suecia,301
www.crf-al.org.br/vacina_contra_hpv_tambem_e_recomendada_para_homens_homossexuais/,https://institucional.crf-al.org.br/imprensa/noticias/vacina_contra_hpv_tambem_e_recomendada_para_homens_homossexuais,301
www.crf-al.org.br/ultimos_dias_para_opinar_sobre_autorizacao_de_funcionamento/,https://institucional.crf-al.org.br/imprensa/noticias/ultimos_dias_para_opinar_sobre_autorizacao_de_funcionamento,301
www.crf-al.org.br/estudo_associa_refrigerantes_biscoitos_e_salgadinhos_ao_cancer_intestinal/,https://institucional.crf-al.org.br/imprensa/noticias/estudo_associa_refrigerantes_biscoitos_e_salgadinhos_ao_cancer_intestinal,301
www.crf-al.org.br/perspectiva_de_tratamento_farmacologico_para_autismo_e_vista_com_ceticismo/,https://institucional.crf-al.org.br/imprensa/noticias/perspectiva_de_tratamento_farmacologico_para_autismo_e_vista_com_ceticismo,301
www.crf-al.org.br/teste_avalia_droga_contra_doenca_genetica_similar_ao_autismo/,https://institucional.crf-al.org.br/imprensa/noticias/teste_avalia_droga_contra_doenca_genetica_similar_ao_autismo,301
www.crf-al.org.br/anvisa_abre_consulta_publica_sobre_insumos_farmaceuticos/,https://institucional.crf-al.org.br/imprensa/noticias/anvisa_abre_consulta_publica_sobre_insumos_farmaceuticos,301
www.crf-al.org.br/normas_da_anvisa_sao_tema_de_audiencia_publica/,https://institucional.crf-al.org.br/imprensa/noticias/normas_da_anvisa_sao_tema_de_audiencia_publica,301
www.crf-al.org.br/site_da_droga_raia_ganha_premio_pela_qualidade_do_comercio_eletronico/,https://institucional.crf-al.org.br/imprensa/noticias/site_da_droga_raia_ganha_premio_pela_qualidade_do_comercio_eletronico,301
www.crf-al.org.br/senado_aprova_projeto_do_ato_medico/,https://institucional.crf-al.org.br/imprensa/noticias/senado_aprova_projeto_do_ato_medico,301
www.crf-al.org.br/tribunal_libera_venda_de_medicamento_do_grupo_ems/,https://institucional.crf-al.org.br/imprensa/noticias/tribunal_libera_venda_de_medicamento_do_grupo_ems,301
www.crf-al.org.br/johnson_johnson_e_notificada_apos_recall_de_anticoncepcional/,https://institucional.crf-al.org.br/imprensa/noticias/johnson_johnson_e_notificada_apos_recall_de_anticoncepcional,301
www.crf-al.org.br/encontro_discute_aspectos_tecnicos_de_medicamentos_biologicos/,https://institucional.crf-al.org.br/imprensa/noticias/encontro_discute_aspectos_tecnicos_de_medicamentos_biologicos,301
www.crf-al.org.br/neo_quimica_moderniza_embalagens/,https://institucional.crf-al.org.br/imprensa/noticias/neo_quimica_moderniza_embalagens,301
www.crf-al.org.br/medicamento_experimental_para_artrite_se_mostra_eficaz/,https://institucional.crf-al.org.br/imprensa/noticias/medicamento_experimental_para_artrite_se_mostra_eficaz,301
www.crf-al.org.br/grandes_redes_de_farmacias_movimentam_r_8_76_bi_no_1o_quadrimestre/,https://institucional.crf-al.org.br/imprensa/noticias/grandes_redes_de_farmacias_movimentam_r_8_76_bi_no_1o_quadrimestre,301
www.crf-al.org.br/anvisa_anula_concurso_e_candidatos_terao_de_refazer_prova/,https://institucional.crf-al.org.br/imprensa/noticias/anvisa_anula_concurso_e_candidatos_terao_de_refazer_prova,301
www.crf-al.org.br/farmaceutica-alagoana-tem-projeto-escolhido-para-participar-forum-latino-americano/,https://institucional.crf-al.org.br/imprensa/noticias/farmaceutica-alagoana-tem-projeto-escolhido-para-participar-forum-latino-americano,301
www.crf-al.org.br/editalcercrfal-no-0022017-candidatura-apresentadas/,https://institucional.crf-al.org.br/imprensa/noticias/editalcercrfal-no-0022017-candidatura-apresentadas,301
www.crf-al.org.br/crfal-se-solidariza-com-crfgo-pelo-desrespeito-profissao-farmaceutica/,https://institucional.crf-al.org.br/imprensa/noticias/crfal-se-solidariza-com-crfgo-pelo-desrespeito-profissao-farmaceutica,301
www.crf-al.org.br/em-arapiraca-farmacia-realiza-testes-de-glicemia-e-afericao-de-pressao/,https://institucional.crf-al.org.br/imprensa/noticias/em-arapiraca-farmacia-realiza-testes-de-glicemia-e-afericao-de-pressao,301
www.crf-al.org.br/drogaria-promove-acao-de-combate-hepatite-em-batalha/,https://institucional.crf-al.org.br/imprensa/noticias/drogaria-promove-acao-de-combate-hepatite-em-batalha,301
www.crf-al.org.br/prescricao-farmaceutica-em-homeopaticos-e-tema-de-curso-no-proximo-sabado/,https://institucional.crf-al.org.br/imprensa/noticias/prescricao-farmaceutica-em-homeopaticos-e-tema-de-curso-no-proximo-sabado,301
www.crf-al.org.br/penedo-recebe-visita-da-diretoria-do-crfal-para-reuniao-plenaria-e-palestra-sobre-fiscalizacao/,https://institucional.crf-al.org.br/imprensa/noticias/penedo-recebe-visita-da-diretoria-do-crfal-para-reuniao-plenaria-e-palestra-sobre-fiscalizacao,301
www.crf-al.org.br/crfal-realizacao-acao-de-combate-ao-diabetes-em-maceio/,https://institucional.crf-al.org.br/imprensa/noticias/crfal-realizacao-acao-de-combate-ao-diabetes-em-maceio,301
www.crf-al.org.br/projeto-farmacia-viva-apoiado-pelo-crfal-concorre-ao-selo-unicef/,https://institucional.crf-al.org.br/imprensa/noticias/projeto-farmacia-viva-apoiado-pelo-crfal-concorre-ao-selo-unicef,301
www.crf-al.org.br/presidente-do-crfal-recebe-comenda-mauricio-de-nassau/,https://institucional.crf-al.org.br/imprensa/noticias/presidente-do-crfal-recebe-comenda-mauricio-de-nassau,301
www.crf-al.org.br/presidente-do-crfal-apresenta-realidade-farmaceutica-de-alagoas-em-conferencia-de-saude/,https://institucional.crf-al.org.br/imprensa/noticias/presidente-do-crfal-apresenta-realidade-farmaceutica-de-alagoas-em-conferencia-de-saude,301
www.crf-al.org.br/arapiraca-crfal-em-parceria-com-a-vigilancia-sanitaria-realiza-curso-para-farmaceuticos/,https://institucional.crf-al.org.br/imprensa/noticias/arapiraca-crfal-em-parceria-com-a-vigilancia-sanitaria-realiza-curso-para-farmaceuticos,301
www.crf-al.org.br/crfal-sedia-i-workshop-areas-de-atuacao-farmaceutica/,https://institucional.crf-al.org.br/imprensa/noticias/crfal-sedia-i-workshop-areas-de-atuacao-farmaceutica,301
www.crf-al.org.br/crfal-participa-de-mesa-de-abertura-do-i-ciclo-de-palestra-sobre-o-papel-do-farmaceutico-no-tratamento-oncologico/,https://institucional.crf-al.org.br/imprensa/noticias/crfal-participa-de-mesa-de-abertura-do-i-ciclo-de-palestra-sobre-o-papel-do-farmaceutico-no-tratamento-oncologico,301
www.crf-al.org.br/justica-federal-indefere-pedidos-de-tecnicos-de-farmacia-para-venda-de-medicamentos/,https://institucional.crf-al.org.br/imprensa/noticias/justica-federal-indefere-pedidos-de-tecnicos-de-farmacia-para-venda-de-medicamentos,301
www.crf-al.org.br/outubro-rosa-crfal-apoia-essa-causa/,https://institucional.crf-al.org.br/imprensa/noticias/outubro-rosa-crfal-apoia-essa-causa,301
www.crf-al.org.br/trf-5o-reformula-decisao-e-determina-a-presenca-de-farmaceutico-em-hospital/,https://institucional.crf-al.org.br/imprensa/noticias/trf-5o-reformula-decisao-e-determina-a-presenca-de-farmaceutico-em-hospital,301
www.crf-al.org.br/dia-do-farmaceutico-acao-na-praia-da-pajucara-atende-mais-de-200-pessoas/,https://institucional.crf-al.org.br/imprensa/noticias/dia-do-farmaceutico-acao-na-praia-da-pajucara-atende-mais-de-200-pessoas,301
www.crf-al.org.br/solenidade-premia-11-profissionais-que-se-destacaram-em-2016/,https://institucional.crf-al.org.br/imprensa/noticias/solenidade-premia-11-profissionais-que-se-destacaram-em-2016,301
www.crf-al.org.br/natal-solidario-farmaceutico-faz-entrega-de-brinquedos-em-instituicoes-de-caridade/,https://institucional.crf-al.org.br/imprensa/noticias/natal-solidario-farmaceutico-faz-entrega-de-brinquedos-em-instituicoes-de-caridade,301
www.crf-al.org.br/crfal-faz-doacao-de-182-fraldas-para-lar-de-idosos-em-arapiraca/,https://institucional.crf-al.org.br/imprensa/noticias/crfal-faz-doacao-de-182-fraldas-para-lar-de-idosos-em-arapiraca,301
www.crf-al.org.br/crfal-fecha-mais-uma-parceria-2017-tera-novos-cursos-de-pos-graduacao/,https://institucional.crf-al.org.br/imprensa/noticias/crfal-fecha-mais-uma-parceria-2017-tera-novos-cursos-de-pos-graduacao,301
www.crf-al.org.br/pagamento-de-anuidades-ferramenta-crf-web-sofre-mudancas/,https://institucional.crf-al.org.br/imprensa/noticias/pagamento-de-anuidades-ferramenta-crf-web-sofre-mudancas,301
www.crf-al.org.br/presenca-de-farmaceutico-em-hospitais-ajuda-a-reduzir-erros-em-ambiente-hospitalar/,https://institucional.crf-al.org.br/imprensa/noticias/presenca-de-farmaceutico-em-hospitais-ajuda-a-reduzir-erros-em-ambiente-hospitalar,301
www.crf-al.org.br/1201-2/,https://institucional.crf-al.org.br/imprensa/noticias/1201-2,301
www.crf-al.org.br/medicamentos-genericos-tem-tratamento-eficaz-garante-presidente-em-exercicio-do-crf-al-robert-nicacio/,https://institucional.crf-al.org.br/imprensa/noticias/medicamentos-genericos-tem-tratamento-eficaz-garante-presidente-em-exercicio-do-crf-al-robert-nicacio,301
www.crf-al.org.br/farmaceuticos-orientam-populacao-sobre-prevencao-ao-cancer-de-pele/,https://institucional.crf-al.org.br/imprensa/noticias/farmaceuticos-orientam-populacao-sobre-prevencao-ao-cancer-de-pele,301
www.crf-al.org.br/farmaceutico-palmeirense-realiza-60-atendimentos-farmaceuticos-mensalmente/,https://institucional.crf-al.org.br/imprensa/noticias/farmaceutico-palmeirense-realiza-60-atendimentos-farmaceuticos-mensalmente,301
www.crf-al.org.br/comissao-de-ensino-do-crfal-se-reune-e-define-estrategias-de-atuacao-para-2017/,https://institucional.crf-al.org.br/imprensa/noticias/comissao-de-ensino-do-crfal-se-reune-e-define-estrategias-de-atuacao-para-2017,301
www.crf-al.org.br/camara-tecnica-se-reune-em-arapiraca-e-passa-informes-para-farmaceuticos/,https://institucional.crf-al.org.br/imprensa/noticias/camara-tecnica-se-reune-em-arapiraca-e-passa-informes-para-farmaceuticos,301
www.crf-al.org.br/profissoes-da-saude-se-reunem-para-definir-estrategias-em-relacao-ao-ead-na-graduacao/,https://institucional.crf-al.org.br/imprensa/noticias/profissoes-da-saude-se-reunem-para-definir-estrategias-em-relacao-ao-ead-na-graduacao,301
www.crf-al.org.br/representantes-do-crfal-participam-de-discussao-de-ead-para-cursos-de-saude/,https://institucional.crf-al.org.br/imprensa/noticias/representantes-do-crfal-participam-de-discussao-de-ead-para-cursos-de-saude,301
www.crf-al.org.br/semana-da-mulher-crfal-mostra-atuacao-feminina-no-mercado-farmaceutico/,https://institucional.crf-al.org.br/imprensa/noticias/semana-da-mulher-crfal-mostra-atuacao-feminina-no-mercado-farmaceutico,301
www.crf-al.org.br/oncologia-acompanhamento-do-paciente-e-feito-pela-farmaceutica-rafaela-ribeiro/,https://institucional.crf-al.org.br/imprensa/noticias/oncologia-acompanhamento-do-paciente-e-feito-pela-farmaceutica-rafaela-ribeiro,301
www.crf-al.org.br/crfal-promove-manha-de-beleza-em-comemoracao-ao-dia-da-mulher/,https://institucional.crf-al.org.br/imprensa/noticias/crfal-promove-manha-de-beleza-em-comemoracao-ao-dia-da-mulher,301
www.crf-al.org.br/farmaceutica-se-preocupa-com-uso-racional-de-medicamentos/,https://institucional.crf-al.org.br/imprensa/noticias/farmaceutica-se-preocupa-com-uso-racional-de-medicamentos,301
www.crf-al.org.br/no-servico-publico-o-farmaceutico-atua-desde-a-logistica-ate-a-atencao-basica/,https://institucional.crf-al.org.br/imprensa/noticias/no-servico-publico-o-farmaceutico-atua-desde-a-logistica-ate-a-atencao-basica,301
www.crf-al.org.br/presidente-do-crfal-participa-do-encontro-norte-nordeste-e-centro-oeste-dos-conselhos-de-farmacia/,https://institucional.crf-al.org.br/imprensa/noticias/presidente-do-crfal-participa-do-encontro-norte-nordeste-e-centro-oeste-dos-conselhos-de-farmacia,301
www.crf-al.org.br/farmacia-magistral-e-a-paixao-de-priscilla-fonseca/,https://institucional.crf-al.org.br/imprensa/noticias/farmacia-magistral-e-a-paixao-de-priscilla-fonseca,301
www.crf-al.org.br/crfal-faz-entrega-de-carteiras-a-novos-profissionais/,https://institucional.crf-al.org.br/imprensa/noticias/crfal-faz-entrega-de-carteiras-a-novos-profissionais,301
www.crf-al.org.br/workshop-farmaceutico-apresentou-diversas-areas-de-atuacao-profissional/,https://institucional.crf-al.org.br/imprensa/noticias/workshop-farmaceutico-apresentou-diversas-areas-de-atuacao-profissional,301
www.crf-al.org.br/eleicao-rene-gondim-disputa-vaga-em-comissoes-de-conselho-estadual-de-saude/,https://institucional.crf-al.org.br/imprensa/noticias/eleicao-rene-gondim-disputa-vaga-em-comissoes-de-conselho-estadual-de-saude,301
www.crf-al.org.br/diretoria-do-crfal-participa-de-reuniao-anual-em-brasilia/,https://institucional.crf-al.org.br/imprensa/noticias/diretoria-do-crfal-participa-de-reuniao-anual-em-brasilia,301
www.crf-al.org.br/thayse-cabral-escolheu-o-segmento-de-logistica-e-distribuicao-para-atuar-como-farmaceutica/,https://institucional.crf-al.org.br/imprensa/noticias/thayse-cabral-escolheu-o-segmento-de-logistica-e-distribuicao-para-atuar-como-farmaceutica,301
www.crf-al.org.br/nota-de-pesar/,https://institucional.crf-al.org.br/imprensa/noticias/nota-de-pesar,301
www.crf-al.org.br/crfal-e-sindfal-orientam-farmaceuticos-a-nao-fazer-contrato-de-prestacao-de-servico/,https://institucional.crf-al.org.br/imprensa/noticias/crfal-e-sindfal-orientam-farmaceuticos-a-nao-fazer-contrato-de-prestacao-de-servico,301
www.crf-al.org.br/cff-lanca-edital-do-premio-jayme-torres-2017/,https://institucional.crf-al.org.br/imprensa/noticias/cff-lanca-edital-do-premio-jayme-torres-2017,301
www.crf-al.org.br/conselhos-de-farmacia-defendem-regulamentacao-dos-servicos-de-vacinacao-em-farmacias/,https://institucional.crf-al.org.br/imprensa/noticias/conselhos-de-farmacia-defendem-regulamentacao-dos-servicos-de-vacinacao-em-farmacias,301
www.crf-al.org.br/nota-de-condolencias/,https://institucional.crf-al.org.br/imprensa/noticias/nota-de-condolencias,301
www.crf-al.org.br/ismp-brasil-elogia-parceria-do-crfal-um-conselho-consciente-e-preocupado-com-o-paciente/,https://institucional.crf-al.org.br/imprensa/noticias/ismp-brasil-elogia-parceria-do-crfal-um-conselho-consciente-e-preocupado-com-o-paciente,301
www.crf-al.org.br/presidente-do-crfal-participa-de-mesa-de-abertura-de-oficina-farmaceutica-na-ufal/,https://institucional.crf-al.org.br/imprensa/noticias/presidente-do-crfal-participa-de-mesa-de-abertura-de-oficina-farmaceutica-na-ufal,301
www.crf-al.org.br/crfal-deseja-um-feliz-dia-das-maes-para-todas-as-farmaceuticas-alagoanas/,https://institucional.crf-al.org.br/imprensa/noticias/crfal-deseja-um-feliz-dia-das-maes-para-todas-as-farmaceuticas-alagoanas,301
www.crf-al.org.br/farmaceutico-e-importante-no-tratamento-de-doencas-reumatologicas/,https://institucional.crf-al.org.br/imprensa/noticias/farmaceutico-e-importante-no-tratamento-de-doencas-reumatologicas,301
www.crf-al.org.br/crfal-firma-parceria-com-plataforma-engenharia-para-beneficiar-farmaceuticos/,https://institucional.crf-al.org.br/imprensa/noticias/crfal-firma-parceria-com-plataforma-engenharia-para-beneficiar-farmaceuticos,301
www.crf-al.org.br/emagrecimento-e-suplementacao-foram-temas-de-palestra-para-farmaceuticos-do-interior/,https://institucional.crf-al.org.br/imprensa/noticias/emagrecimento-e-suplementacao-foram-temas-de-palestra-para-farmaceuticos-do-interior,301
www.crf-al.org.br/camara-tecnica-de-arapiraca-se-reune-para-discutir-acoes-na-regiao-agreste-e-sertao/,https://institucional.crf-al.org.br/imprensa/noticias/camara-tecnica-de-arapiraca-se-reune-para-discutir-acoes-na-regiao-agreste-e-sertao,301
www.crf-al.org.br/farmaceuticos-atendem-mais-de-190-pessoas-em-acao-de-combate-e-prevencao-a-hipertensao-arterial-em-maceio/,https://institucional.crf-al.org.br/imprensa/noticias/farmaceuticos-atendem-mais-de-190-pessoas-em-acao-de-combate-e-prevencao-a-hipertensao-arterial-em-maceio,301
www.crf-al.org.br/presidente-do-crfal-participa-de-solenidade-de-abertura-de-simposio-sobre-toxicologia/,https://institucional.crf-al.org.br/imprensa/noticias/presidente-do-crfal-participa-de-solenidade-de-abertura-de-simposio-sobre-toxicologia,301
www.crf-al.org.br/curso-traz-um-novo-olhar-para-cuidado-farmaceutico-ao-paciente/,https://institucional.crf-al.org.br/imprensa/noticias/curso-traz-um-novo-olhar-para-cuidado-farmaceutico-ao-paciente,301
www.crf-al.org.br/presidente-do-crfal-se-reune-com-deputado-estadual-rodrigo-cunha/,https://institucional.crf-al.org.br/imprensa/noticias/presidente-do-crfal-se-reune-com-deputado-estadual-rodrigo-cunha,301
www.crf-al.org.br/sociedade-brasileira-de-farmacia-hospitalar-traz-curso-de-atualizacao-para-alagoas/,https://institucional.crf-al.org.br/imprensa/noticias/sociedade-brasileira-de-farmacia-hospitalar-traz-curso-de-atualizacao-para-alagoas,301
www.crf-al.org.br/automocao-trouxe-refinamento-para-os-processos-de-analises-clinicas-afirma-a-farmaceutica-flavia-soares/,https://institucional.crf-al.org.br/imprensa/noticias/automocao-trouxe-refinamento-para-os-processos-de-analises-clinicas-afirma-a-farmaceutica-flavia-soares,301
www.crf-al.org.br/crfal-recebe-doacoes-para-desabrigados-da-chuvas/,https://institucional.crf-al.org.br/imprensa/noticias/crfal-recebe-doacoes-para-desabrigados-da-chuvas,301
www.crf-al.org.br/crfal-orienta-cerca-de-250-alunos-sobre-o-uso-racional-de-medicamentos/,https://institucional.crf-al.org.br/imprensa/noticias/crfal-orienta-cerca-de-250-alunos-sobre-o-uso-racional-de-medicamentos,301
www.crf-al.org.br/nota-oficial-sobre-realizacao-do-concurso-publico/,https://institucional.crf-al.org.br/imprensa/noticias/nota-oficial-sobre-realizacao-do-concurso-publico,301
www.crf-al.org.br/empreendedorismo-sera-tema-do-i-congresso-brasileiro-de-ciencias-farmaceutica/,https://institucional.crf-al.org.br/imprensa/noticias/empreendedorismo-sera-tema-do-i-congresso-brasileiro-de-ciencias-farmaceutica,301
www.crf-al.org.br/crfal-participa-de-encontro-norte-nordeste-de-fiscalizacao/,https://institucional.crf-al.org.br/imprensa/noticias/crfal-participa-de-encontro-norte-nordeste-de-fiscalizacao,301
www.crf-al.org.br/crfal-fecha-parceria-com-instituto-racine-para-capacitacao-profissional/,https://institucional.crf-al.org.br/imprensa/noticias/crfal-fecha-parceria-com-instituto-racine-para-capacitacao-profissional,301
www.crf-al.org.br/farmaceutico-conversa-com-medicos-sobre-uso-racional-de-medicamentos/,https://institucional.crf-al.org.br/imprensa/noticias/farmaceutico-conversa-com-medicos-sobre-uso-racional-de-medicamentos,301
www.crf-al.org.br/diretor-do-procon-maceio-elogia-parceria-com-crfal-em-acao-no-benedito-bentes-ii/,https://institucional.crf-al.org.br/imprensa/noticias/diretor-do-procon-maceio-elogia-parceria-com-crfal-em-acao-no-benedito-bentes-ii,301
www.crf-al.org.br/best-dating-sites/,https://institucional.crf-al.org.br/imprensa/noticias/best-dating-sites,301
www.crf-al.org.br/teste-definitivo/,https://institucional.crf-al.org.br/imprensa/noticias/teste-definitivo,301
www.crf-al.org.br/2074-2/,https://institucional.crf-al.org.br/imprensa/noticias/2074-2,301
www.crf-al.org.br/welcome-to-wordpress/,https://institucional.crf-al.org.br/imprensa/noticias/welcome-to-wordpress,301
www.crf-al.org.br/this-is-your-first-post/,https://institucional.crf-al.org.br/imprensa/noticias/this-is-your-first-post,301
www.crf-al.org.br/roin-sodales-risus-nec-nisl/,https://institucional.crf-al.org.br/imprensa/noticias/roin-sodales-risus-nec-nisl,301
www.crf-al.org.br/quite-de-energia-fotovoltaico/,https://institucional.crf-al.org.br/imprensa/noticias/quite-de-energia-fotovoltaico,301
www.crf-al.org.br/fusce-nec-laoreet-mi-id-bibendum-tortor-pellentesque-augue/,https://institucional.crf-al.org.br/imprensa/noticias/fusce-nec-laoreet-mi-id-bibendum-tortor-pellentesque-augue,301
www.crf-al.org.br/maecenas-quis-ullamcorper-lectus-nec-lobortis-tellus/,https://institucional.crf-al.org.br/imprensa/noticias/maecenas-quis-ullamcorper-lectus-nec-lobortis-tellus,301
www.crf-al.org.br/lorem-ipsum-dolor-sit-amet-consectetur-adipiscing-elit/,https://institucional.crf-al.org.br/imprensa/noticias/lorem-ipsum-dolor-sit-amet-consectetur-adipiscing-elit,301
www.crf-al.org.br/ola-mundo/,https://institucional.crf-al.org.br/imprensa/noticias/ola-mundo,301
