www.crf-al.org.br/requerimentos/,https://institucional.crf-al.org.br/servicos/requerimentos,301
www.crf-al.org.br/requerimentos,https://institucional.crf-al.org.br/servicos/requerimentos,301
www.crf-al.org.br/login/,https://crfal-emcasa.cisantec.com.br/crf-em-casa/login.jsf,301
www.crf-al.org.br/login,https://crfal-emcasa.cisantec.com.br/crf-em-casa/login.jsf,301
www.crf-al.org.br/teste_da_glicemia_capilar_e_importante_para_o_tratamento_de_pacientes_diabeticos_saiba_mais/,https://institucional.crf-al.org.br/imprensa/noticias/teste_da_glicemia_capilar_e_importante_para_o_tratamento_de_pacientes_diabeticos_saiba_mais,301
www.crf-al.org.br/teste_da_glicemia_capilar_e_importante_para_o_tratamento_de_pacientes_diabeticos_saiba_mais,https://institucional.crf-al.org.br/imprensa/noticias/teste_da_glicemia_capilar_e_importante_para_o_tratamento_de_pacientes_diabeticos_saiba_mais,301
www.crf-al.org.br/alem_de_combater_infeccoes_alho_pode_ajudar_a_proteger_o_coracao/,https://institucional.crf-al.org.br/imprensa/noticias/alem_de_combater_infeccoes_alho_pode_ajudar_a_proteger_o_coracao,301
www.crf-al.org.br/alem_de_combater_infeccoes_alho_pode_ajudar_a_proteger_o_coracao,https://institucional.crf-al.org.br/imprensa/noticias/alem_de_combater_infeccoes_alho_pode_ajudar_a_proteger_o_coracao,301
www.crf-al.org.br/aloe-vera-ajuda-emagrecer/,https://institucional.crf-al.org.br/imprensa/noticias/aloe-vera-ajuda-emagrecer,301
www.crf-al.org.br/aloe-vera-ajuda-emagrecer,https://institucional.crf-al.org.br/imprensa/noticias/aloe-vera-ajuda-emagrecer,301
www.crf-al.org.br/na_drogaria_balancos_mensal_trimestral_e_anual/,https://institucional.crf-al.org.br/imprensa/noticias/na_drogaria_balancos_mensal_trimestral_e_anual,301
www.crf-al.org.br/na_drogaria_balancos_mensal_trimestral_e_anual,https://institucional.crf-al.org.br/imprensa/noticias/na_drogaria_balancos_mensal_trimestral_e_anual,301
www.crf-al.org.br/antibiotico_pode_causar_disfuncoes_neurologicas/,https://institucional.crf-al.org.br/imprensa/noticias/antibiotico_pode_causar_disfuncoes_neurologicas,301
www.crf-al.org.br/antibiotico_pode_causar_disfuncoes_neurologicas,https://institucional.crf-al.org.br/imprensa/noticias/antibiotico_pode_causar_disfuncoes_neurologicas,301
www.crf-al.org.br/annita-sem-comprovacao-cientifica-crfal-alerta-para-o-risco-da-automedicacao/,https://institucional.crf-al.org.br/imprensa/noticias/annita-sem-comprovacao-cientifica-crfal-alerta-para-o-risco-da-automedicacao,301
www.crf-al.org.br/annita-sem-comprovacao-cientifica-crfal-alerta-para-o-risco-da-automedicacao,https://institucional.crf-al.org.br/imprensa/noticias/annita-sem-comprovacao-cientifica-crfal-alerta-para-o-risco-da-automedicacao,301
www.crf-al.org.br/piso-salarial-de-farmaceutico-do-comercio-varejista-sofre-reajuste-de-45/,https://institucional.crf-al.org.br/imprensa/noticias/piso-salarial-de-farmaceutico-do-comercio-varejista-sofre-reajuste-de-45,301
www.crf-al.org.br/piso-salarial-de-farmaceutico-do-comercio-varejista-sofre-reajuste-de-45,https://institucional.crf-al.org.br/imprensa/noticias/piso-salarial-de-farmaceutico-do-comercio-varejista-sofre-reajuste-de-45,301
www.crf-al.org.br/28-cursos-de-farmacia-sao-avaliados-com-nota-maxima-no-enade/,https://institucional.crf-al.org.br/imprensa/noticias/28-cursos-de-farmacia-sao-avaliados-com-nota-maxima-no-enade,301
www.crf-al.org.br/28-cursos-de-farmacia-sao-avaliados-com-nota-maxima-no-enade,https://institucional.crf-al.org.br/imprensa/noticias/28-cursos-de-farmacia-sao-avaliados-com-nota-maxima-no-enade,301
www.crf-al.org.br/na_drogaria_dispensacao_de_antimicrobianos/,https://institucional.crf-al.org.br/imprensa/noticias/na_drogaria_dispensacao_de_antimicrobianos,301
www.crf-al.org.br/na_drogaria_dispensacao_de_antimicrobianos,https://institucional.crf-al.org.br/imprensa/noticias/na_drogaria_dispensacao_de_antimicrobianos,301
www.crf-al.org.br/novo_exame_de_sangue_detecta_cancer_10_anos_antes_dos_primeiros_sintomas/,https://institucional.crf-al.org.br/imprensa/noticias/novo_exame_de_sangue_detecta_cancer_10_anos_antes_dos_primeiros_sintomas,301
www.crf-al.org.br/novo_exame_de_sangue_detecta_cancer_10_anos_antes_dos_primeiros_sintomas,https://institucional.crf-al.org.br/imprensa/noticias/novo_exame_de_sangue_detecta_cancer_10_anos_antes_dos_primeiros_sintomas,301
www.crf-al.org.br/fale-conosco/,https://institucional.crf-al.org.br/contato,301
www.crf-al.org.br/fale-conosco,https://institucional.crf-al.org.br/contato,301
www.crf-al.org.br/empregos-crfal-disponibiliza-ferramenta-para-cadastro-de-curriculo/,https://institucional.crf-al.org.br/imprensa/noticias/empregos-crfal-disponibiliza-ferramenta-para-cadastro-de-curriculo,301
www.crf-al.org.br/empregos-crfal-disponibiliza-ferramenta-para-cadastro-de-curriculo,https://institucional.crf-al.org.br/imprensa/noticias/empregos-crfal-disponibiliza-ferramenta-para-cadastro-de-curriculo,301
www.crf-al.org.br/ache-um-farmaceutico/,https://institucional.crf-al.org.br/contato,301
www.crf-al.org.br/ache-um-farmaceutico,https://institucional.crf-al.org.br/contato,301
www.crf-al.org.br/cff-cria-grupos-no-whatsapp-e-telegram-para-divulgacao-de-noticias/,https://institucional.crf-al.org.br/imprensa/noticias/cff-cria-grupos-no-whatsapp-e-telegram-para-divulgacao-de-noticias,301
www.crf-al.org.br/cff-cria-grupos-no-whatsapp-e-telegram-para-divulgacao-de-noticias,https://institucional.crf-al.org.br/imprensa/noticias/cff-cria-grupos-no-whatsapp-e-telegram-para-divulgacao-de-noticias,301
www.crf-al.org.br/anuidade-2025-ja-disponivel-pelo-crf-em-casa/,https://institucional.crf-al.org.br/imprensa/noticias/anuidade-2025-ja-disponivel-pelo-crf-em-casa,301
www.crf-al.org.br/anuidade-2025-ja-disponivel-pelo-crf-em-casa,https://institucional.crf-al.org.br/imprensa/noticias/anuidade-2025-ja-disponivel-pelo-crf-em-casa,301
www.crf-al.org.br/farmacia-comunitaria-um-centro-de-educacao-para-a-promocao-da-saude-e-qualidade-de-vida/,https://institucional.crf-al.org.br/imprensa/noticias/farmacia-comunitaria-um-centro-de-educacao-para-a-promocao-da-saude-e-qualidade-de-vida,301
www.crf-al.org.br/farmacia-comunitaria-um-centro-de-educacao-para-a-promocao-da-saude-e-qualidade-de-vida,https://institucional.crf-al.org.br/imprensa/noticias/farmacia-comunitaria-um-centro-de-educacao-para-a-promocao-da-saude-e-qualidade-de-vida,301
www.crf-al.org.br/vitamina_b3_usada_para_reduzir_colesterol_traz_risco_de_morte/,https://institucional.crf-al.org.br/imprensa/noticias/vitamina_b3_usada_para_reduzir_colesterol_traz_risco_de_morte,301
www.crf-al.org.br/vitamina_b3_usada_para_reduzir_colesterol_traz_risco_de_morte,https://institucional.crf-al.org.br/imprensa/noticias/vitamina_b3_usada_para_reduzir_colesterol_traz_risco_de_morte,301
www.crf-al.org.br/fiscalizacao/,https://institucional.crf-al.org.br/fiscalizacao,301
www.crf-al.org.br/fiscalizacao,https://institucional.crf-al.org.br/fiscalizacao,301
www.crf-al.org.br/morre_aos_95_o_farmaceutico_dr_paulo_queiroz_marques/,https://institucional.crf-al.org.br/imprensa/noticias/morre_aos_95_o_farmaceutico_dr_paulo_queiroz_marques,301
www.crf-al.org.br/morre_aos_95_o_farmaceutico_dr_paulo_queiroz_marques,https://institucional.crf-al.org.br/imprensa/noticias/morre_aos_95_o_farmaceutico_dr_paulo_queiroz_marques,301
www.crf-al.org.br/farmaceutico-saiba-quais-sao-os-seus-direitos-nos-feriados-e-pontos-facultativos/,https://institucional.crf-al.org.br/imprensa/noticias/farmaceutico-saiba-quais-sao-os-seus-direitos-nos-feriados-e-pontos-facultativos,301
www.crf-al.org.br/farmaceutico-saiba-quais-sao-os-seus-direitos-nos-feriados-e-pontos-facultativos,https://institucional.crf-al.org.br/imprensa/noticias/farmaceutico-saiba-quais-sao-os-seus-direitos-nos-feriados-e-pontos-facultativos,301
www.crf-al.org.br/dengue_e_chikungunya_sao_ameacas_ao_feto/,https://institucional.crf-al.org.br/imprensa/noticias/dengue_e_chikungunya_sao_ameacas_ao_feto,301
www.crf-al.org.br/dengue_e_chikungunya_sao_ameacas_ao_feto,https://institucional.crf-al.org.br/imprensa/noticias/dengue_e_chikungunya_sao_ameacas_ao_feto,301
www.crf-al.org.br/pilula_anticoncepcional_nao_aumenta_risco_de_malformacoes_congenitas/,https://institucional.crf-al.org.br/imprensa/noticias/pilula_anticoncepcional_nao_aumenta_risco_de_malformacoes_congenitas,301
www.crf-al.org.br/pilula_anticoncepcional_nao_aumenta_risco_de_malformacoes_congenitas,https://institucional.crf-al.org.br/imprensa/noticias/pilula_anticoncepcional_nao_aumenta_risco_de_malformacoes_congenitas,301
www.crf-al.org.br/usp_descobre_tratamento_mais_eficaz_para_doenca_de_chagas/,https://institucional.crf-al.org.br/imprensa/noticias/usp_descobre_tratamento_mais_eficaz_para_doenca_de_chagas,301
www.crf-al.org.br/usp_descobre_tratamento_mais_eficaz_para_doenca_de_chagas,https://institucional.crf-al.org.br/imprensa/noticias/usp_descobre_tratamento_mais_eficaz_para_doenca_de_chagas,301
www.crf-al.org.br/estudo_aponta_que_nao_tomar_sol_e_tao_prejudicial_quanto_fumar/,https://institucional.crf-al.org.br/imprensa/noticias/estudo_aponta_que_nao_tomar_sol_e_tao_prejudicial_quanto_fumar,301
www.crf-al.org.br/estudo_aponta_que_nao_tomar_sol_e_tao_prejudicial_quanto_fumar,https://institucional.crf-al.org.br/imprensa/noticias/estudo_aponta_que_nao_tomar_sol_e_tao_prejudicial_quanto_fumar,301
www.crf-al.org.br/curso-de-aplicacao-de-injetaveis/,https://institucional.crf-al.org.br/imprensa/noticias/curso-de-aplicacao-de-injetaveis,301
www.crf-al.org.br/curso-de-aplicacao-de-injetaveis,https://institucional.crf-al.org.br/imprensa/noticias/curso-de-aplicacao-de-injetaveis,301
www.crf-al.org.br/risco_de_contrair_hepatite_c_por_via_sexual_e_maior_do_que_se_pensava/,https://institucional.crf-al.org.br/imprensa/noticias/risco_de_contrair_hepatite_c_por_via_sexual_e_maior_do_que_se_pensava,301
www.crf-al.org.br/risco_de_contrair_hepatite_c_por_via_sexual_e_maior_do_que_se_pensava,https://institucional.crf-al.org.br/imprensa/noticias/risco_de_contrair_hepatite_c_por_via_sexual_e_maior_do_que_se_pensava,301
www.crf-al.org.br/crfal-alerta-sobre-os-riscos-da-automedicacao-com-fitoterapicos-e-plantas-medicinais/,https://institucional.crf-al.org.br/imprensa/noticias/crfal-alerta-sobre-os-riscos-da-automedicacao-com-fitoterapicos-e-plantas-medicinais,301
www.crf-al.org.br/crfal-alerta-sobre-os-riscos-da-automedicacao-com-fitoterapicos-e-plantas-medicinais,https://institucional.crf-al.org.br/imprensa/noticias/crfal-alerta-sobre-os-riscos-da-automedicacao-com-fitoterapicos-e-plantas-medicinais,301
www.crf-al.org.br/colesterol_alto_dificulta_a_gravidez/,https://institucional.crf-al.org.br/imprensa/noticias/colesterol_alto_dificulta_a_gravidez,301
www.crf-al.org.br/colesterol_alto_dificulta_a_gravidez,https://institucional.crf-al.org.br/imprensa/noticias/colesterol_alto_dificulta_a_gravidez,301
www.crf-al.org.br/saiba_quais_os_riscos_de_tomar_anticoncepcional/,https://institucional.crf-al.org.br/imprensa/noticias/saiba_quais_os_riscos_de_tomar_anticoncepcional,301
www.crf-al.org.br/saiba_quais_os_riscos_de_tomar_anticoncepcional,https://institucional.crf-al.org.br/imprensa/noticias/saiba_quais_os_riscos_de_tomar_anticoncepcional,301
www.crf-al.org.br/movimento_antivacina_gera_surto_de_doencas_nos_eua/,https://institucional.crf-al.org.br/imprensa/noticias/movimento_antivacina_gera_surto_de_doencas_nos_eua,301
www.crf-al.org.br/movimento_antivacina_gera_surto_de_doencas_nos_eua,https://institucional.crf-al.org.br/imprensa/noticias/movimento_antivacina_gera_surto_de_doencas_nos_eua,301
www.crf-al.org.br/laserterapia-farmaceutica-alagoana-e-primeira-usar-tecnica-no-estado/,https://institucional.crf-al.org.br/imprensa/noticias/laserterapia-farmaceutica-alagoana-e-primeira-usar-tecnica-no-estado,301
www.crf-al.org.br/laserterapia-farmaceutica-alagoana-e-primeira-usar-tecnica-no-estado,https://institucional.crf-al.org.br/imprensa/noticias/laserterapia-farmaceutica-alagoana-e-primeira-usar-tecnica-no-estado,301
www.crf-al.org.br/sangue_tipo_ab_pode_afetar_memoria_na_velhice_diz_estudo/,https://institucional.crf-al.org.br/imprensa/noticias/sangue_tipo_ab_pode_afetar_memoria_na_velhice_diz_estudo,301
www.crf-al.org.br/sangue_tipo_ab_pode_afetar_memoria_na_velhice_diz_estudo,https://institucional.crf-al.org.br/imprensa/noticias/sangue_tipo_ab_pode_afetar_memoria_na_velhice_diz_estudo,301
www.crf-al.org.br/absorvente_intimo_que_pode_ser_usado_em_relacoes_sexuais_chega_ao_brasil/,https://institucional.crf-al.org.br/imprensa/noticias/absorvente_intimo_que_pode_ser_usado_em_relacoes_sexuais_chega_ao_brasil,301
www.crf-al.org.br/absorvente_intimo_que_pode_ser_usado_em_relacoes_sexuais_chega_ao_brasil,https://institucional.crf-al.org.br/imprensa/noticias/absorvente_intimo_que_pode_ser_usado_em_relacoes_sexuais_chega_ao_brasil,301
www.crf-al.org.br/farmaceuticos-ganham-nova-oportunidade-com-residencia-multiprofissional-na-ufal/,https://institucional.crf-al.org.br/imprensa/noticias/farmaceuticos-ganham-nova-oportunidade-com-residencia-multiprofissional-na-ufal,301
www.crf-al.org.br/farmaceuticos-ganham-nova-oportunidade-com-residencia-multiprofissional-na-ufal,https://institucional.crf-al.org.br/imprensa/noticias/farmaceuticos-ganham-nova-oportunidade-com-residencia-multiprofissional-na-ufal,301
www.crf-al.org.br/excesso_de_soja_pode_inibir_absorcao_de_nutrientes_e_antecipar_puberdade/,https://institucional.crf-al.org.br/imprensa/noticias/excesso_de_soja_pode_inibir_absorcao_de_nutrientes_e_antecipar_puberdade,301
www.crf-al.org.br/excesso_de_soja_pode_inibir_absorcao_de_nutrientes_e_antecipar_puberdade,https://institucional.crf-al.org.br/imprensa/noticias/excesso_de_soja_pode_inibir_absorcao_de_nutrientes_e_antecipar_puberdade,301
www.crf-al.org.br/farmaceutica_sanofi_quer_se_desfazer_do_medicamento_plasil/,https://institucional.crf-al.org.br/imprensa/noticias/farmaceutica_sanofi_quer_se_desfazer_do_medicamento_plasil,301
www.crf-al.org.br/farmaceutica_sanofi_quer_se_desfazer_do_medicamento_plasil,https://institucional.crf-al.org.br/imprensa/noticias/farmaceutica_sanofi_quer_se_desfazer_do_medicamento_plasil,301
www.crf-al.org.br/idvf_e_torrent_promovem_curso_online_sobre_intercambialidade_de_medicamentos/,https://institucional.crf-al.org.br/imprensa/noticias/idvf_e_torrent_promovem_curso_online_sobre_intercambialidade_de_medicamentos,301
www.crf-al.org.br/idvf_e_torrent_promovem_curso_online_sobre_intercambialidade_de_medicamentos,https://institucional.crf-al.org.br/imprensa/noticias/idvf_e_torrent_promovem_curso_online_sobre_intercambialidade_de_medicamentos,301
www.crf-al.org.br/ivermectina-e-nitazoxanida-volta-receita-em-uma-via/,https://institucional.crf-al.org.br/imprensa/noticias/ivermectina-e-nitazoxanida-volta-receita-em-uma-via,301
www.crf-al.org.br/ivermectina-e-nitazoxanida-volta-receita-em-uma-via,https://institucional.crf-al.org.br/imprensa/noticias/ivermectina-e-nitazoxanida-volta-receita-em-uma-via,301
www.crf-al.org.br/kit-ressaca-combinacao-perigosa-disponivel-para-venda-nas-farmacias/,https://institucional.crf-al.org.br/imprensa/noticias/kit-ressaca-combinacao-perigosa-disponivel-para-venda-nas-farmacias,301
www.crf-al.org.br/kit-ressaca-combinacao-perigosa-disponivel-para-venda-nas-farmacias,https://institucional.crf-al.org.br/imprensa/noticias/kit-ressaca-combinacao-perigosa-disponivel-para-venda-nas-farmacias,301
www.crf-al.org.br/estrutura/,https://institucional.crf-al.org.br/instituicao/diretoria,301
www.crf-al.org.br/estrutura,https://institucional.crf-al.org.br/instituicao/diretoria,301
www.crf-al.org.br/uso_indevido_de_medicamentos_causa_morte_de_20_mil_por_ano_no_brasil/,https://institucional.crf-al.org.br/imprensa/noticias/uso_indevido_de_medicamentos_causa_morte_de_20_mil_por_ano_no_brasil,301
www.crf-al.org.br/uso_indevido_de_medicamentos_causa_morte_de_20_mil_por_ano_no_brasil,https://institucional.crf-al.org.br/imprensa/noticias/uso_indevido_de_medicamentos_causa_morte_de_20_mil_por_ano_no_brasil,301
www.crf-al.org.br/equipe_japonesa_acredita_que_diabetes_pode_ser_tratado_com_farmaco_gastrico/,https://institucional.crf-al.org.br/imprensa/noticias/equipe_japonesa_acredita_que_diabetes_pode_ser_tratado_com_farmaco_gastrico,301
www.crf-al.org.br/equipe_japonesa_acredita_que_diabetes_pode_ser_tratado_com_farmaco_gastrico,https://institucional.crf-al.org.br/imprensa/noticias/equipe_japonesa_acredita_que_diabetes_pode_ser_tratado_com_farmaco_gastrico,301
www.crf-al.org.br/vigilancias-sanitarias-sao-obrigadas-ter-farmaceuticos-durante-fiscalizacao-sanitaria/,https://institucional.crf-al.org.br/imprensa/noticias/vigilancias-sanitarias-sao-obrigadas-ter-farmaceuticos-durante-fiscalizacao-sanitaria,301
www.crf-al.org.br/vigilancias-sanitarias-sao-obrigadas-ter-farmaceuticos-durante-fiscalizacao-sanitaria,https://institucional.crf-al.org.br/imprensa/noticias/vigilancias-sanitarias-sao-obrigadas-ter-farmaceuticos-durante-fiscalizacao-sanitaria,301
www.crf-al.org.br/curso-online-de-atualizacao-em-analises-clinicas/,https://institucional.crf-al.org.br/imprensa/noticias/curso-online-de-atualizacao-em-analises-clinicas,301
www.crf-al.org.br/curso-online-de-atualizacao-em-analises-clinicas,https://institucional.crf-al.org.br/imprensa/noticias/curso-online-de-atualizacao-em-analises-clinicas,301
www.crf-al.org.br/vitamina_c_injetavel_pode_ajudar_no_tratamento_contra_cancer_diz_estudo/,https://institucional.crf-al.org.br/imprensa/noticias/vitamina_c_injetavel_pode_ajudar_no_tratamento_contra_cancer_diz_estudo,301
www.crf-al.org.br/vitamina_c_injetavel_pode_ajudar_no_tratamento_contra_cancer_diz_estudo,https://institucional.crf-al.org.br/imprensa/noticias/vitamina_c_injetavel_pode_ajudar_no_tratamento_contra_cancer_diz_estudo,301
www.crf-al.org.br/tylenol_nao_inibe_apenas_a_dor_mas_tambem_as_emocoes_aponta_estudo/,https://institucional.crf-al.org.br/imprensa/noticias/tylenol_nao_inibe_apenas_a_dor_mas_tambem_as_emocoes_aponta_estudo,301
www.crf-al.org.br/tylenol_nao_inibe_apenas_a_dor_mas_tambem_as_emocoes_aponta_estudo,https://institucional.crf-al.org.br/imprensa/noticias/tylenol_nao_inibe_apenas_a_dor_mas_tambem_as_emocoes_aponta_estudo,301
www.crf-al.org.br/materiais-de-cursos/,https://institucional.crf-al.org.br/,301
www.crf-al.org.br/materiais-de-cursos,https://institucional.crf-al.org.br/,301
www.crf-al.org.br/atuacao-de-farmaceutico-em-tricologia-e-regulamenta-por-resolucao/,https://institucional.crf-al.org.br/imprensa/noticias/atuacao-de-farmaceutico-em-tricologia-e-regulamenta-por-resolucao,301
www.crf-al.org.br/atuacao-de-farmaceutico-em-tricologia-e-regulamenta-por-resolucao,https://institucional.crf-al.org.br/imprensa/noticias/atuacao-de-farmaceutico-em-tricologia-e-regulamenta-por-resolucao,301
www.crf-al.org.br/anuidade-nao-sera-reajustada-em-2026/,https://institucional.crf-al.org.br/imprensa/noticias/anuidade-nao-sera-reajustada-em-2026,301
www.crf-al.org.br/anuidade-nao-sera-reajustada-em-2026,https://institucional.crf-al.org.br/imprensa/noticias/anuidade-nao-sera-reajustada-em-2026,301
www.crf-al.org.br/denuncia/,https://institucional.crf-al.org.br/servicos/ouvidoria,301
www.crf-al.org.br/denuncia,https://institucional.crf-al.org.br/servicos/ouvidoria,301
www.crf-al.org.br/robo_inteligente_auxilia_no_tratamento_do_autismo_e_no_cuidado_de_idosos/,https://institucional.crf-al.org.br/imprensa/noticias/robo_inteligente_auxilia_no_tratamento_do_autismo_e_no_cuidado_de_idosos,301
www.crf-al.org.br/robo_inteligente_auxilia_no_tratamento_do_autismo_e_no_cuidado_de_idosos,https://institucional.crf-al.org.br/imprensa/noticias/robo_inteligente_auxilia_no_tratamento_do_autismo_e_no_cuidado_de_idosos,301
www.crf-al.org.br/velha_conhecida_vacina_contra_rinite_diminui_sintomas_em_ate_80/,https://institucional.crf-al.org.br/imprensa/noticias/velha_conhecida_vacina_contra_rinite_diminui_sintomas_em_ate_80,301
www.crf-al.org.br/velha_conhecida_vacina_contra_rinite_diminui_sintomas_em_ate_80,https://institucional.crf-al.org.br/imprensa/noticias/velha_conhecida_vacina_contra_rinite_diminui_sintomas_em_ate_80,301
www.crf-al.org.br/uso_excessivo_de_tylenol_causa_150_mortes_por_ano_nos_eua_diz_ong/,https://institucional.crf-al.org.br/imprensa/noticias/uso_excessivo_de_tylenol_causa_150_mortes_por_ano_nos_eua_diz_ong,301
www.crf-al.org.br/uso_excessivo_de_tylenol_causa_150_mortes_por_ano_nos_eua_diz_ong,https://institucional.crf-al.org.br/imprensa/noticias/uso_excessivo_de_tylenol_causa_150_mortes_por_ano_nos_eua_diz_ong,301
www.crf-al.org.br/o_brasil_na_rota_dos_remedios_falsificados/,https://institucional.crf-al.org.br/imprensa/noticias/o_brasil_na_rota_dos_remedios_falsificados,301
www.crf-al.org.br/o_brasil_na_rota_dos_remedios_falsificados,https://institucional.crf-al.org.br/imprensa/noticias/o_brasil_na_rota_dos_remedios_falsificados,301
www.crf-al.org.br/proteina_e_usada_para_regenerar_tecido_cardiaco_apos_infarto/,https://institucional.crf-al.org.br/imprensa/noticias/proteina_e_usada_para_regenerar_tecido_cardiaco_apos_infarto,301
www.crf-al.org.br/proteina_e_usada_para_regenerar_tecido_cardiaco_apos_infarto,https://institucional.crf-al.org.br/imprensa/noticias/proteina_e_usada_para_regenerar_tecido_cardiaco_apos_infarto,301
www.crf-al.org.br/reposicao_de_testosterona_em_forma_de_desodorante_chega_ao_pais/,https://institucional.crf-al.org.br/imprensa/noticias/reposicao_de_testosterona_em_forma_de_desodorante_chega_ao_pais,301
www.crf-al.org.br/reposicao_de_testosterona_em_forma_de_desodorante_chega_ao_pais,https://institucional.crf-al.org.br/imprensa/noticias/reposicao_de_testosterona_em_forma_de_desodorante_chega_ao_pais,301
www.crf-al.org.br/pesquisa_aponta_relacao_entre_gene_que_causa_cancer_e_autismo/,https://institucional.crf-al.org.br/imprensa/noticias/pesquisa_aponta_relacao_entre_gene_que_causa_cancer_e_autismo,301
www.crf-al.org.br/pesquisa_aponta_relacao_entre_gene_que_causa_cancer_e_autismo,https://institucional.crf-al.org.br/imprensa/noticias/pesquisa_aponta_relacao_entre_gene_que_causa_cancer_e_autismo,301
www.crf-al.org.br/pf-abre-concurso-com-vagas-para-farmaceuticos/,https://institucional.crf-al.org.br/imprensa/noticias/pf-abre-concurso-com-vagas-para-farmaceuticos,301
www.crf-al.org.br/pf-abre-concurso-com-vagas-para-farmaceuticos,https://institucional.crf-al.org.br/imprensa/noticias/pf-abre-concurso-com-vagas-para-farmaceuticos,301
www.crf-al.org.br/cff-regulamenta-atribuicoes-do-farmaceutico-na-saude-indigena/,https://institucional.crf-al.org.br/imprensa/noticias/cff-regulamenta-atribuicoes-do-farmaceutico-na-saude-indigena,301
www.crf-al.org.br/cff-regulamenta-atribuicoes-do-farmaceutico-na-saude-indigena,https://institucional.crf-al.org.br/imprensa/noticias/cff-regulamenta-atribuicoes-do-farmaceutico-na-saude-indigena,301
www.crf-al.org.br/considerado-droga-cigarro-mata-oito-milhoes-de-pessoas-no-mundo-por-ano/,https://institucional.crf-al.org.br/imprensa/noticias/considerado-droga-cigarro-mata-oito-milhoes-de-pessoas-no-mundo-por-ano,301
www.crf-al.org.br/considerado-droga-cigarro-mata-oito-milhoes-de-pessoas-no-mundo-por-ano,https://institucional.crf-al.org.br/imprensa/noticias/considerado-droga-cigarro-mata-oito-milhoes-de-pessoas-no-mundo-por-ano,301
www.crf-al.org.br/como_vive_quem_nao_consegue_memorizar_nenhum_rosto/,https://institucional.crf-al.org.br/imprensa/noticias/como_vive_quem_nao_consegue_memorizar_nenhum_rosto,301
www.crf-al.org.br/como_vive_quem_nao_consegue_memorizar_nenhum_rosto,https://institucional.crf-al.org.br/imprensa/noticias/como_vive_quem_nao_consegue_memorizar_nenhum_rosto,301
www.crf-al.org.br/cerebro_de_criancas_autistas_possuem_sinapses_demais_sugere_estudo/,https://institucional.crf-al.org.br/imprensa/noticias/cerebro_de_criancas_autistas_possuem_sinapses_demais_sugere_estudo,301
www.crf-al.org.br/cerebro_de_criancas_autistas_possuem_sinapses_demais_sugere_estudo,https://institucional.crf-al.org.br/imprensa/noticias/cerebro_de_criancas_autistas_possuem_sinapses_demais_sugere_estudo,301
www.crf-al.org.br/menina_morre_apos_inalar_remedio_errado_em_crise_de_asma_no_rs/,https://institucional.crf-al.org.br/imprensa/noticias/menina_morre_apos_inalar_remedio_errado_em_crise_de_asma_no_rs,301
www.crf-al.org.br/menina_morre_apos_inalar_remedio_errado_em_crise_de_asma_no_rs,https://institucional.crf-al.org.br/imprensa/noticias/menina_morre_apos_inalar_remedio_errado_em_crise_de_asma_no_rs,301
www.crf-al.org.br/tomar_paracetamol_para_curar_ressaca_pode_causar_lesao_hepatica/,https://institucional.crf-al.org.br/imprensa/noticias/tomar_paracetamol_para_curar_ressaca_pode_causar_lesao_hepatica,301
www.crf-al.org.br/tomar_paracetamol_para_curar_ressaca_pode_causar_lesao_hepatica,https://institucional.crf-al.org.br/imprensa/noticias/tomar_paracetamol_para_curar_ressaca_pode_causar_lesao_hepatica,301
www.crf-al.org.br/bolhas_contra_o_infarto/,https://institucional.crf-al.org.br/imprensa/noticias/bolhas_contra_o_infarto,301
www.crf-al.org.br/bolhas_contra_o_infarto,https://institucional.crf-al.org.br/imprensa/noticias/bolhas_contra_o_infarto,301
www.crf-al.org.br/cff-alerta-sobre-risco-da-ivermectina-de-uso-veterinario-em-humanos/,https://institucional.crf-al.org.br/imprensa/noticias/cff-alerta-sobre-risco-da-ivermectina-de-uso-veterinario-em-humanos,301
www.crf-al.org.br/cff-alerta-sobre-risco-da-ivermectina-de-uso-veterinario-em-humanos,https://institucional.crf-al.org.br/imprensa/noticias/cff-alerta-sobre-risco-da-ivermectina-de-uso-veterinario-em-humanos,301
www.crf-al.org.br/anvisa_publica_resolucao_que_proibe_comercializacao_de_cloridrato_de_fluoxetina/,https://institucional.crf-al.org.br/imprensa/noticias/anvisa_publica_resolucao_que_proibe_comercializacao_de_cloridrato_de_fluoxetina,301
www.crf-al.org.br/anvisa_publica_resolucao_que_proibe_comercializacao_de_cloridrato_de_fluoxetina,https://institucional.crf-al.org.br/imprensa/noticias/anvisa_publica_resolucao_que_proibe_comercializacao_de_cloridrato_de_fluoxetina,301
www.crf-al.org.br/crfal-emite-parecer-juridico-para-que-farmaceutico-concorra-vaga-de-biomedico-em-concurso-publico/,https://institucional.crf-al.org.br/imprensa/noticias/crfal-emite-parecer-juridico-para-que-farmaceutico-concorra-vaga-de-biomedico-em-concurso-publico,301
www.crf-al.org.br/crfal-emite-parecer-juridico-para-que-farmaceutico-concorra-vaga-de-biomedico-em-concurso-publico,https://institucional.crf-al.org.br/imprensa/noticias/crfal-emite-parecer-juridico-para-que-farmaceutico-concorra-vaga-de-biomedico-em-concurso-publico,301
www.crf-al.org.br/menina_com_hidrocefalia_sorri_pela_primeira_vez_depois_de_cirurgia/,https://institucional.crf-al.org.br/imprensa/noticias/menina_com_hidrocefalia_sorri_pela_primeira_vez_depois_de_cirurgia,301
www.crf-al.org.br/menina_com_hidrocefalia_sorri_pela_primeira_vez_depois_de_cirurgia,https://institucional.crf-al.org.br/imprensa/noticias/menina_com_hidrocefalia_sorri_pela_primeira_vez_depois_de_cirurgia,301
www.crf-al.org.br/registro/,https://institucional.crf-al.org.br/servicos/requerimentos,301
www.crf-al.org.br/registro,https://institucional.crf-al.org.br/servicos/requerimentos,301
www.crf-al.org.br/dicas_simples_permitem_identificar_sinais_de_diabetes_em_criancas/,https://institucional.crf-al.org.br/imprensa/noticias/dicas_simples_permitem_identificar_sinais_de_diabetes_em_criancas,301
www.crf-al.org.br/dicas_simples_permitem_identificar_sinais_de_diabetes_em_criancas,https://institucional.crf-al.org.br/imprensa/noticias/dicas_simples_permitem_identificar_sinais_de_diabetes_em_criancas,301
www.crf-al.org.br/medicamentos_influenciam_capacidade_de_conducao_de_veiculos/,https://institucional.crf-al.org.br/imprensa/noticias/medicamentos_influenciam_capacidade_de_conducao_de_veiculos,301
www.crf-al.org.br/medicamentos_influenciam_capacidade_de_conducao_de_veiculos,https://institucional.crf-al.org.br/imprensa/noticias/medicamentos_influenciam_capacidade_de_conducao_de_veiculos,301
www.crf-al.org.br/entenda-tramitacao-do-pl-do-piso-salarial-do-farmaceutico/,https://institucional.crf-al.org.br/imprensa/noticias/entenda-tramitacao-do-pl-do-piso-salarial-do-farmaceutico,301
www.crf-al.org.br/entenda-tramitacao-do-pl-do-piso-salarial-do-farmaceutico,https://institucional.crf-al.org.br/imprensa/noticias/entenda-tramitacao-do-pl-do-piso-salarial-do-farmaceutico,301
www.crf-al.org.br/esclarecimentos-acerca-do-registro-de-responsabilidade-tecnica-do-farmaceutico-atraves-do-contrato-de-trabalho/,https://institucional.crf-al.org.br/imprensa/noticias/esclarecimentos-acerca-do-registro-de-responsabilidade-tecnica-do-farmaceutico-atraves-do-contrato-de-trabalho,301
www.crf-al.org.br/esclarecimentos-acerca-do-registro-de-responsabilidade-tecnica-do-farmaceutico-atraves-do-contrato-de-trabalho,https://institucional.crf-al.org.br/imprensa/noticias/esclarecimentos-acerca-do-registro-de-responsabilidade-tecnica-do-farmaceutico-atraves-do-contrato-de-trabalho,301
www.crf-al.org.br/vaga-de-estagio-em-home-care/,https://institucional.crf-al.org.br/imprensa/noticias/vaga-de-estagio-em-home-care,301
www.crf-al.org.br/vaga-de-estagio-em-home-care,https://institucional.crf-al.org.br/imprensa/noticias/vaga-de-estagio-em-home-care,301
www.crf-al.org.br/psa-livre-e-total-farmaceutica-explica-quando-valores-indicam-cancer-de-prostata/,https://institucional.crf-al.org.br/imprensa/noticias/psa-livre-e-total-farmaceutica-explica-quando-valores-indicam-cancer-de-prostata,301
www.crf-al.org.br/psa-livre-e-total-farmaceutica-explica-quando-valores-indicam-cancer-de-prostata,https://institucional.crf-al.org.br/imprensa/noticias/psa-livre-e-total-farmaceutica-explica-quando-valores-indicam-cancer-de-prostata,301
www.crf-al.org.br/bulasmed_bulas_completas_de_medicamentos_em_um_aplicativo_gratuito_e_totalmente_offline/,https://institucional.crf-al.org.br/imprensa/noticias/bulasmed_bulas_completas_de_medicamentos_em_um_aplicativo_gratuito_e_totalmente_offline,301
www.crf-al.org.br/bulasmed_bulas_completas_de_medicamentos_em_um_aplicativo_gratuito_e_totalmente_offline,https://institucional.crf-al.org.br/imprensa/noticias/bulasmed_bulas_completas_de_medicamentos_em_um_aplicativo_gratuito_e_totalmente_offline,301
www.crf-al.org.br/perguntas-frequentes/,https://institucional.crf-al.org.br/servicos/tutoriais,301
www.crf-al.org.br/perguntas-frequentes,https://institucional.crf-al.org.br/servicos/tutoriais,301
www.crf-al.org.br/publicada_nova_atualizacao_da_portaria_344_98_da_anvisa/,https://institucional.crf-al.org.br/imprensa/noticias/publicada_nova_atualizacao_da_portaria_344_98_da_anvisa,301
www.crf-al.org.br/publicada_nova_atualizacao_da_portaria_344_98_da_anvisa,https://institucional.crf-al.org.br/imprensa/noticias/publicada_nova_atualizacao_da_portaria_344_98_da_anvisa,301
www.crf-al.org.br/medicamento_similar_deve_passar_por_testes_de_equivalencia_propoe_anvisa/,https://institucional.crf-al.org.br/imprensa/noticias/medicamento_similar_deve_passar_por_testes_de_equivalencia_propoe_anvisa,301
www.crf-al.org.br/medicamento_similar_deve_passar_por_testes_de_equivalencia_propoe_anvisa,https://institucional.crf-al.org.br/imprensa/noticias/medicamento_similar_deve_passar_por_testes_de_equivalencia_propoe_anvisa,301
www.crf-al.org.br/horario_irregular_para_dormir_afeta_desenvolvimento_infantil/,https://institucional.crf-al.org.br/imprensa/noticias/horario_irregular_para_dormir_afeta_desenvolvimento_infantil,301
www.crf-al.org.br/horario_irregular_para_dormir_afeta_desenvolvimento_infantil,https://institucional.crf-al.org.br/imprensa/noticias/horario_irregular_para_dormir_afeta_desenvolvimento_infantil,301
www.crf-al.org.br/de_dengue_a_zika_por_que_o_mosquito_aedes_aegypti_transmite_tantas_doencas/,https://institucional.crf-al.org.br/imprensa/noticias/de_dengue_a_zika_por_que_o_mosquito_aedes_aegypti_transmite_tantas_doencas,301
www.crf-al.org.br/de_dengue_a_zika_por_que_o_mosquito_aedes_aegypti_transmite_tantas_doencas,https://institucional.crf-al.org.br/imprensa/noticias/de_dengue_a_zika_por_que_o_mosquito_aedes_aegypti_transmite_tantas_doencas,301
www.crf-al.org.br/centro-cirurgico-farmaceutico-e-o-profissional-responsavel-pelos-medicamentos-insumos-e-correlatos/,https://institucional.crf-al.org.br/imprensa/noticias/centro-cirurgico-farmaceutico-e-o-profissional-responsavel-pelos-medicamentos-insumos-e-correlatos,301
www.crf-al.org.br/centro-cirurgico-farmaceutico-e-o-profissional-responsavel-pelos-medicamentos-insumos-e-correlatos,https://institucional.crf-al.org.br/imprensa/noticias/centro-cirurgico-farmaceutico-e-o-profissional-responsavel-pelos-medicamentos-insumos-e-correlatos,301
www.crf-al.org.br/farmaceuticos-podem-aplicar-toxina-butolinica/,https://institucional.crf-al.org.br/imprensa/noticias/farmaceuticos-podem-aplicar-toxina-butolinica,301
www.crf-al.org.br/farmaceuticos-podem-aplicar-toxina-butolinica,https://institucional.crf-al.org.br/imprensa/noticias/farmaceuticos-podem-aplicar-toxina-butolinica,301
www.crf-al.org.br/autismo_e_resultado_de_anomalias_nas_estruturas_cerebrais_mostra_estudo/,https://institucional.crf-al.org.br/imprensa/noticias/autismo_e_resultado_de_anomalias_nas_estruturas_cerebrais_mostra_estudo,301
www.crf-al.org.br/autismo_e_resultado_de_anomalias_nas_estruturas_cerebrais_mostra_estudo,https://institucional.crf-al.org.br/imprensa/noticias/autismo_e_resultado_de_anomalias_nas_estruturas_cerebrais_mostra_estudo,301
www.crf-al.org.br/uso-off-label-farmaceutico-pode-negar-dispensacao-caso-seja-identificado-risco-ao-paciente/,https://institucional.crf-al.org.br/imprensa/noticias/uso-off-label-farmaceutico-pode-negar-dispensacao-caso-seja-identificado-risco-ao-paciente,301
www.crf-al.org.br/uso-off-label-farmaceutico-pode-negar-dispensacao-caso-seja-identificado-risco-ao-paciente,https://institucional.crf-al.org.br/imprensa/noticias/uso-off-label-farmaceutico-pode-negar-dispensacao-caso-seja-identificado-risco-ao-paciente,301
www.crf-al.org.br/legislacao/,https://institucional.crf-al.org.br/legislacao,301
www.crf-al.org.br/legislacao,https://institucional.crf-al.org.br/legislacao,301
www.crf-al.org.br/ingestao-de-medicamentos-durante-amamentacao/,https://institucional.crf-al.org.br/imprensa/noticias/ingestao-de-medicamentos-durante-amamentacao,301
www.crf-al.org.br/ingestao-de-medicamentos-durante-amamentacao,https://institucional.crf-al.org.br/imprensa/noticias/ingestao-de-medicamentos-durante-amamentacao,301
www.crf-al.org.br/anvisa-aprova-nova-opcao-de-tratamento-para-diabetes-tipo-2/,https://institucional.crf-al.org.br/imprensa/noticias/anvisa-aprova-nova-opcao-de-tratamento-para-diabetes-tipo-2,301
www.crf-al.org.br/anvisa-aprova-nova-opcao-de-tratamento-para-diabetes-tipo-2,https://institucional.crf-al.org.br/imprensa/noticias/anvisa-aprova-nova-opcao-de-tratamento-para-diabetes-tipo-2,301
www.crf-al.org.br/bacteria_presente_no_muco_vaginal_pode_barrar_o_hiv_sugere_estudo/,https://institucional.crf-al.org.br/imprensa/noticias/bacteria_presente_no_muco_vaginal_pode_barrar_o_hiv_sugere_estudo,301
www.crf-al.org.br/bacteria_presente_no_muco_vaginal_pode_barrar_o_hiv_sugere_estudo,https://institucional.crf-al.org.br/imprensa/noticias/bacteria_presente_no_muco_vaginal_pode_barrar_o_hiv_sugere_estudo,301
www.crf-al.org.br/fototerapia_e_sol_ajudam_a_tratar_doencas_como_vitiligo_e_psoriase/,https://institucional.crf-al.org.br/imprensa/noticias/fototerapia_e_sol_ajudam_a_tratar_doencas_como_vitiligo_e_psoriase,301
www.crf-al.org.br/fototerapia_e_sol_ajudam_a_tratar_doencas_como_vitiligo_e_psoriase,https://institucional.crf-al.org.br/imprensa/noticias/fototerapia_e_sol_ajudam_a_tratar_doencas_como_vitiligo_e_psoriase,301
www.crf-al.org.br/arapiraca-crf-al-entrega-302-unidades-de-fraldas-ao-lar-de-idosos/,https://institucional.crf-al.org.br/imprensa/noticias/arapiraca-crf-al-entrega-302-unidades-de-fraldas-ao-lar-de-idosos,301
www.crf-al.org.br/arapiraca-crf-al-entrega-302-unidades-de-fraldas-ao-lar-de-idosos,https://institucional.crf-al.org.br/imprensa/noticias/arapiraca-crf-al-entrega-302-unidades-de-fraldas-ao-lar-de-idosos,301
www.crf-al.org.br/anvisa-publica-nova-resolucao-sobre-criterios-para-antimicrobianos/,https://institucional.crf-al.org.br/imprensa/noticias/anvisa-publica-nova-resolucao-sobre-criterios-para-antimicrobianos,301
www.crf-al.org.br/anvisa-publica-nova-resolucao-sobre-criterios-para-antimicrobianos,https://institucional.crf-al.org.br/imprensa/noticias/anvisa-publica-nova-resolucao-sobre-criterios-para-antimicrobianos,301
www.crf-al.org.br/baixa-de-rt-farmaceutico-e-obrigado-comunicar-ao-crfal/,https://institucional.crf-al.org.br/imprensa/noticias/baixa-de-rt-farmaceutico-e-obrigado-comunicar-ao-crfal,301
www.crf-al.org.br/baixa-de-rt-farmaceutico-e-obrigado-comunicar-ao-crfal,https://institucional.crf-al.org.br/imprensa/noticias/baixa-de-rt-farmaceutico-e-obrigado-comunicar-ao-crfal,301
www.crf-al.org.br/morte_de_dr_jaldo_encerra_ciclo_farmaceutico/,https://institucional.crf-al.org.br/imprensa/noticias/morte_de_dr_jaldo_encerra_ciclo_farmaceutico,301
www.crf-al.org.br/morte_de_dr_jaldo_encerra_ciclo_farmaceutico,https://institucional.crf-al.org.br/imprensa/noticias/morte_de_dr_jaldo_encerra_ciclo_farmaceutico,301
www.crf-al.org.br/ufal-abre-selecao-para-mestrado-em-ciencias-farmaceuticas-inscricoes-seguem-ate-o-dia-12-02/,https://institucional.crf-al.org.br/imprensa/noticias/ufal-abre-selecao-para-mestrado-em-ciencias-farmaceuticas-inscricoes-seguem-ate-o-dia-12-02,301
www.crf-al.org.br/ufal-abre-selecao-para-mestrado-em-ciencias-farmaceuticas-inscricoes-seguem-ate-o-dia-12-02,https://institucional.crf-al.org.br/imprensa/noticias/ufal-abre-selecao-para-mestrado-em-ciencias-farmaceuticas-inscricoes-seguem-ate-o-dia-12-02,301
www.crf-al.org.br/estudo_associa_refrigerantes_biscoitos_e_salgadinhos_ao_cancer_intestinal/,https://institucional.crf-al.org.br/imprensa/noticias/estudo_associa_refrigerantes_biscoitos_e_salgadinhos_ao_cancer_intestinal,301
www.crf-al.org.br/estudo_associa_refrigerantes_biscoitos_e_salgadinhos_ao_cancer_intestinal,https://institucional.crf-al.org.br/imprensa/noticias/estudo_associa_refrigerantes_biscoitos_e_salgadinhos_ao_cancer_intestinal,301
www.crf-al.org.br/pesquisa_da_ufpi_estuda_veneno_do_sapo_para_tratamento_contra_o_cancer/,https://institucional.crf-al.org.br/imprensa/noticias/pesquisa_da_ufpi_estuda_veneno_do_sapo_para_tratamento_contra_o_cancer,301
www.crf-al.org.br/pesquisa_da_ufpi_estuda_veneno_do_sapo_para_tratamento_contra_o_cancer,https://institucional.crf-al.org.br/imprensa/noticias/pesquisa_da_ufpi_estuda_veneno_do_sapo_para_tratamento_contra_o_cancer,301
www.crf-al.org.br/venda-de-ivermectina-passa-ser-feita-com-retencao-de-receita/,https://institucional.crf-al.org.br/imprensa/noticias/venda-de-ivermectina-passa-ser-feita-com-retencao-de-receita,301
www.crf-al.org.br/venda-de-ivermectina-passa-ser-feita-com-retencao-de-receita,https://institucional.crf-al.org.br/imprensa/noticias/venda-de-ivermectina-passa-ser-feita-com-retencao-de-receita,301
www.crf-al.org.br/pesquisadores_de_sp_desenvolvem_viagra_verde_com_pimenta_asiatica/,https://institucional.crf-al.org.br/imprensa/noticias/pesquisadores_de_sp_desenvolvem_viagra_verde_com_pimenta_asiatica,301
www.crf-al.org.br/pesquisadores_de_sp_desenvolvem_viagra_verde_com_pimenta_asiatica,https://institucional.crf-al.org.br/imprensa/noticias/pesquisadores_de_sp_desenvolvem_viagra_verde_com_pimenta_asiatica,301
www.crf-al.org.br/congresso_mundial_de_farmacia_reune_2_mil_profissionais_e_estudantes_em_gramado_rs/,https://institucional.crf-al.org.br/imprensa/noticias/congresso_mundial_de_farmacia_reune_2_mil_profissionais_e_estudantes_em_gramado_rs,301
www.crf-al.org.br/congresso_mundial_de_farmacia_reune_2_mil_profissionais_e_estudantes_em_gramado_rs,https://institucional.crf-al.org.br/imprensa/noticias/congresso_mundial_de_farmacia_reune_2_mil_profissionais_e_estudantes_em_gramado_rs,301
www.crf-al.org.br/crfal-lanca-campanha-de-descarte-de-medicamentos-em-maceio-e-arapiraca/,https://institucional.crf-al.org.br/imprensa/noticias/crfal-lanca-campanha-de-descarte-de-medicamentos-em-maceio-e-arapiraca,301
www.crf-al.org.br/crfal-lanca-campanha-de-descarte-de-medicamentos-em-maceio-e-arapiraca,https://institucional.crf-al.org.br/imprensa/noticias/crfal-lanca-campanha-de-descarte-de-medicamentos-em-maceio-e-arapiraca,301
www.crf-al.org.br/depressao_muda_relogio_biologico_veja_o_que_se_sabe_sobre_rotina_cerebral/,https://institucional.crf-al.org.br/imprensa/noticias/depressao_muda_relogio_biologico_veja_o_que_se_sabe_sobre_rotina_cerebral,301
www.crf-al.org.br/depressao_muda_relogio_biologico_veja_o_que_se_sabe_sobre_rotina_cerebral,https://institucional.crf-al.org.br/imprensa/noticias/depressao_muda_relogio_biologico_veja_o_que_se_sabe_sobre_rotina_cerebral,301
www.crf-al.org.br/inscricoes_para_pos_graduacao_em_pericia_criminal_e_ciencias_forense_estao_abertas/,https://institucional.crf-al.org.br/imprensa/noticias/inscricoes_para_pos_graduacao_em_pericia_criminal_e_ciencias_forense_estao_abertas,301
www.crf-al.org.br/inscricoes_para_pos_graduacao_em_pericia_criminal_e_ciencias_forense_estao_abertas,https://institucional.crf-al.org.br/imprensa/noticias/inscricoes_para_pos_graduacao_em_pericia_criminal_e_ciencias_forense_estao_abertas,301
www.crf-al.org.br/fibrose-cistica-farmaceutico-e-o-unico-profissional-habilitado-para-teste-do-suor-em-al/,https://institucional.crf-al.org.br/imprensa/noticias/fibrose-cistica-farmaceutico-e-o-unico-profissional-habilitado-para-teste-do-suor-em-al,301
www.crf-al.org.br/fibrose-cistica-farmaceutico-e-o-unico-profissional-habilitado-para-teste-do-suor-em-al,https://institucional.crf-al.org.br/imprensa/noticias/fibrose-cistica-farmaceutico-e-o-unico-profissional-habilitado-para-teste-do-suor-em-al,301
www.crf-al.org.br/cff-recomenda-que-conselhos-regionais-nao-registrem-graduados-em-ead/,https://institucional.crf-al.org.br/imprensa/noticias/cff-recomenda-que-conselhos-regionais-nao-registrem-graduados-em-ead,301
www.crf-al.org.br/cff-recomenda-que-conselhos-regionais-nao-registrem-graduados-em-ead,https://institucional.crf-al.org.br/imprensa/noticias/cff-recomenda-que-conselhos-regionais-nao-registrem-graduados-em-ead,301
www.crf-al.org.br/estresse_cronico_no_casamento_pode_levar_a_depressao_diz_estudo/,https://institucional.crf-al.org.br/imprensa/noticias/estresse_cronico_no_casamento_pode_levar_a_depressao_diz_estudo,301
www.crf-al.org.br/estresse_cronico_no_casamento_pode_levar_a_depressao_diz_estudo,https://institucional.crf-al.org.br/imprensa/noticias/estresse_cronico_no_casamento_pode_levar_a_depressao_diz_estudo,301
www.crf-al.org.br/agenda_de_eventos_/v-congresso-internacional-de-produtos-naturais-v-copnat/,https://institucional.crf-al.org.br/eventos,301
www.crf-al.org.br/agenda_de_eventos_/v-congresso-internacional-de-produtos-naturais-v-copnat,https://institucional.crf-al.org.br/eventos,301
www.crf-al.org.br/tag/anuidade-2026/,https://institucional.crf-al.org.br/imprensa/noticias,301
www.crf-al.org.br/tag/anuidade-2026,https://institucional.crf-al.org.br/imprensa/noticias,301
www.crf-al.org.br/documentos/requerimento-de-baixa-de-responsabilidade-tecnica/,https://institucional.crf-al.org.br/servicos/requerimentos,301
www.crf-al.org.br/documentos/requerimento-de-baixa-de-responsabilidade-tecnica,https://institucional.crf-al.org.br/servicos/requerimentos,301
www.crf-al.org.br/uso-de-medicamentos-fora-do-prazo-de-validade-pode-acarretar-riscos-saude/,https://institucional.crf-al.org.br/imprensa/noticias/uso-de-medicamentos-fora-do-prazo-de-validade-pode-acarretar-riscos-saude,301
www.crf-al.org.br/uso-de-medicamentos-fora-do-prazo-de-validade-pode-acarretar-riscos-saude,https://institucional.crf-al.org.br/imprensa/noticias/uso-de-medicamentos-fora-do-prazo-de-validade-pode-acarretar-riscos-saude,301
www.crf-al.org.br/medicamento_para_diabetes_combate_alzheimer/,https://institucional.crf-al.org.br/imprensa/noticias/medicamento_para_diabetes_combate_alzheimer,301
www.crf-al.org.br/medicamento_para_diabetes_combate_alzheimer,https://institucional.crf-al.org.br/imprensa/noticias/medicamento_para_diabetes_combate_alzheimer,301
www.crf-al.org.br/farmacia-de-pai-para-os-filhos-conheca-historia-da-familia-amorim/,https://institucional.crf-al.org.br/imprensa/noticias/farmacia-de-pai-para-os-filhos-conheca-historia-da-familia-amorim,301
www.crf-al.org.br/farmacia-de-pai-para-os-filhos-conheca-historia-da-familia-amorim,https://institucional.crf-al.org.br/imprensa/noticias/farmacia-de-pai-para-os-filhos-conheca-historia-da-familia-amorim,301
www.crf-al.org.br/espaco-ciencia-oferta-cursos-de-pos-graduacao-com-desconto-para-farmaceuticos/,https://institucional.crf-al.org.br/imprensa/noticias/espaco-ciencia-oferta-cursos-de-pos-graduacao-com-desconto-para-farmaceuticos,301
www.crf-al.org.br/espaco-ciencia-oferta-cursos-de-pos-graduacao-com-desconto-para-farmaceuticos,https://institucional.crf-al.org.br/imprensa/noticias/espaco-ciencia-oferta-cursos-de-pos-graduacao-com-desconto-para-farmaceuticos,301
www.crf-al.org.br/farmaceuticos-ja-podem-solicitar-o-registro-de-qualificacao-de-especialista-pelo-site-do-cff/,https://institucional.crf-al.org.br/imprensa/noticias/farmaceuticos-ja-podem-solicitar-o-registro-de-qualificacao-de-especialista-pelo-site-do-cff,301
www.crf-al.org.br/farmaceuticos-ja-podem-solicitar-o-registro-de-qualificacao-de-especialista-pelo-site-do-cff,https://institucional.crf-al.org.br/imprensa/noticias/farmaceuticos-ja-podem-solicitar-o-registro-de-qualificacao-de-especialista-pelo-site-do-cff,301
www.crf-al.org.br/fiscalizacao/afastamento-provisorio/,https://institucional.crf-al.org.br/servicos/tutoriais,301
www.crf-al.org.br/fiscalizacao/afastamento-provisorio,https://institucional.crf-al.org.br/servicos/tutoriais,301
www.crf-al.org.br/cadastre-seu-curriculo/,https://institucional.crf-al.org.br/contato,301
www.crf-al.org.br/cadastre-seu-curriculo,https://institucional.crf-al.org.br/contato,301
www.crf-al.org.br/lenalidomida-autorizadas-novas-indicacoes-terapeuticas/,https://institucional.crf-al.org.br/imprensa/noticias/lenalidomida-autorizadas-novas-indicacoes-terapeuticas,301
www.crf-al.org.br/lenalidomida-autorizadas-novas-indicacoes-terapeuticas,https://institucional.crf-al.org.br/imprensa/noticias/lenalidomida-autorizadas-novas-indicacoes-terapeuticas,301
www.crf-al.org.br/hc_lanca_cirurgia_inedita_no_sus_para_tratar_hernia_de_disco/,https://institucional.crf-al.org.br/imprensa/noticias/hc_lanca_cirurgia_inedita_no_sus_para_tratar_hernia_de_disco,301
www.crf-al.org.br/hc_lanca_cirurgia_inedita_no_sus_para_tratar_hernia_de_disco,https://institucional.crf-al.org.br/imprensa/noticias/hc_lanca_cirurgia_inedita_no_sus_para_tratar_hernia_de_disco,301
www.crf-al.org.br/memento_fitoterapico_estimula_uso_de_plantas_medicinais/,https://institucional.crf-al.org.br/imprensa/noticias/memento_fitoterapico_estimula_uso_de_plantas_medicinais,301
www.crf-al.org.br/memento_fitoterapico_estimula_uso_de_plantas_medicinais,https://institucional.crf-al.org.br/imprensa/noticias/memento_fitoterapico_estimula_uso_de_plantas_medicinais,301
www.crf-al.org.br/teste_de_zika_tem_eficacia_so_ate_5o_dia_de_sintomas/,https://institucional.crf-al.org.br/imprensa/noticias/teste_de_zika_tem_eficacia_so_ate_5o_dia_de_sintomas,301
www.crf-al.org.br/teste_de_zika_tem_eficacia_so_ate_5o_dia_de_sintomas,https://institucional.crf-al.org.br/imprensa/noticias/teste_de_zika_tem_eficacia_so_ate_5o_dia_de_sintomas,301
www.crf-al.org.br/farmaceutico_podera_prescrever_remedios_vendidos_sem_receita/,https://institucional.crf-al.org.br/imprensa/noticias/farmaceutico_podera_prescrever_remedios_vendidos_sem_receita,301
www.crf-al.org.br/farmaceutico_podera_prescrever_remedios_vendidos_sem_receita,https://institucional.crf-al.org.br/imprensa/noticias/farmaceutico_podera_prescrever_remedios_vendidos_sem_receita,301
www.crf-al.org.br/recebeu_a_denuncia_de_que_vacinas_causam_microcefalia_ela_esta_errada/,https://institucional.crf-al.org.br/imprensa/noticias/recebeu_a_denuncia_de_que_vacinas_causam_microcefalia_ela_esta_errada,301
www.crf-al.org.br/recebeu_a_denuncia_de_que_vacinas_causam_microcefalia_ela_esta_errada,https://institucional.crf-al.org.br/imprensa/noticias/recebeu_a_denuncia_de_que_vacinas_causam_microcefalia_ela_esta_errada,301
www.crf-al.org.br/anvisa_liberou_37_importacoes_de_pasta_derivada_da_maconha/,https://institucional.crf-al.org.br/imprensa/noticias/anvisa_liberou_37_importacoes_de_pasta_derivada_da_maconha,301
www.crf-al.org.br/anvisa_liberou_37_importacoes_de_pasta_derivada_da_maconha,https://institucional.crf-al.org.br/imprensa/noticias/anvisa_liberou_37_importacoes_de_pasta_derivada_da_maconha,301
www.crf-al.org.br/estudos_de_neurociencia_superaram_a_psicanalise/,https://institucional.crf-al.org.br/imprensa/noticias/estudos_de_neurociencia_superaram_a_psicanalise,301
www.crf-al.org.br/estudos_de_neurociencia_superaram_a_psicanalise,https://institucional.crf-al.org.br/imprensa/noticias/estudos_de_neurociencia_superaram_a_psicanalise,301
www.crf-al.org.br/viagra_para_o_cerebro/,https://institucional.crf-al.org.br/imprensa/noticias/viagra_para_o_cerebro,301
www.crf-al.org.br/viagra_para_o_cerebro,https://institucional.crf-al.org.br/imprensa/noticias/viagra_para_o_cerebro,301
www.crf-al.org.br/crfal-tv/cursos/,https://institucional.crf-al.org.br/,301
www.crf-al.org.br/crfal-tv/cursos,https://institucional.crf-al.org.br/,301
www.crf-al.org.br/crfal-emite-nota-tecnica-sobre-contratacao-de-farmaceuticos/,https://institucional.crf-al.org.br/imprensa/noticias/crfal-emite-nota-tecnica-sobre-contratacao-de-farmaceuticos,301
www.crf-al.org.br/crfal-emite-nota-tecnica-sobre-contratacao-de-farmaceuticos,https://institucional.crf-al.org.br/imprensa/noticias/crfal-emite-nota-tecnica-sobre-contratacao-de-farmaceuticos,301
www.crf-al.org.br/tecnica_mede_consciencia_em_pacientes_com_dano_cerebral/,https://institucional.crf-al.org.br/imprensa/noticias/tecnica_mede_consciencia_em_pacientes_com_dano_cerebral,301
www.crf-al.org.br/tecnica_mede_consciencia_em_pacientes_com_dano_cerebral,https://institucional.crf-al.org.br/imprensa/noticias/tecnica_mede_consciencia_em_pacientes_com_dano_cerebral,301
www.crf-al.org.br/vicio_em_analgesicos_explode_nos_eua/,https://institucional.crf-al.org.br/imprensa/noticias/vicio_em_analgesicos_explode_nos_eua,301
www.crf-al.org.br/vicio_em_analgesicos_explode_nos_eua,https://institucional.crf-al.org.br/imprensa/noticias/vicio_em_analgesicos_explode_nos_eua,301
www.crf-al.org.br/brasil_cria_primeiro_remedio_biologico/,https://institucional.crf-al.org.br/imprensa/noticias/brasil_cria_primeiro_remedio_biologico,301
www.crf-al.org.br/brasil_cria_primeiro_remedio_biologico,https://institucional.crf-al.org.br/imprensa/noticias/brasil_cria_primeiro_remedio_biologico,301
www.crf-al.org.br/planos_de_saude_no_brasil_tem_taxa_de_cesariana_de_ate_99/,https://institucional.crf-al.org.br/imprensa/noticias/planos_de_saude_no_brasil_tem_taxa_de_cesariana_de_ate_99,301
www.crf-al.org.br/planos_de_saude_no_brasil_tem_taxa_de_cesariana_de_ate_99,https://institucional.crf-al.org.br/imprensa/noticias/planos_de_saude_no_brasil_tem_taxa_de_cesariana_de_ate_99,301
www.crf-al.org.br/cigarro_eletronico_e_mais_eficaz_do_que_adesivo_para_parar_de_fumar_diz_estudo/,https://institucional.crf-al.org.br/imprensa/noticias/cigarro_eletronico_e_mais_eficaz_do_que_adesivo_para_parar_de_fumar_diz_estudo,301
www.crf-al.org.br/cigarro_eletronico_e_mais_eficaz_do_que_adesivo_para_parar_de_fumar_diz_estudo,https://institucional.crf-al.org.br/imprensa/noticias/cigarro_eletronico_e_mais_eficaz_do_que_adesivo_para_parar_de_fumar_diz_estudo,301
www.crf-al.org.br/tuberculose-novo-medicamento-reduz-tempo-de-tratamento-pela-metade/,https://institucional.crf-al.org.br/imprensa/noticias/tuberculose-novo-medicamento-reduz-tempo-de-tratamento-pela-metade,301
www.crf-al.org.br/tuberculose-novo-medicamento-reduz-tempo-de-tratamento-pela-metade,https://institucional.crf-al.org.br/imprensa/noticias/tuberculose-novo-medicamento-reduz-tempo-de-tratamento-pela-metade,301
www.crf-al.org.br/na-contramao-da-crise-315-novas-farmacias-sao-abertas-em-alagoas/,https://institucional.crf-al.org.br/imprensa/noticias/na-contramao-da-crise-315-novas-farmacias-sao-abertas-em-alagoas,301
www.crf-al.org.br/na-contramao-da-crise-315-novas-farmacias-sao-abertas-em-alagoas,https://institucional.crf-al.org.br/imprensa/noticias/na-contramao-da-crise-315-novas-farmacias-sao-abertas-em-alagoas,301
www.crf-al.org.br/farmacia-hospitalar-do-hu-atua-na-reducao-em-40-de-gastos-com-antimicrobianos/,https://institucional.crf-al.org.br/imprensa/noticias/farmacia-hospitalar-do-hu-atua-na-reducao-em-40-de-gastos-com-antimicrobianos,301
www.crf-al.org.br/farmacia-hospitalar-do-hu-atua-na-reducao-em-40-de-gastos-com-antimicrobianos,https://institucional.crf-al.org.br/imprensa/noticias/farmacia-hospitalar-do-hu-atua-na-reducao-em-40-de-gastos-com-antimicrobianos,301
www.crf-al.org.br/cff-aprova-resolucao-que-dispoe-sobre-regulamentacao-dos-cursos-livres-de-formacao-complementar/,https://institucional.crf-al.org.br/imprensa/noticias/cff-aprova-resolucao-que-dispoe-sobre-regulamentacao-dos-cursos-livres-de-formacao-complementar,301
www.crf-al.org.br/cff-aprova-resolucao-que-dispoe-sobre-regulamentacao-dos-cursos-livres-de-formacao-complementar,https://institucional.crf-al.org.br/imprensa/noticias/cff-aprova-resolucao-que-dispoe-sobre-regulamentacao-dos-cursos-livres-de-formacao-complementar,301
www.crf-al.org.br/farmaceutica-desenvolve-cosmeticos-base-de-cafe-no-sul-de-mg/,https://institucional.crf-al.org.br/imprensa/noticias/farmaceutica-desenvolve-cosmeticos-base-de-cafe-no-sul-de-mg,301
www.crf-al.org.br/farmaceutica-desenvolve-cosmeticos-base-de-cafe-no-sul-de-mg,https://institucional.crf-al.org.br/imprensa/noticias/farmaceutica-desenvolve-cosmeticos-base-de-cafe-no-sul-de-mg,301
www.crf-al.org.br/capacitacao-em-aplicacao-de-injetaveis-arapiraca/,https://institucional.crf-al.org.br/imprensa/noticias/capacitacao-em-aplicacao-de-injetaveis-arapiraca,301
www.crf-al.org.br/capacitacao-em-aplicacao-de-injetaveis-arapiraca,https://institucional.crf-al.org.br/imprensa/noticias/capacitacao-em-aplicacao-de-injetaveis-arapiraca,301
www.crf-al.org.br/consumo_em_excesso_de_certos_alimentos_aumenta_o_risco_de_cancer/,https://institucional.crf-al.org.br/imprensa/noticias/consumo_em_excesso_de_certos_alimentos_aumenta_o_risco_de_cancer,301
www.crf-al.org.br/consumo_em_excesso_de_certos_alimentos_aumenta_o_risco_de_cancer,https://institucional.crf-al.org.br/imprensa/noticias/consumo_em_excesso_de_certos_alimentos_aumenta_o_risco_de_cancer,301
www.crf-al.org.br/no-dia-do-perito-criminal-crf-al-traz-a-historia-do-farmaceutico-perito-ken-ichi-namba/,https://institucional.crf-al.org.br/imprensa/noticias/no-dia-do-perito-criminal-crf-al-traz-a-historia-do-farmaceutico-perito-ken-ichi-namba,301
www.crf-al.org.br/no-dia-do-perito-criminal-crf-al-traz-a-historia-do-farmaceutico-perito-ken-ichi-namba,https://institucional.crf-al.org.br/imprensa/noticias/no-dia-do-perito-criminal-crf-al-traz-a-historia-do-farmaceutico-perito-ken-ichi-namba,301
www.crf-al.org.br/horario-de-funcionamento/,https://institucional.crf-al.org.br/imprensa/noticias/horario-de-funcionamento,301
www.crf-al.org.br/horario-de-funcionamento,https://institucional.crf-al.org.br/imprensa/noticias/horario-de-funcionamento,301
www.crf-al.org.br/crf-seccional-funciona-em-novo-endereco-partir-de-quarta-17/,https://institucional.crf-al.org.br/imprensa/noticias/crf-seccional-funciona-em-novo-endereco-partir-de-quarta-17,301
www.crf-al.org.br/crf-seccional-funciona-em-novo-endereco-partir-de-quarta-17,https://institucional.crf-al.org.br/imprensa/noticias/crf-seccional-funciona-em-novo-endereco-partir-de-quarta-17,301
www.crf-al.org.br/fiscalizacao/plano-de-fiscalizacao-anual/,https://institucional.crf-al.org.br/fiscalizacao/plano-de-fiscalizacao-anual,301
www.crf-al.org.br/fiscalizacao/plano-de-fiscalizacao-anual,https://institucional.crf-al.org.br/fiscalizacao/plano-de-fiscalizacao-anual,301
www.crf-al.org.br/de_acordo_com_a_resolucao_no_494_de_26_de_novembro_de_2008_a_nova_carteira_dos_farmaceuticos_tera_chip_com_dados_e_impressao_digital_a_partir_do_dia_09_09_2013/,https://institucional.crf-al.org.br/imprensa/noticias/de_acordo_com_a_resolucao_no_494_de_26_de_novembro_de_2008_a_nova_carteira_dos_farmaceuticos_tera_chip_com_dados_e_impressao_digital_a_partir_do_dia_09_09_2013,301
www.crf-al.org.br/de_acordo_com_a_resolucao_no_494_de_26_de_novembro_de_2008_a_nova_carteira_dos_farmaceuticos_tera_chip_com_dados_e_impressao_digital_a_partir_do_dia_09_09_2013,https://institucional.crf-al.org.br/imprensa/noticias/de_acordo_com_a_resolucao_no_494_de_26_de_novembro_de_2008_a_nova_carteira_dos_farmaceuticos_tera_chip_com_dados_e_impressao_digital_a_partir_do_dia_09_09_2013,301
www.crf-al.org.br/estudo_usa_vermes_para_controlar_doenca_celiaca/,https://institucional.crf-al.org.br/imprensa/noticias/estudo_usa_vermes_para_controlar_doenca_celiaca,301
www.crf-al.org.br/estudo_usa_vermes_para_controlar_doenca_celiaca,https://institucional.crf-al.org.br/imprensa/noticias/estudo_usa_vermes_para_controlar_doenca_celiaca,301
www.crf-al.org.br/depois-de-20-anos-sete-farmaceuticos-aprovados-em-concurso-da-sesau-sao-convocados/,https://institucional.crf-al.org.br/imprensa/noticias/depois-de-20-anos-sete-farmaceuticos-aprovados-em-concurso-da-sesau-sao-convocados,301
www.crf-al.org.br/depois-de-20-anos-sete-farmaceuticos-aprovados-em-concurso-da-sesau-sao-convocados,https://institucional.crf-al.org.br/imprensa/noticias/depois-de-20-anos-sete-farmaceuticos-aprovados-em-concurso-da-sesau-sao-convocados,301
www.crf-al.org.br/agenda-de-eventos/,https://institucional.crf-al.org.br/eventos,301
www.crf-al.org.br/agenda-de-eventos,https://institucional.crf-al.org.br/eventos,301
www.crf-al.org.br/femsa-salud-abre-vagas-para-farmaceuticos-trabalharem-no-chile/,https://institucional.crf-al.org.br/imprensa/noticias/femsa-salud-abre-vagas-para-farmaceuticos-trabalharem-no-chile,301
www.crf-al.org.br/femsa-salud-abre-vagas-para-farmaceuticos-trabalharem-no-chile,https://institucional.crf-al.org.br/imprensa/noticias/femsa-salud-abre-vagas-para-farmaceuticos-trabalharem-no-chile,301
www.crf-al.org.br/crf-al-firma-convenio-com-instituicao-de-pos-graduacao/,https://institucional.crf-al.org.br/imprensa/noticias/crf-al-firma-convenio-com-instituicao-de-pos-graduacao,301
www.crf-al.org.br/crf-al-firma-convenio-com-instituicao-de-pos-graduacao,https://institucional.crf-al.org.br/imprensa/noticias/crf-al-firma-convenio-com-instituicao-de-pos-graduacao,301
www.crf-al.org.br/fapesp_divulga_fraudes_cientificas_e_punicoes_a_pesquisadores/,https://institucional.crf-al.org.br/imprensa/noticias/fapesp_divulga_fraudes_cientificas_e_punicoes_a_pesquisadores,301
www.crf-al.org.br/fapesp_divulga_fraudes_cientificas_e_punicoes_a_pesquisadores,https://institucional.crf-al.org.br/imprensa/noticias/fapesp_divulga_fraudes_cientificas_e_punicoes_a_pesquisadores,301
www.crf-al.org.br/micromedex-libera-acesso-gratuito-por-30-dias-veja-como-acessar/,https://institucional.crf-al.org.br/imprensa/noticias/micromedex-libera-acesso-gratuito-por-30-dias-veja-como-acessar,301
www.crf-al.org.br/micromedex-libera-acesso-gratuito-por-30-dias-veja-como-acessar,https://institucional.crf-al.org.br/imprensa/noticias/micromedex-libera-acesso-gratuito-por-30-dias-veja-como-acessar,301
www.crf-al.org.br/numero_de_pintas_no_braco_pode_sinalizar_propensao_a_cancer_de_pele_indica_pesquisa/,https://institucional.crf-al.org.br/imprensa/noticias/numero_de_pintas_no_braco_pode_sinalizar_propensao_a_cancer_de_pele_indica_pesquisa,301
www.crf-al.org.br/numero_de_pintas_no_braco_pode_sinalizar_propensao_a_cancer_de_pele_indica_pesquisa,https://institucional.crf-al.org.br/imprensa/noticias/numero_de_pintas_no_braco_pode_sinalizar_propensao_a_cancer_de_pele_indica_pesquisa,301
www.crf-al.org.br/pacientes_com_hiv_passam_a_ter_acesso_a_remedio_3_em_1_pelo_sus/,https://institucional.crf-al.org.br/imprensa/noticias/pacientes_com_hiv_passam_a_ter_acesso_a_remedio_3_em_1_pelo_sus,301
www.crf-al.org.br/pacientes_com_hiv_passam_a_ter_acesso_a_remedio_3_em_1_pelo_sus,https://institucional.crf-al.org.br/imprensa/noticias/pacientes_com_hiv_passam_a_ter_acesso_a_remedio_3_em_1_pelo_sus,301
www.crf-al.org.br/estudo_associa_insonia_do_adolescente_a_depressao_e_ansiedade/,https://institucional.crf-al.org.br/imprensa/noticias/estudo_associa_insonia_do_adolescente_a_depressao_e_ansiedade,301
www.crf-al.org.br/estudo_associa_insonia_do_adolescente_a_depressao_e_ansiedade,https://institucional.crf-al.org.br/imprensa/noticias/estudo_associa_insonia_do_adolescente_a_depressao_e_ansiedade,301
www.crf-al.org.br/processos-por-erro-medico-crescem-506-em-um-ano-no-brasil/,https://institucional.crf-al.org.br/imprensa/noticias/processos-por-erro-medico-crescem-506-em-um-ano-no-brasil,301
www.crf-al.org.br/processos-por-erro-medico-crescem-506-em-um-ano-no-brasil,https://institucional.crf-al.org.br/imprensa/noticias/processos-por-erro-medico-crescem-506-em-um-ano-no-brasil,301
www.crf-al.org.br/publicada-resolucao-do-novo-codigo-de-etica-farmaceutica/,https://institucional.crf-al.org.br/imprensa/noticias/publicada-resolucao-do-novo-codigo-de-etica-farmaceutica,301
www.crf-al.org.br/publicada-resolucao-do-novo-codigo-de-etica-farmaceutica,https://institucional.crf-al.org.br/imprensa/noticias/publicada-resolucao-do-novo-codigo-de-etica-farmaceutica,301
www.crf-al.org.br/setor-de-negociacao-promove-regularizacao-de-anuidade-e-multas-em-atraso/,https://institucional.crf-al.org.br/imprensa/noticias/setor-de-negociacao-promove-regularizacao-de-anuidade-e-multas-em-atraso,301
www.crf-al.org.br/setor-de-negociacao-promove-regularizacao-de-anuidade-e-multas-em-atraso,https://institucional.crf-al.org.br/imprensa/noticias/setor-de-negociacao-promove-regularizacao-de-anuidade-e-multas-em-atraso,301
www.crf-al.org.br/crfal-esclarece-questionamentos-sobre-registro-profissional-de-alunos-de-ead/,https://institucional.crf-al.org.br/imprensa/noticias/crfal-esclarece-questionamentos-sobre-registro-profissional-de-alunos-de-ead,301
www.crf-al.org.br/crfal-esclarece-questionamentos-sobre-registro-profissional-de-alunos-de-ead,https://institucional.crf-al.org.br/imprensa/noticias/crfal-esclarece-questionamentos-sobre-registro-profissional-de-alunos-de-ead,301
www.crf-al.org.br/o-farmaceutico-e-os-cuidados-com-saude-psiquica/,https://institucional.crf-al.org.br/imprensa/noticias/o-farmaceutico-e-os-cuidados-com-saude-psiquica,301
www.crf-al.org.br/o-farmaceutico-e-os-cuidados-com-saude-psiquica,https://institucional.crf-al.org.br/imprensa/noticias/o-farmaceutico-e-os-cuidados-com-saude-psiquica,301
www.crf-al.org.br/7334-2/,https://institucional.crf-al.org.br/imprensa/noticias/7334-2,301
www.crf-al.org.br/7334-2,https://institucional.crf-al.org.br/imprensa/noticias/7334-2,301
www.crf-al.org.br/criterio_para_aceitar_doacao_de_sangue_varia_em_relacao_a_parceiros_sexuais/,https://institucional.crf-al.org.br/imprensa/noticias/criterio_para_aceitar_doacao_de_sangue_varia_em_relacao_a_parceiros_sexuais,301
www.crf-al.org.br/criterio_para_aceitar_doacao_de_sangue_varia_em_relacao_a_parceiros_sexuais,https://institucional.crf-al.org.br/imprensa/noticias/criterio_para_aceitar_doacao_de_sangue_varia_em_relacao_a_parceiros_sexuais,301
www.crf-al.org.br/saude-abre-inscricoes-para-novos-polos-do-curso-gratuito-de-auriculoterapia/,https://institucional.crf-al.org.br/imprensa/noticias/saude-abre-inscricoes-para-novos-polos-do-curso-gratuito-de-auriculoterapia,301
www.crf-al.org.br/saude-abre-inscricoes-para-novos-polos-do-curso-gratuito-de-auriculoterapia,https://institucional.crf-al.org.br/imprensa/noticias/saude-abre-inscricoes-para-novos-polos-do-curso-gratuito-de-auriculoterapia,301
www.crf-al.org.br/anvisa_anuncia_suspensao_de_lotes_de_dois_antidepressivos/,https://institucional.crf-al.org.br/imprensa/noticias/anvisa_anuncia_suspensao_de_lotes_de_dois_antidepressivos,301
www.crf-al.org.br/anvisa_anuncia_suspensao_de_lotes_de_dois_antidepressivos,https://institucional.crf-al.org.br/imprensa/noticias/anvisa_anuncia_suspensao_de_lotes_de_dois_antidepressivos,301
www.crf-al.org.br/nossos-servicos/,https://institucional.crf-al.org.br/servicos/requerimentos,301
www.crf-al.org.br/nossos-servicos,https://institucional.crf-al.org.br/servicos/requerimentos,301
www.crf-al.org.br/boletos-de-anuidade-ja-estao-disponiveis-pelo-crfweb/,https://institucional.crf-al.org.br/imprensa/noticias/boletos-de-anuidade-ja-estao-disponiveis-pelo-crfweb,301
www.crf-al.org.br/boletos-de-anuidade-ja-estao-disponiveis-pelo-crfweb,https://institucional.crf-al.org.br/imprensa/noticias/boletos-de-anuidade-ja-estao-disponiveis-pelo-crfweb,301
www.crf-al.org.br/presidente/,https://institucional.crf-al.org.br/instituicao/diretoria,301
www.crf-al.org.br/presidente,https://institucional.crf-al.org.br/instituicao/diretoria,301
www.crf-al.org.br/documentos/,https://institucional.crf-al.org.br/servicos/requerimentos,301
www.crf-al.org.br/documentos,https://institucional.crf-al.org.br/servicos/requerimentos,301
www.crf-al.org.br/sindfal-consegue-reajuste-salarial-e-mantem-conquistas-para-farmaceuticos/,https://institucional.crf-al.org.br/imprensa/noticias/sindfal-consegue-reajuste-salarial-e-mantem-conquistas-para-farmaceuticos,301
www.crf-al.org.br/sindfal-consegue-reajuste-salarial-e-mantem-conquistas-para-farmaceuticos,https://institucional.crf-al.org.br/imprensa/noticias/sindfal-consegue-reajuste-salarial-e-mantem-conquistas-para-farmaceuticos,301
www.crf-al.org.br/comenda-do-merito-farmaceutico/,https://institucional.crf-al.org.br/imprensa/noticias/comenda-do-merito-farmaceutico,301
www.crf-al.org.br/comenda-do-merito-farmaceutico,https://institucional.crf-al.org.br/imprensa/noticias/comenda-do-merito-farmaceutico,301
www.crf-al.org.br/agenda_de_eventos_/iii-congresso-alagoano-de-farmacia/,https://institucional.crf-al.org.br/eventos,301
www.crf-al.org.br/agenda_de_eventos_/iii-congresso-alagoano-de-farmacia,https://institucional.crf-al.org.br/eventos,301
www.crf-al.org.br/o_que_sao_as_doencas_autoimunes/,https://institucional.crf-al.org.br/imprensa/noticias/o_que_sao_as_doencas_autoimunes,301
www.crf-al.org.br/o_que_sao_as_doencas_autoimunes,https://institucional.crf-al.org.br/imprensa/noticias/o_que_sao_as_doencas_autoimunes,301
www.crf-al.org.br/hpv_reduz_a_fertilidade_masculina_aponta_estudo/,https://institucional.crf-al.org.br/imprensa/noticias/hpv_reduz_a_fertilidade_masculina_aponta_estudo,301
www.crf-al.org.br/hpv_reduz_a_fertilidade_masculina_aponta_estudo,https://institucional.crf-al.org.br/imprensa/noticias/hpv_reduz_a_fertilidade_masculina_aponta_estudo,301
www.crf-al.org.br/jovem_paraplegico_usa_exoesqueleto_e_chuta_bola_na_abertura_da_copa/,https://institucional.crf-al.org.br/imprensa/noticias/jovem_paraplegico_usa_exoesqueleto_e_chuta_bola_na_abertura_da_copa,301
www.crf-al.org.br/jovem_paraplegico_usa_exoesqueleto_e_chuta_bola_na_abertura_da_copa,https://institucional.crf-al.org.br/imprensa/noticias/jovem_paraplegico_usa_exoesqueleto_e_chuta_bola_na_abertura_da_copa,301
www.crf-al.org.br/arapiraca-farmacia-de-manipulacao-consegue-liminar-para-manipular-o-canabidiol/,https://institucional.crf-al.org.br/imprensa/noticias/arapiraca-farmacia-de-manipulacao-consegue-liminar-para-manipular-o-canabidiol,301
www.crf-al.org.br/arapiraca-farmacia-de-manipulacao-consegue-liminar-para-manipular-o-canabidiol,https://institucional.crf-al.org.br/imprensa/noticias/arapiraca-farmacia-de-manipulacao-consegue-liminar-para-manipular-o-canabidiol,301
www.crf-al.org.br/planta_da_maconha_pode_ajudar_a_tratar_fraturas_diz_estudo/,https://institucional.crf-al.org.br/imprensa/noticias/planta_da_maconha_pode_ajudar_a_tratar_fraturas_diz_estudo,301
www.crf-al.org.br/planta_da_maconha_pode_ajudar_a_tratar_fraturas_diz_estudo,https://institucional.crf-al.org.br/imprensa/noticias/planta_da_maconha_pode_ajudar_a_tratar_fraturas_diz_estudo,301
www.crf-al.org.br/seccional-arapiraca-funcionara-de-8h-as-14h-a-partir-do-dia-01-de-julho/,https://institucional.crf-al.org.br/imprensa/noticias/seccional-arapiraca-funcionara-de-8h-as-14h-a-partir-do-dia-01-de-julho,301
www.crf-al.org.br/seccional-arapiraca-funcionara-de-8h-as-14h-a-partir-do-dia-01-de-julho,https://institucional.crf-al.org.br/imprensa/noticias/seccional-arapiraca-funcionara-de-8h-as-14h-a-partir-do-dia-01-de-julho,301
www.crf-al.org.br/rui-palmeira-reinaugura-unidade-de-saude-do-rosane-collor/,https://institucional.crf-al.org.br/imprensa/noticias/rui-palmeira-reinaugura-unidade-de-saude-do-rosane-collor,301
www.crf-al.org.br/rui-palmeira-reinaugura-unidade-de-saude-do-rosane-collor,https://institucional.crf-al.org.br/imprensa/noticias/rui-palmeira-reinaugura-unidade-de-saude-do-rosane-collor,301
www.crf-al.org.br/nove_antibioticos_passam_a_ter_retencao_de_receita/,https://institucional.crf-al.org.br/imprensa/noticias/nove_antibioticos_passam_a_ter_retencao_de_receita,301
www.crf-al.org.br/nove_antibioticos_passam_a_ter_retencao_de_receita,https://institucional.crf-al.org.br/imprensa/noticias/nove_antibioticos_passam_a_ter_retencao_de_receita,301
www.crf-al.org.br/farmaceutico-explica-quais-as-diferencas-dos-testes-disponiveis-no-mercado/,https://institucional.crf-al.org.br/imprensa/noticias/farmaceutico-explica-quais-as-diferencas-dos-testes-disponiveis-no-mercado,301
www.crf-al.org.br/farmaceutico-explica-quais-as-diferencas-dos-testes-disponiveis-no-mercado,https://institucional.crf-al.org.br/imprensa/noticias/farmaceutico-explica-quais-as-diferencas-dos-testes-disponiveis-no-mercado,301
www.crf-al.org.br/farmaceutico-humberto-medeiros-fala-sobre-o-que-e-a-doenca-falciforme-e-o-seu-tratamento/,https://institucional.crf-al.org.br/imprensa/noticias/farmaceutico-humberto-medeiros-fala-sobre-o-que-e-a-doenca-falciforme-e-o-seu-tratamento,301
www.crf-al.org.br/farmaceutico-humberto-medeiros-fala-sobre-o-que-e-a-doenca-falciforme-e-o-seu-tratamento,https://institucional.crf-al.org.br/imprensa/noticias/farmaceutico-humberto-medeiros-fala-sobre-o-que-e-a-doenca-falciforme-e-o-seu-tratamento,301
www.crf-al.org.br/pesquisa-mostra-que-populacao-busca-farmaceutico-para-orientacao-de-uso-de-medicamentos/,https://institucional.crf-al.org.br/imprensa/noticias/pesquisa-mostra-que-populacao-busca-farmaceutico-para-orientacao-de-uso-de-medicamentos,301
www.crf-al.org.br/pesquisa-mostra-que-populacao-busca-farmaceutico-para-orientacao-de-uso-de-medicamentos,https://institucional.crf-al.org.br/imprensa/noticias/pesquisa-mostra-que-populacao-busca-farmaceutico-para-orientacao-de-uso-de-medicamentos,301
www.crf-al.org.br/farmacias-em-alagoas-ja-estao-ofertando-servicos-de-testes-rapidos/,https://institucional.crf-al.org.br/imprensa/noticias/farmacias-em-alagoas-ja-estao-ofertando-servicos-de-testes-rapidos,301
www.crf-al.org.br/farmacias-em-alagoas-ja-estao-ofertando-servicos-de-testes-rapidos,https://institucional.crf-al.org.br/imprensa/noticias/farmacias-em-alagoas-ja-estao-ofertando-servicos-de-testes-rapidos,301
www.crf-al.org.br/requerimento-de-inscricao-profissional-de-farmaceutico-a/,https://institucional.crf-al.org.br/servicos/requerimentos,301
www.crf-al.org.br/requerimento-de-inscricao-profissional-de-farmaceutico-a,https://institucional.crf-al.org.br/servicos/requerimentos,301
www.crf-al.org.br/maceio_recebe_curso_de_injetaveis_no_proximo_dia_29_de_julho/,https://institucional.crf-al.org.br/imprensa/noticias/maceio_recebe_curso_de_injetaveis_no_proximo_dia_29_de_julho,301
www.crf-al.org.br/maceio_recebe_curso_de_injetaveis_no_proximo_dia_29_de_julho,https://institucional.crf-al.org.br/imprensa/noticias/maceio_recebe_curso_de_injetaveis_no_proximo_dia_29_de_julho,301
www.crf-al.org.br/90_dos_brasileiros_tem_medo_do_envelhecimento_diz_pesquisa/,https://institucional.crf-al.org.br/imprensa/noticias/90_dos_brasileiros_tem_medo_do_envelhecimento_diz_pesquisa,301
www.crf-al.org.br/90_dos_brasileiros_tem_medo_do_envelhecimento_diz_pesquisa,https://institucional.crf-al.org.br/imprensa/noticias/90_dos_brasileiros_tem_medo_do_envelhecimento_diz_pesquisa,301
www.crf-al.org.br/fiocruz_lanca_dicionario_sobre_violencia_contra_a_mulher/,https://institucional.crf-al.org.br/imprensa/noticias/fiocruz_lanca_dicionario_sobre_violencia_contra_a_mulher,301
www.crf-al.org.br/fiocruz_lanca_dicionario_sobre_violencia_contra_a_mulher,https://institucional.crf-al.org.br/imprensa/noticias/fiocruz_lanca_dicionario_sobre_violencia_contra_a_mulher,301
www.crf-al.org.br/crfal-tv/namidia/,https://institucional.crf-al.org.br/imprensa/noticias,301
www.crf-al.org.br/crfal-tv/namidia,https://institucional.crf-al.org.br/imprensa/noticias,301
www.crf-al.org.br/ministerio-da-saude-incorpora-medicamento-para-alzheimer-no-sus/,https://institucional.crf-al.org.br/imprensa/noticias/ministerio-da-saude-incorpora-medicamento-para-alzheimer-no-sus,301
www.crf-al.org.br/ministerio-da-saude-incorpora-medicamento-para-alzheimer-no-sus,https://institucional.crf-al.org.br/imprensa/noticias/ministerio-da-saude-incorpora-medicamento-para-alzheimer-no-sus,301
www.crf-al.org.br/farmaceutica-inaugura-farmacia-com-atendimento-clinico-em-arapiraca/,https://institucional.crf-al.org.br/imprensa/noticias/farmaceutica-inaugura-farmacia-com-atendimento-clinico-em-arapiraca,301
www.crf-al.org.br/farmaceutica-inaugura-farmacia-com-atendimento-clinico-em-arapiraca,https://institucional.crf-al.org.br/imprensa/noticias/farmaceutica-inaugura-farmacia-com-atendimento-clinico-em-arapiraca,301
www.crf-al.org.br/sarampo-criancas-que-forem-para-municipios-em-situacao-de-risco-devem-ser-vacinadas/,https://institucional.crf-al.org.br/imprensa/noticias/sarampo-criancas-que-forem-para-municipios-em-situacao-de-risco-devem-ser-vacinadas,301
www.crf-al.org.br/sarampo-criancas-que-forem-para-municipios-em-situacao-de-risco-devem-ser-vacinadas,https://institucional.crf-al.org.br/imprensa/noticias/sarampo-criancas-que-forem-para-municipios-em-situacao-de-risco-devem-ser-vacinadas,301
www.crf-al.org.br/daltonico_ouve_cores_com_antena_implantada_na_cabeca/,https://institucional.crf-al.org.br/imprensa/noticias/daltonico_ouve_cores_com_antena_implantada_na_cabeca,301
www.crf-al.org.br/daltonico_ouve_cores_com_antena_implantada_na_cabeca,https://institucional.crf-al.org.br/imprensa/noticias/daltonico_ouve_cores_com_antena_implantada_na_cabeca,301
www.crf-al.org.br/com-apenas-24-anos-farmaceutica-vanessa-amaral-abriu-sua-propria-farmacia/,https://institucional.crf-al.org.br/imprensa/noticias/com-apenas-24-anos-farmaceutica-vanessa-amaral-abriu-sua-propria-farmacia,301
www.crf-al.org.br/com-apenas-24-anos-farmaceutica-vanessa-amaral-abriu-sua-propria-farmacia,https://institucional.crf-al.org.br/imprensa/noticias/com-apenas-24-anos-farmaceutica-vanessa-amaral-abriu-sua-propria-farmacia,301
www.crf-al.org.br/lei-sobre-validade-indeterminada-de-receitas-ja-esta-valendo/,https://institucional.crf-al.org.br/imprensa/noticias/lei-sobre-validade-indeterminada-de-receitas-ja-esta-valendo,301
www.crf-al.org.br/lei-sobre-validade-indeterminada-de-receitas-ja-esta-valendo,https://institucional.crf-al.org.br/imprensa/noticias/lei-sobre-validade-indeterminada-de-receitas-ja-esta-valendo,301
www.crf-al.org.br/mudancas-na-rotulagem-farmaceutica-explica-como-serao-as-novas-embalagens-dos-medicamentos/,https://institucional.crf-al.org.br/imprensa/noticias/mudancas-na-rotulagem-farmaceutica-explica-como-serao-as-novas-embalagens-dos-medicamentos,301
www.crf-al.org.br/mudancas-na-rotulagem-farmaceutica-explica-como-serao-as-novas-embalagens-dos-medicamentos,https://institucional.crf-al.org.br/imprensa/noticias/mudancas-na-rotulagem-farmaceutica-explica-como-serao-as-novas-embalagens-dos-medicamentos,301
www.crf-al.org.br/cirurgia_desenvolvida_em_sp_devolve_erecao_a_homens_que_operaram_a_prostata/,https://institucional.crf-al.org.br/imprensa/noticias/cirurgia_desenvolvida_em_sp_devolve_erecao_a_homens_que_operaram_a_prostata,301
www.crf-al.org.br/cirurgia_desenvolvida_em_sp_devolve_erecao_a_homens_que_operaram_a_prostata,https://institucional.crf-al.org.br/imprensa/noticias/cirurgia_desenvolvida_em_sp_devolve_erecao_a_homens_que_operaram_a_prostata,301
www.crf-al.org.br/cientistas_descobrem_genes_associados_a_violencia/,https://institucional.crf-al.org.br/imprensa/noticias/cientistas_descobrem_genes_associados_a_violencia,301
www.crf-al.org.br/cientistas_descobrem_genes_associados_a_violencia,https://institucional.crf-al.org.br/imprensa/noticias/cientistas_descobrem_genes_associados_a_violencia,301
www.crf-al.org.br/uma_pilula_antes_e_outra_depois_do_sexo_podem_evitar_a_aids_diz_estudo/,https://institucional.crf-al.org.br/imprensa/noticias/uma_pilula_antes_e_outra_depois_do_sexo_podem_evitar_a_aids_diz_estudo,301
www.crf-al.org.br/uma_pilula_antes_e_outra_depois_do_sexo_podem_evitar_a_aids_diz_estudo,https://institucional.crf-al.org.br/imprensa/noticias/uma_pilula_antes_e_outra_depois_do_sexo_podem_evitar_a_aids_diz_estudo,301
www.crf-al.org.br/farmaceutico-proprietario-reinaugura-loja-em-sao-luiz-do-quitunde/,https://institucional.crf-al.org.br/imprensa/noticias/farmaceutico-proprietario-reinaugura-loja-em-sao-luiz-do-quitunde,301
www.crf-al.org.br/farmaceutico-proprietario-reinaugura-loja-em-sao-luiz-do-quitunde,https://institucional.crf-al.org.br/imprensa/noticias/farmaceutico-proprietario-reinaugura-loja-em-sao-luiz-do-quitunde,301
www.crf-al.org.br/fiscalizacao/processo-administrativo-fiscal/,https://institucional.crf-al.org.br/fiscalizacao/processo-administrativo-fiscal,301
www.crf-al.org.br/fiscalizacao/processo-administrativo-fiscal,https://institucional.crf-al.org.br/fiscalizacao/processo-administrativo-fiscal,301
www.crf-al.org.br/crf-al-se-reune-com-vigilancia-sanitaria-de-rio-largo/,https://institucional.crf-al.org.br/imprensa/noticias/crf-al-se-reune-com-vigilancia-sanitaria-de-rio-largo,301
www.crf-al.org.br/crf-al-se-reune-com-vigilancia-sanitaria-de-rio-largo,https://institucional.crf-al.org.br/imprensa/noticias/crf-al-se-reune-com-vigilancia-sanitaria-de-rio-largo,301
www.crf-al.org.br/estados_unidos_ja_testam_exames_alternativos_a_colonoscopia/,https://institucional.crf-al.org.br/imprensa/noticias/estados_unidos_ja_testam_exames_alternativos_a_colonoscopia,301
www.crf-al.org.br/estados_unidos_ja_testam_exames_alternativos_a_colonoscopia,https://institucional.crf-al.org.br/imprensa/noticias/estados_unidos_ja_testam_exames_alternativos_a_colonoscopia,301
www.crf-al.org.br/crf-al-diploma-nova-diretoria-e-conselheiros-eleitos/,https://institucional.crf-al.org.br/imprensa/noticias/crf-al-diploma-nova-diretoria-e-conselheiros-eleitos,301
www.crf-al.org.br/crf-al-diploma-nova-diretoria-e-conselheiros-eleitos,https://institucional.crf-al.org.br/imprensa/noticias/crf-al-diploma-nova-diretoria-e-conselheiros-eleitos,301
www.crf-al.org.br/projeto_farmacia_viva_tem_apoio_do_conselho_regional_de_farmacia_de_alagoas/,https://institucional.crf-al.org.br/imprensa/noticias/projeto_farmacia_viva_tem_apoio_do_conselho_regional_de_farmacia_de_alagoas,301
www.crf-al.org.br/projeto_farmacia_viva_tem_apoio_do_conselho_regional_de_farmacia_de_alagoas,https://institucional.crf-al.org.br/imprensa/noticias/projeto_farmacia_viva_tem_apoio_do_conselho_regional_de_farmacia_de_alagoas,301
www.crf-al.org.br/tratamento-natural-oleos-essenciais-podem-ser-opcao-para-enfrentar-covid-19/,https://institucional.crf-al.org.br/imprensa/noticias/tratamento-natural-oleos-essenciais-podem-ser-opcao-para-enfrentar-covid-19,301
www.crf-al.org.br/tratamento-natural-oleos-essenciais-podem-ser-opcao-para-enfrentar-covid-19,https://institucional.crf-al.org.br/imprensa/noticias/tratamento-natural-oleos-essenciais-podem-ser-opcao-para-enfrentar-covid-19,301
www.crf-al.org.br/sindfal-lanca-pesquisa-para-conhecer-problemas-da-categoria-farmaceutica/,https://institucional.crf-al.org.br/imprensa/noticias/sindfal-lanca-pesquisa-para-conhecer-problemas-da-categoria-farmaceutica,301
www.crf-al.org.br/sindfal-lanca-pesquisa-para-conhecer-problemas-da-categoria-farmaceutica,https://institucional.crf-al.org.br/imprensa/noticias/sindfal-lanca-pesquisa-para-conhecer-problemas-da-categoria-farmaceutica,301
www.crf-al.org.br/usp_faz_representacao_criminal_contra_criador_da_pilula_do_cancer/,https://institucional.crf-al.org.br/imprensa/noticias/usp_faz_representacao_criminal_contra_criador_da_pilula_do_cancer,301
www.crf-al.org.br/usp_faz_representacao_criminal_contra_criador_da_pilula_do_cancer,https://institucional.crf-al.org.br/imprensa/noticias/usp_faz_representacao_criminal_contra_criador_da_pilula_do_cancer,301
www.crf-al.org.br/documentos/page/2/,https://institucional.crf-al.org.br/servicos/requerimentos,301
www.crf-al.org.br/documentos/page/2,https://institucional.crf-al.org.br/servicos/requerimentos,301
www.crf-al.org.br/08-de-marfarmaceutica-fala-sobre-os-cuidados-com-a-saude-na-menopausa/,https://institucional.crf-al.org.br/imprensa/noticias/08-de-marfarmaceutica-fala-sobre-os-cuidados-com-a-saude-na-menopausa,301
www.crf-al.org.br/08-de-marfarmaceutica-fala-sobre-os-cuidados-com-a-saude-na-menopausa,https://institucional.crf-al.org.br/imprensa/noticias/08-de-marfarmaceutica-fala-sobre-os-cuidados-com-a-saude-na-menopausa,301
www.crf-al.org.br/cff_realiza_xiv_encontro_nacional_de_fiscalizacao/,https://institucional.crf-al.org.br/imprensa/noticias/cff_realiza_xiv_encontro_nacional_de_fiscalizacao,301
www.crf-al.org.br/cff_realiza_xiv_encontro_nacional_de_fiscalizacao,https://institucional.crf-al.org.br/imprensa/noticias/cff_realiza_xiv_encontro_nacional_de_fiscalizacao,301
www.crf-al.org.br/pos-graduacao-crf-al-renova-convenio-com-espaco-ciencia/,https://institucional.crf-al.org.br/imprensa/noticias/pos-graduacao-crf-al-renova-convenio-com-espaco-ciencia,301
www.crf-al.org.br/pos-graduacao-crf-al-renova-convenio-com-espaco-ciencia,https://institucional.crf-al.org.br/imprensa/noticias/pos-graduacao-crf-al-renova-convenio-com-espaco-ciencia,301
www.crf-al.org.br/iii-congresso-alagoano-de-farmacia-esta-com-inscricoes-abertas/,https://institucional.crf-al.org.br/imprensa/noticias/iii-congresso-alagoano-de-farmacia-esta-com-inscricoes-abertas,301
www.crf-al.org.br/iii-congresso-alagoano-de-farmacia-esta-com-inscricoes-abertas,https://institucional.crf-al.org.br/imprensa/noticias/iii-congresso-alagoano-de-farmacia-esta-com-inscricoes-abertas,301
www.crf-al.org.br/dia-nacional-de-combate-ao-fumo-um-em-cada-cinco-jovens-usam-cigarro-eletronico-no-brasil/,https://institucional.crf-al.org.br/imprensa/noticias/dia-nacional-de-combate-ao-fumo-um-em-cada-cinco-jovens-usam-cigarro-eletronico-no-brasil,301
www.crf-al.org.br/dia-nacional-de-combate-ao-fumo-um-em-cada-cinco-jovens-usam-cigarro-eletronico-no-brasil,https://institucional.crf-al.org.br/imprensa/noticias/dia-nacional-de-combate-ao-fumo-um-em-cada-cinco-jovens-usam-cigarro-eletronico-no-brasil,301
www.crf-al.org.br/crfal-premia-11-profissionais-pelos-trabalhos-desenvolvidos-em-2017/,https://institucional.crf-al.org.br/imprensa/noticias/crfal-premia-11-profissionais-pelos-trabalhos-desenvolvidos-em-2017,301
www.crf-al.org.br/crfal-premia-11-profissionais-pelos-trabalhos-desenvolvidos-em-2017,https://institucional.crf-al.org.br/imprensa/noticias/crfal-premia-11-profissionais-pelos-trabalhos-desenvolvidos-em-2017,301
www.crf-al.org.br/importancia-do-farmaceutico-na-prevencao-promocao-e-recuperacao-da-saude/,https://institucional.crf-al.org.br/imprensa/noticias/importancia-do-farmaceutico-na-prevencao-promocao-e-recuperacao-da-saude,301
www.crf-al.org.br/importancia-do-farmaceutico-na-prevencao-promocao-e-recuperacao-da-saude,https://institucional.crf-al.org.br/imprensa/noticias/importancia-do-farmaceutico-na-prevencao-promocao-e-recuperacao-da-saude,301
www.crf-al.org.br/cancer_de_prostata_pode_ser_sexualmente_transmissivel_dizem_cientistas/,https://institucional.crf-al.org.br/imprensa/noticias/cancer_de_prostata_pode_ser_sexualmente_transmissivel_dizem_cientistas,301
www.crf-al.org.br/cancer_de_prostata_pode_ser_sexualmente_transmissivel_dizem_cientistas,https://institucional.crf-al.org.br/imprensa/noticias/cancer_de_prostata_pode_ser_sexualmente_transmissivel_dizem_cientistas,301
www.crf-al.org.br/saliva_de_aedes_tem_poder_anti_inflamatorio/,https://institucional.crf-al.org.br/imprensa/noticias/saliva_de_aedes_tem_poder_anti_inflamatorio,301
www.crf-al.org.br/saliva_de_aedes_tem_poder_anti_inflamatorio,https://institucional.crf-al.org.br/imprensa/noticias/saliva_de_aedes_tem_poder_anti_inflamatorio,301
www.crf-al.org.br/secretaria-geral/,https://institucional.crf-al.org.br/instituicao/diretoria,301
www.crf-al.org.br/secretaria-geral,https://institucional.crf-al.org.br/instituicao/diretoria,301
www.crf-al.org.br/agenda_de_eventos_/congresso-de-harmonizacao-facial-corporal-e-saude-integrativa-congrehof/,https://institucional.crf-al.org.br/eventos,301
www.crf-al.org.br/agenda_de_eventos_/congresso-de-harmonizacao-facial-corporal-e-saude-integrativa-congrehof,https://institucional.crf-al.org.br/eventos,301
www.crf-al.org.br/fiscalizacao/papel-da-fiscalizacao/,https://institucional.crf-al.org.br/fiscalizacao/papel-da-fiscalizacao,301
www.crf-al.org.br/fiscalizacao/papel-da-fiscalizacao,https://institucional.crf-al.org.br/fiscalizacao/papel-da-fiscalizacao,301
www.crf-al.org.br/crf-al-alerta-sobre-os-riscos-da-compra-e-uso-de-medicamentos-falsificados/,https://institucional.crf-al.org.br/imprensa/noticias/crf-al-alerta-sobre-os-riscos-da-compra-e-uso-de-medicamentos-falsificados,301
www.crf-al.org.br/crf-al-alerta-sobre-os-riscos-da-compra-e-uso-de-medicamentos-falsificados,https://institucional.crf-al.org.br/imprensa/noticias/crf-al-alerta-sobre-os-riscos-da-compra-e-uso-de-medicamentos-falsificados,301
www.crf-al.org.br/uso-de-medicamentos-durante-amamentacao-deve-ser-orientado-por-farmaceutico/,https://institucional.crf-al.org.br/imprensa/noticias/uso-de-medicamentos-durante-amamentacao-deve-ser-orientado-por-farmaceutico,301
www.crf-al.org.br/uso-de-medicamentos-durante-amamentacao-deve-ser-orientado-por-farmaceutico,https://institucional.crf-al.org.br/imprensa/noticias/uso-de-medicamentos-durante-amamentacao-deve-ser-orientado-por-farmaceutico,301
www.crf-al.org.br/brasileiro_consome_mais_que_o_dobro_do_sal_recomendado_pela_oms/,https://institucional.crf-al.org.br/imprensa/noticias/brasileiro_consome_mais_que_o_dobro_do_sal_recomendado_pela_oms,301
www.crf-al.org.br/brasileiro_consome_mais_que_o_dobro_do_sal_recomendado_pela_oms,https://institucional.crf-al.org.br/imprensa/noticias/brasileiro_consome_mais_que_o_dobro_do_sal_recomendado_pela_oms,301
www.crf-al.org.br/mais-de-22-mil-farmacias-ja-aderiram-receita-digital-memed/,https://institucional.crf-al.org.br/imprensa/noticias/mais-de-22-mil-farmacias-ja-aderiram-receita-digital-memed,301
www.crf-al.org.br/mais-de-22-mil-farmacias-ja-aderiram-receita-digital-memed,https://institucional.crf-al.org.br/imprensa/noticias/mais-de-22-mil-farmacias-ja-aderiram-receita-digital-memed,301
www.crf-al.org.br/chocolate_pode_prevenir_declinio_da_memoria/,https://institucional.crf-al.org.br/imprensa/noticias/chocolate_pode_prevenir_declinio_da_memoria,301
www.crf-al.org.br/chocolate_pode_prevenir_declinio_da_memoria,https://institucional.crf-al.org.br/imprensa/noticias/chocolate_pode_prevenir_declinio_da_memoria,301
www.crf-al.org.br/prescricao-eletronica-e-programa-farmacia-popular-comprovam-evolucao-do-setor-farmaceutico-durante-pandemia/,https://institucional.crf-al.org.br/imprensa/noticias/prescricao-eletronica-e-programa-farmacia-popular-comprovam-evolucao-do-setor-farmaceutico-durante-pandemia,301
www.crf-al.org.br/prescricao-eletronica-e-programa-farmacia-popular-comprovam-evolucao-do-setor-farmaceutico-durante-pandemia,https://institucional.crf-al.org.br/imprensa/noticias/prescricao-eletronica-e-programa-farmacia-popular-comprovam-evolucao-do-setor-farmaceutico-durante-pandemia,301
www.crf-al.org.br/extrato_de_cafe_e_outros_aditivos_sao_liberados_pela_anvisa_em_cigarros/,https://institucional.crf-al.org.br/imprensa/noticias/extrato_de_cafe_e_outros_aditivos_sao_liberados_pela_anvisa_em_cigarros,301
www.crf-al.org.br/extrato_de_cafe_e_outros_aditivos_sao_liberados_pela_anvisa_em_cigarros,https://institucional.crf-al.org.br/imprensa/noticias/extrato_de_cafe_e_outros_aditivos_sao_liberados_pela_anvisa_em_cigarros,301
www.crf-al.org.br/ministerio-da-saude-faz-campanha-publicitaria-de-alerta-sobre-tuberculose/,https://institucional.crf-al.org.br/imprensa/noticias/ministerio-da-saude-faz-campanha-publicitaria-de-alerta-sobre-tuberculose,301
www.crf-al.org.br/ministerio-da-saude-faz-campanha-publicitaria-de-alerta-sobre-tuberculose,https://institucional.crf-al.org.br/imprensa/noticias/ministerio-da-saude-faz-campanha-publicitaria-de-alerta-sobre-tuberculose,301
www.crf-al.org.br/cff-defende-recursos-de-acessibilidade-para-pessoas-com-deficiencia/,https://institucional.crf-al.org.br/imprensa/noticias/cff-defende-recursos-de-acessibilidade-para-pessoas-com-deficiencia,301
www.crf-al.org.br/cff-defende-recursos-de-acessibilidade-para-pessoas-com-deficiencia,https://institucional.crf-al.org.br/imprensa/noticias/cff-defende-recursos-de-acessibilidade-para-pessoas-com-deficiencia,301
www.crf-al.org.br/farmaceutica-arapiraquense-utiliza-tecnica-do-furinho-humanizado/,https://institucional.crf-al.org.br/imprensa/noticias/farmaceutica-arapiraquense-utiliza-tecnica-do-furinho-humanizado,301
www.crf-al.org.br/farmaceutica-arapiraquense-utiliza-tecnica-do-furinho-humanizado,https://institucional.crf-al.org.br/imprensa/noticias/farmaceutica-arapiraquense-utiliza-tecnica-do-furinho-humanizado,301
www.crf-al.org.br/grupos-de-whatsapp-informar-a-rota-da-fiscalizacao-e-infracao-etica/,https://institucional.crf-al.org.br/imprensa/noticias/grupos-de-whatsapp-informar-a-rota-da-fiscalizacao-e-infracao-etica,301
www.crf-al.org.br/grupos-de-whatsapp-informar-a-rota-da-fiscalizacao-e-infracao-etica,https://institucional.crf-al.org.br/imprensa/noticias/grupos-de-whatsapp-informar-a-rota-da-fiscalizacao-e-infracao-etica,301
www.crf-al.org.br/esclareca-suas-duvidas-sobre-nova-rdc-no-30419/,https://institucional.crf-al.org.br/imprensa/noticias/esclareca-suas-duvidas-sobre-nova-rdc-no-30419,301
www.crf-al.org.br/esclareca-suas-duvidas-sobre-nova-rdc-no-30419,https://institucional.crf-al.org.br/imprensa/noticias/esclareca-suas-duvidas-sobre-nova-rdc-no-30419,301
www.crf-al.org.br/emagrecedor_clandestino_tem_comercio_proibido/,https://institucional.crf-al.org.br/imprensa/noticias/emagrecedor_clandestino_tem_comercio_proibido,301
www.crf-al.org.br/emagrecedor_clandestino_tem_comercio_proibido,https://institucional.crf-al.org.br/imprensa/noticias/emagrecedor_clandestino_tem_comercio_proibido,301
www.crf-al.org.br/deficiencias_no_metabolismo_lipidico_podem_estar_envolvidas_na_patogenese_da_enxaqueca/,https://institucional.crf-al.org.br/imprensa/noticias/deficiencias_no_metabolismo_lipidico_podem_estar_envolvidas_na_patogenese_da_enxaqueca,301
www.crf-al.org.br/deficiencias_no_metabolismo_lipidico_podem_estar_envolvidas_na_patogenese_da_enxaqueca,https://institucional.crf-al.org.br/imprensa/noticias/deficiencias_no_metabolismo_lipidico_podem_estar_envolvidas_na_patogenese_da_enxaqueca,301
www.crf-al.org.br/estudo_alerta_vitaminas_podem_aumentar_risco_de_cancer_de_pulmao/,https://institucional.crf-al.org.br/imprensa/noticias/estudo_alerta_vitaminas_podem_aumentar_risco_de_cancer_de_pulmao,301
www.crf-al.org.br/estudo_alerta_vitaminas_podem_aumentar_risco_de_cancer_de_pulmao,https://institucional.crf-al.org.br/imprensa/noticias/estudo_alerta_vitaminas_podem_aumentar_risco_de_cancer_de_pulmao,301
www.crf-al.org.br/cannabis_pode_ajudar_a_combater_os_efeitos_do_estresse_pos_traumatico/,https://institucional.crf-al.org.br/imprensa/noticias/cannabis_pode_ajudar_a_combater_os_efeitos_do_estresse_pos_traumatico,301
www.crf-al.org.br/cannabis_pode_ajudar_a_combater_os_efeitos_do_estresse_pos_traumatico,https://institucional.crf-al.org.br/imprensa/noticias/cannabis_pode_ajudar_a_combater_os_efeitos_do_estresse_pos_traumatico,301
www.crf-al.org.br/conselhos-garantem-vitoria-no-julgamento-de-recurso-do-processo-contra-tecnico-em-farmacia/,https://institucional.crf-al.org.br/imprensa/noticias/conselhos-garantem-vitoria-no-julgamento-de-recurso-do-processo-contra-tecnico-em-farmacia,301
www.crf-al.org.br/conselhos-garantem-vitoria-no-julgamento-de-recurso-do-processo-contra-tecnico-em-farmacia,https://institucional.crf-al.org.br/imprensa/noticias/conselhos-garantem-vitoria-no-julgamento-de-recurso-do-processo-contra-tecnico-em-farmacia,301
www.crf-al.org.br/oleos_prometem_reduzir_a_fome_mas_faltam_provas_sobre_os_beneficios/,https://institucional.crf-al.org.br/imprensa/noticias/oleos_prometem_reduzir_a_fome_mas_faltam_provas_sobre_os_beneficios,301
www.crf-al.org.br/oleos_prometem_reduzir_a_fome_mas_faltam_provas_sobre_os_beneficios,https://institucional.crf-al.org.br/imprensa/noticias/oleos_prometem_reduzir_a_fome_mas_faltam_provas_sobre_os_beneficios,301
www.crf-al.org.br/anvisa-aprova-primeiro-generico-contra-asma-e-enfisema/,https://institucional.crf-al.org.br/imprensa/noticias/anvisa-aprova-primeiro-generico-contra-asma-e-enfisema,301
www.crf-al.org.br/anvisa-aprova-primeiro-generico-contra-asma-e-enfisema,https://institucional.crf-al.org.br/imprensa/noticias/anvisa-aprova-primeiro-generico-contra-asma-e-enfisema,301
www.crf-al.org.br/crfal-e-sindfal-orientam-farmaceuticos-a-nao-fazer-contrato-de-prestacao-de-servico/,https://institucional.crf-al.org.br/imprensa/noticias/crfal-e-sindfal-orientam-farmaceuticos-a-nao-fazer-contrato-de-prestacao-de-servico,301
www.crf-al.org.br/crfal-e-sindfal-orientam-farmaceuticos-a-nao-fazer-contrato-de-prestacao-de-servico,https://institucional.crf-al.org.br/imprensa/noticias/crfal-e-sindfal-orientam-farmaceuticos-a-nao-fazer-contrato-de-prestacao-de-servico,301
www.crf-al.org.br/vacina_contra_sarampo_nao_causa_autismo_reafirma_estudo/,https://institucional.crf-al.org.br/imprensa/noticias/vacina_contra_sarampo_nao_causa_autismo_reafirma_estudo,301
www.crf-al.org.br/vacina_contra_sarampo_nao_causa_autismo_reafirma_estudo,https://institucional.crf-al.org.br/imprensa/noticias/vacina_contra_sarampo_nao_causa_autismo_reafirma_estudo,301
www.crf-al.org.br/cff_disponibiliza_informacoes_sobre_medicamentos_aos_farmaceuticos/,https://institucional.crf-al.org.br/imprensa/noticias/cff_disponibiliza_informacoes_sobre_medicamentos_aos_farmaceuticos,301
www.crf-al.org.br/cff_disponibiliza_informacoes_sobre_medicamentos_aos_farmaceuticos,https://institucional.crf-al.org.br/imprensa/noticias/cff_disponibiliza_informacoes_sobre_medicamentos_aos_farmaceuticos,301
www.crf-al.org.br/prevencao_no_dna/,https://institucional.crf-al.org.br/imprensa/noticias/prevencao_no_dna,301
www.crf-al.org.br/prevencao_no_dna,https://institucional.crf-al.org.br/imprensa/noticias/prevencao_no_dna,301
www.crf-al.org.br/sofrimento_na_gravidez_altera_a_genetica_do_bebe_diz_estudo/,https://institucional.crf-al.org.br/imprensa/noticias/sofrimento_na_gravidez_altera_a_genetica_do_bebe_diz_estudo,301
www.crf-al.org.br/sofrimento_na_gravidez_altera_a_genetica_do_bebe_diz_estudo,https://institucional.crf-al.org.br/imprensa/noticias/sofrimento_na_gravidez_altera_a_genetica_do_bebe_diz_estudo,301
www.crf-al.org.br/farmaceutica-implanta-consultorio-farmaceutico-em-seu-estabelecimento-de-saude/,https://institucional.crf-al.org.br/imprensa/noticias/farmaceutica-implanta-consultorio-farmaceutico-em-seu-estabelecimento-de-saude,301
www.crf-al.org.br/farmaceutica-implanta-consultorio-farmaceutico-em-seu-estabelecimento-de-saude,https://institucional.crf-al.org.br/imprensa/noticias/farmaceutica-implanta-consultorio-farmaceutico-em-seu-estabelecimento-de-saude,301
www.crf-al.org.br/agenda_de_eventos_/curso-de-aperfeicoamento-em-cannabis-medicinal/,https://institucional.crf-al.org.br/eventos,301
www.crf-al.org.br/agenda_de_eventos_/curso-de-aperfeicoamento-em-cannabis-medicinal,https://institucional.crf-al.org.br/eventos,301
www.crf-al.org.br/presidente-do-crf-e-do-sindicato-dos-farmaceuticos-comemoram-aprovacao-do-piso-do-farmaceutico/,https://institucional.crf-al.org.br/imprensa/noticias/presidente-do-crf-e-do-sindicato-dos-farmaceuticos-comemoram-aprovacao-do-piso-do-farmaceutico,301
www.crf-al.org.br/presidente-do-crf-e-do-sindicato-dos-farmaceuticos-comemoram-aprovacao-do-piso-do-farmaceutico,https://institucional.crf-al.org.br/imprensa/noticias/presidente-do-crf-e-do-sindicato-dos-farmaceuticos-comemoram-aprovacao-do-piso-do-farmaceutico,301
www.crf-al.org.br/infarto_em_mulheres_pode_ser_confundido_com_ansiedade_diz_estudo/,https://institucional.crf-al.org.br/imprensa/noticias/infarto_em_mulheres_pode_ser_confundido_com_ansiedade_diz_estudo,301
www.crf-al.org.br/infarto_em_mulheres_pode_ser_confundido_com_ansiedade_diz_estudo,https://institucional.crf-al.org.br/imprensa/noticias/infarto_em_mulheres_pode_ser_confundido_com_ansiedade_diz_estudo,301
www.crf-al.org.br/curso-cuidado-farmaceutico-no-sus-melhora-atendimento-clinico-em-maceio-al/,https://institucional.crf-al.org.br/imprensa/noticias/curso-cuidado-farmaceutico-no-sus-melhora-atendimento-clinico-em-maceio-al,301
www.crf-al.org.br/curso-cuidado-farmaceutico-no-sus-melhora-atendimento-clinico-em-maceio-al,https://institucional.crf-al.org.br/imprensa/noticias/curso-cuidado-farmaceutico-no-sus-melhora-atendimento-clinico-em-maceio-al,301
www.crf-al.org.br/farmaceutico-anderson-vasconcelos-fala-sobre-o-controle-das-infeccoes-no-ambiente-hospitalar/,https://institucional.crf-al.org.br/imprensa/noticias/farmaceutico-anderson-vasconcelos-fala-sobre-o-controle-das-infeccoes-no-ambiente-hospitalar,301
www.crf-al.org.br/farmaceutico-anderson-vasconcelos-fala-sobre-o-controle-das-infeccoes-no-ambiente-hospitalar,https://institucional.crf-al.org.br/imprensa/noticias/farmaceutico-anderson-vasconcelos-fala-sobre-o-controle-das-infeccoes-no-ambiente-hospitalar,301
www.crf-al.org.br/nova-resolucao-altera-fiscalizacao-do-exercicio-farmaceutico/,https://institucional.crf-al.org.br/imprensa/noticias/nova-resolucao-altera-fiscalizacao-do-exercicio-farmaceutico,301
www.crf-al.org.br/nova-resolucao-altera-fiscalizacao-do-exercicio-farmaceutico,https://institucional.crf-al.org.br/imprensa/noticias/nova-resolucao-altera-fiscalizacao-do-exercicio-farmaceutico,301
www.crf-al.org.br/livros_do_profar_ja_estao_disponiveis/,https://institucional.crf-al.org.br/imprensa/noticias/livros_do_profar_ja_estao_disponiveis,301
www.crf-al.org.br/livros_do_profar_ja_estao_disponiveis,https://institucional.crf-al.org.br/imprensa/noticias/livros_do_profar_ja_estao_disponiveis,301
www.crf-al.org.br/dengue_tipo_5_e_descoberta_apos_analise_de_amostras_colhidas_na_malasia/,https://institucional.crf-al.org.br/imprensa/noticias/dengue_tipo_5_e_descoberta_apos_analise_de_amostras_colhidas_na_malasia,301
www.crf-al.org.br/dengue_tipo_5_e_descoberta_apos_analise_de_amostras_colhidas_na_malasia,https://institucional.crf-al.org.br/imprensa/noticias/dengue_tipo_5_e_descoberta_apos_analise_de_amostras_colhidas_na_malasia,301
www.crf-al.org.br/farmaceuticos_e_educadores_criam_sociedade_brasileira_de_farmacia_clinica/,https://institucional.crf-al.org.br/imprensa/noticias/farmaceuticos_e_educadores_criam_sociedade_brasileira_de_farmacia_clinica,301
www.crf-al.org.br/farmaceuticos_e_educadores_criam_sociedade_brasileira_de_farmacia_clinica,https://institucional.crf-al.org.br/imprensa/noticias/farmaceuticos_e_educadores_criam_sociedade_brasileira_de_farmacia_clinica,301
www.crf-al.org.br/alagoas-tem-17-farmaceuticos-habilitados-para-atuar-na-area-de-estetica/,https://institucional.crf-al.org.br/imprensa/noticias/alagoas-tem-17-farmaceuticos-habilitados-para-atuar-na-area-de-estetica,301
www.crf-al.org.br/alagoas-tem-17-farmaceuticos-habilitados-para-atuar-na-area-de-estetica,https://institucional.crf-al.org.br/imprensa/noticias/alagoas-tem-17-farmaceuticos-habilitados-para-atuar-na-area-de-estetica,301
www.crf-al.org.br/regulamentadas-as-atribuicoes-do-farmaceutico-clinico-intensivista/,https://institucional.crf-al.org.br/imprensa/noticias/regulamentadas-as-atribuicoes-do-farmaceutico-clinico-intensivista,301
www.crf-al.org.br/regulamentadas-as-atribuicoes-do-farmaceutico-clinico-intensivista,https://institucional.crf-al.org.br/imprensa/noticias/regulamentadas-as-atribuicoes-do-farmaceutico-clinico-intensivista,301
www.crf-al.org.br/cancer-de-prostata-conheca-a-atuacao-do-farmaceutico-na-doenca/,https://institucional.crf-al.org.br/imprensa/noticias/cancer-de-prostata-conheca-a-atuacao-do-farmaceutico-na-doenca,301
www.crf-al.org.br/cancer-de-prostata-conheca-a-atuacao-do-farmaceutico-na-doenca,https://institucional.crf-al.org.br/imprensa/noticias/cancer-de-prostata-conheca-a-atuacao-do-farmaceutico-na-doenca,301
www.crf-al.org.br/cientistas_fazem_crescer_cabelo_humano_em_ratos/,https://institucional.crf-al.org.br/imprensa/noticias/cientistas_fazem_crescer_cabelo_humano_em_ratos,301
www.crf-al.org.br/cientistas_fazem_crescer_cabelo_humano_em_ratos,https://institucional.crf-al.org.br/imprensa/noticias/cientistas_fazem_crescer_cabelo_humano_em_ratos,301
www.crf-al.org.br/oferta-de-empregos-para-farmaceuticos-cresceu-80-comparado-ao-mesmo-periodo-do-ano-passado/,https://institucional.crf-al.org.br/imprensa/noticias/oferta-de-empregos-para-farmaceuticos-cresceu-80-comparado-ao-mesmo-periodo-do-ano-passado,301
www.crf-al.org.br/oferta-de-empregos-para-farmaceuticos-cresceu-80-comparado-ao-mesmo-periodo-do-ano-passado,https://institucional.crf-al.org.br/imprensa/noticias/oferta-de-empregos-para-farmaceuticos-cresceu-80-comparado-ao-mesmo-periodo-do-ano-passado,301
www.crf-al.org.br/dia-da-mulher-crf-al-conta-a-historia-da-farmaceutica-graca-leopardi-pioneira-em-alagoas/,https://institucional.crf-al.org.br/imprensa/noticias/dia-da-mulher-crf-al-conta-a-historia-da-farmaceutica-graca-leopardi-pioneira-em-alagoas,301
www.crf-al.org.br/dia-da-mulher-crf-al-conta-a-historia-da-farmaceutica-graca-leopardi-pioneira-em-alagoas,https://institucional.crf-al.org.br/imprensa/noticias/dia-da-mulher-crf-al-conta-a-historia-da-farmaceutica-graca-leopardi-pioneira-em-alagoas,301
www.crf-al.org.br/sindfal-e-crf-al-realizam-workshop-sngpc-novidades-e-aplicacoes-praticas/,https://institucional.crf-al.org.br/imprensa/noticias/sindfal-e-crf-al-realizam-workshop-sngpc-novidades-e-aplicacoes-praticas,301
www.crf-al.org.br/sindfal-e-crf-al-realizam-workshop-sngpc-novidades-e-aplicacoes-praticas,https://institucional.crf-al.org.br/imprensa/noticias/sindfal-e-crf-al-realizam-workshop-sngpc-novidades-e-aplicacoes-praticas,301
www.crf-al.org.br/em-brasilia-piso-nacional-do-farmaceutico-e-aprovado-na-cssf/,https://institucional.crf-al.org.br/imprensa/noticias/em-brasilia-piso-nacional-do-farmaceutico-e-aprovado-na-cssf,301
www.crf-al.org.br/em-brasilia-piso-nacional-do-farmaceutico-e-aprovado-na-cssf,https://institucional.crf-al.org.br/imprensa/noticias/em-brasilia-piso-nacional-do-farmaceutico-e-aprovado-na-cssf,301
www.crf-al.org.br/pacientes-com-dermatite-atopica-passam-a-contar-com-tratamento-integral-no-sus/,https://institucional.crf-al.org.br/imprensa/noticias/pacientes-com-dermatite-atopica-passam-a-contar-com-tratamento-integral-no-sus,301
www.crf-al.org.br/pacientes-com-dermatite-atopica-passam-a-contar-com-tratamento-integral-no-sus,https://institucional.crf-al.org.br/imprensa/noticias/pacientes-com-dermatite-atopica-passam-a-contar-com-tratamento-integral-no-sus,301
www.crf-al.org.br/inscricao-farmaceutica/,https://institucional.crf-al.org.br/servicos/requerimentos,301
www.crf-al.org.br/inscricao-farmaceutica,https://institucional.crf-al.org.br/servicos/requerimentos,301
www.crf-al.org.br/doencas_do_seculo_19_ainda_sao_desafios_para_a_saude_publica/,https://institucional.crf-al.org.br/imprensa/noticias/doencas_do_seculo_19_ainda_sao_desafios_para_a_saude_publica,301
www.crf-al.org.br/doencas_do_seculo_19_ainda_sao_desafios_para_a_saude_publica,https://institucional.crf-al.org.br/imprensa/noticias/doencas_do_seculo_19_ainda_sao_desafios_para_a_saude_publica,301
www.crf-al.org.br/crf-al-entrega-carteiras-definitiva-aos-farmaceuticos/,https://institucional.crf-al.org.br/imprensa/noticias/crf-al-entrega-carteiras-definitiva-aos-farmaceuticos,301
www.crf-al.org.br/crf-al-entrega-carteiras-definitiva-aos-farmaceuticos,https://institucional.crf-al.org.br/imprensa/noticias/crf-al-entrega-carteiras-definitiva-aos-farmaceuticos,301
www.crf-al.org.br/congresso-aborda-25-areas-de-atuacao-do-farmaceutico/,https://institucional.crf-al.org.br/imprensa/noticias/congresso-aborda-25-areas-de-atuacao-do-farmaceutico,301
www.crf-al.org.br/congresso-aborda-25-areas-de-atuacao-do-farmaceutico,https://institucional.crf-al.org.br/imprensa/noticias/congresso-aborda-25-areas-de-atuacao-do-farmaceutico,301
www.crf-al.org.br/nota-de-falecimento-4/,https://institucional.crf-al.org.br/imprensa/noticias/nota-de-falecimento-4,301
www.crf-al.org.br/nota-de-falecimento-4,https://institucional.crf-al.org.br/imprensa/noticias/nota-de-falecimento-4,301
www.crf-al.org.br/anvisa-promove-webinar-sobre-medicina-tradicional-chinesa/,https://institucional.crf-al.org.br/imprensa/noticias/anvisa-promove-webinar-sobre-medicina-tradicional-chinesa,301
www.crf-al.org.br/anvisa-promove-webinar-sobre-medicina-tradicional-chinesa,https://institucional.crf-al.org.br/imprensa/noticias/anvisa-promove-webinar-sobre-medicina-tradicional-chinesa,301
www.crf-al.org.br/ii-congresso-alagoano-de-ciencias-farmaceuticas-tem-103-trabalhos-apresentados/,https://institucional.crf-al.org.br/imprensa/noticias/ii-congresso-alagoano-de-ciencias-farmaceuticas-tem-103-trabalhos-apresentados,301
www.crf-al.org.br/ii-congresso-alagoano-de-ciencias-farmaceuticas-tem-103-trabalhos-apresentados,https://institucional.crf-al.org.br/imprensa/noticias/ii-congresso-alagoano-de-ciencias-farmaceuticas-tem-103-trabalhos-apresentados,301
www.crf-al.org.br/nota-de-falecimento-5/,https://institucional.crf-al.org.br/imprensa/noticias/nota-de-falecimento-5,301
www.crf-al.org.br/nota-de-falecimento-5,https://institucional.crf-al.org.br/imprensa/noticias/nota-de-falecimento-5,301
www.crf-al.org.br/veja-quais-medicamentos-ja-foram-testados-contra-o-coronavirus/,https://institucional.crf-al.org.br/imprensa/noticias/veja-quais-medicamentos-ja-foram-testados-contra-o-coronavirus,301
www.crf-al.org.br/veja-quais-medicamentos-ja-foram-testados-contra-o-coronavirus,https://institucional.crf-al.org.br/imprensa/noticias/veja-quais-medicamentos-ja-foram-testados-contra-o-coronavirus,301
www.crf-al.org.br/pre_diabetes_aumenta_risco_de_ter_diferentes_tipos_de_cancer_diz_estudo/,https://institucional.crf-al.org.br/imprensa/noticias/pre_diabetes_aumenta_risco_de_ter_diferentes_tipos_de_cancer_diz_estudo,301
www.crf-al.org.br/pre_diabetes_aumenta_risco_de_ter_diferentes_tipos_de_cancer_diz_estudo,https://institucional.crf-al.org.br/imprensa/noticias/pre_diabetes_aumenta_risco_de_ter_diferentes_tipos_de_cancer_diz_estudo,301
www.crf-al.org.br/como_a_maconha_afeta_o_cerebro_adolescente/,https://institucional.crf-al.org.br/imprensa/noticias/como_a_maconha_afeta_o_cerebro_adolescente,301
www.crf-al.org.br/como_a_maconha_afeta_o_cerebro_adolescente,https://institucional.crf-al.org.br/imprensa/noticias/como_a_maconha_afeta_o_cerebro_adolescente,301
www.crf-al.org.br/dia-do-beijo-anne-dayse-traz-um-alerta-sobre-a-mononucleose-conhecida-como-doenca-do-beijo/,https://institucional.crf-al.org.br/imprensa/noticias/dia-do-beijo-anne-dayse-traz-um-alerta-sobre-a-mononucleose-conhecida-como-doenca-do-beijo,301
www.crf-al.org.br/dia-do-beijo-anne-dayse-traz-um-alerta-sobre-a-mononucleose-conhecida-como-doenca-do-beijo,https://institucional.crf-al.org.br/imprensa/noticias/dia-do-beijo-anne-dayse-traz-um-alerta-sobre-a-mononucleose-conhecida-como-doenca-do-beijo,301
www.crf-al.org.br/droga_para_cancer_de_mama_pode_ser_1a_usada_antes_de_cirurgia_de_remocao/,https://institucional.crf-al.org.br/imprensa/noticias/droga_para_cancer_de_mama_pode_ser_1a_usada_antes_de_cirurgia_de_remocao,301
www.crf-al.org.br/droga_para_cancer_de_mama_pode_ser_1a_usada_antes_de_cirurgia_de_remocao,https://institucional.crf-al.org.br/imprensa/noticias/droga_para_cancer_de_mama_pode_ser_1a_usada_antes_de_cirurgia_de_remocao,301
www.crf-al.org.br/especie_de_barbeiro_tem_genoma_mapeado/,https://institucional.crf-al.org.br/imprensa/noticias/especie_de_barbeiro_tem_genoma_mapeado,301
www.crf-al.org.br/especie_de_barbeiro_tem_genoma_mapeado,https://institucional.crf-al.org.br/imprensa/noticias/especie_de_barbeiro_tem_genoma_mapeado,301
www.crf-al.org.br/virus_do_zika_tambem_pode_estar_ligado_a_lesoes_no_cerebro_de_adultos/,https://institucional.crf-al.org.br/imprensa/noticias/virus_do_zika_tambem_pode_estar_ligado_a_lesoes_no_cerebro_de_adultos,301
www.crf-al.org.br/virus_do_zika_tambem_pode_estar_ligado_a_lesoes_no_cerebro_de_adultos,https://institucional.crf-al.org.br/imprensa/noticias/virus_do_zika_tambem_pode_estar_ligado_a_lesoes_no_cerebro_de_adultos,301
www.crf-al.org.br/estudo_mostra_uma_tripla_helice_do_dna_que_desliga_genes/,https://institucional.crf-al.org.br/imprensa/noticias/estudo_mostra_uma_tripla_helice_do_dna_que_desliga_genes,301
www.crf-al.org.br/estudo_mostra_uma_tripla_helice_do_dna_que_desliga_genes,https://institucional.crf-al.org.br/imprensa/noticias/estudo_mostra_uma_tripla_helice_do_dna_que_desliga_genes,301
www.crf-al.org.br/covid-19-fiocruz-lanca-curso-ead-de-atencao-psicossocial-e-saude-mental/,https://institucional.crf-al.org.br/imprensa/noticias/covid-19-fiocruz-lanca-curso-ead-de-atencao-psicossocial-e-saude-mental,301
www.crf-al.org.br/covid-19-fiocruz-lanca-curso-ead-de-atencao-psicossocial-e-saude-mental,https://institucional.crf-al.org.br/imprensa/noticias/covid-19-fiocruz-lanca-curso-ead-de-atencao-psicossocial-e-saude-mental,301
www.crf-al.org.br/o_peso_do_sedentarismo/,https://institucional.crf-al.org.br/imprensa/noticias/o_peso_do_sedentarismo,301
www.crf-al.org.br/o_peso_do_sedentarismo,https://institucional.crf-al.org.br/imprensa/noticias/o_peso_do_sedentarismo,301
www.crf-al.org.br/nota-de-falecimento-eliane-pereira-dos-santos/,https://institucional.crf-al.org.br/imprensa/noticias/nota-de-falecimento-eliane-pereira-dos-santos,301
www.crf-al.org.br/nota-de-falecimento-eliane-pereira-dos-santos,https://institucional.crf-al.org.br/imprensa/noticias/nota-de-falecimento-eliane-pereira-dos-santos,301
www.crf-al.org.br/mulheres-na-ciencia-conheca-a-historia-da-farmaceutica-pesquisadora-marilia-goulart/,https://institucional.crf-al.org.br/imprensa/noticias/mulheres-na-ciencia-conheca-a-historia-da-farmaceutica-pesquisadora-marilia-goulart,301
www.crf-al.org.br/mulheres-na-ciencia-conheca-a-historia-da-farmaceutica-pesquisadora-marilia-goulart,https://institucional.crf-al.org.br/imprensa/noticias/mulheres-na-ciencia-conheca-a-historia-da-farmaceutica-pesquisadora-marilia-goulart,301
www.crf-al.org.br/janeiro-branco-farmaceutica-fala-sobre-os-beneficios-do-reiki-para-saude-mental-e-emocional/,https://institucional.crf-al.org.br/imprensa/noticias/janeiro-branco-farmaceutica-fala-sobre-os-beneficios-do-reiki-para-saude-mental-e-emocional,301
www.crf-al.org.br/janeiro-branco-farmaceutica-fala-sobre-os-beneficios-do-reiki-para-saude-mental-e-emocional,https://institucional.crf-al.org.br/imprensa/noticias/janeiro-branco-farmaceutica-fala-sobre-os-beneficios-do-reiki-para-saude-mental-e-emocional,301
www.crf-al.org.br/anvisa_esclarece_sobre_importacao_de_medicamentos_sem_registro_no_brasil/,https://institucional.crf-al.org.br/imprensa/noticias/anvisa_esclarece_sobre_importacao_de_medicamentos_sem_registro_no_brasil,301
www.crf-al.org.br/anvisa_esclarece_sobre_importacao_de_medicamentos_sem_registro_no_brasil,https://institucional.crf-al.org.br/imprensa/noticias/anvisa_esclarece_sobre_importacao_de_medicamentos_sem_registro_no_brasil,301
www.crf-al.org.br/saiba_os_cuidados_que_as_gravidas_e_lactantes_tem_que_ter_com_o_zika/,https://institucional.crf-al.org.br/imprensa/noticias/saiba_os_cuidados_que_as_gravidas_e_lactantes_tem_que_ter_com_o_zika,301
www.crf-al.org.br/saiba_os_cuidados_que_as_gravidas_e_lactantes_tem_que_ter_com_o_zika,https://institucional.crf-al.org.br/imprensa/noticias/saiba_os_cuidados_que_as_gravidas_e_lactantes_tem_que_ter_com_o_zika,301
www.crf-al.org.br/remdesivir-medicamento-aprovado-pela-anvisa-e-de-alto-custo-e-de-uso-exclusivo-para-hospitais/,https://institucional.crf-al.org.br/imprensa/noticias/remdesivir-medicamento-aprovado-pela-anvisa-e-de-alto-custo-e-de-uso-exclusivo-para-hospitais,301
www.crf-al.org.br/remdesivir-medicamento-aprovado-pela-anvisa-e-de-alto-custo-e-de-uso-exclusivo-para-hospitais,https://institucional.crf-al.org.br/imprensa/noticias/remdesivir-medicamento-aprovado-pela-anvisa-e-de-alto-custo-e-de-uso-exclusivo-para-hospitais,301
www.crf-al.org.br/horario-de-funcionamento-crf-al/,https://institucional.crf-al.org.br/imprensa/noticias/horario-de-funcionamento-crf-al,301
www.crf-al.org.br/horario-de-funcionamento-crf-al,https://institucional.crf-al.org.br/imprensa/noticias/horario-de-funcionamento-crf-al,301
www.crf-al.org.br/crf-al-solicita-atualizacao-cadastral-dos-farmaceuticos/,https://institucional.crf-al.org.br/imprensa/noticias/crf-al-solicita-atualizacao-cadastral-dos-farmaceuticos,301
www.crf-al.org.br/crf-al-solicita-atualizacao-cadastral-dos-farmaceuticos,https://institucional.crf-al.org.br/imprensa/noticias/crf-al-solicita-atualizacao-cadastral-dos-farmaceuticos,301
www.crf-al.org.br/crf-al-se-reune-com-vigilancia-sanitaria-e-procon-de-arapiraca-para-tratar-de-cooperacao-interinstitucional/,https://institucional.crf-al.org.br/imprensa/noticias/crf-al-se-reune-com-vigilancia-sanitaria-e-procon-de-arapiraca-para-tratar-de-cooperacao-interinstitucional,301
www.crf-al.org.br/crf-al-se-reune-com-vigilancia-sanitaria-e-procon-de-arapiraca-para-tratar-de-cooperacao-interinstitucional,https://institucional.crf-al.org.br/imprensa/noticias/crf-al-se-reune-com-vigilancia-sanitaria-e-procon-de-arapiraca-para-tratar-de-cooperacao-interinstitucional,301
www.crf-al.org.br/hospitais_de_alagoas_descumprem_legislacao_e_empregam_poucos_farmaceuticos/,https://institucional.crf-al.org.br/imprensa/noticias/hospitais_de_alagoas_descumprem_legislacao_e_empregam_poucos_farmaceuticos,301
www.crf-al.org.br/hospitais_de_alagoas_descumprem_legislacao_e_empregam_poucos_farmaceuticos,https://institucional.crf-al.org.br/imprensa/noticias/hospitais_de_alagoas_descumprem_legislacao_e_empregam_poucos_farmaceuticos,301
www.crf-al.org.br/vacina_contra_hpv_nao_aumenta_risco_de_ter_esclerose_multipla_diz_estudo/,https://institucional.crf-al.org.br/imprensa/noticias/vacina_contra_hpv_nao_aumenta_risco_de_ter_esclerose_multipla_diz_estudo,301
www.crf-al.org.br/vacina_contra_hpv_nao_aumenta_risco_de_ter_esclerose_multipla_diz_estudo,https://institucional.crf-al.org.br/imprensa/noticias/vacina_contra_hpv_nao_aumenta_risco_de_ter_esclerose_multipla_diz_estudo,301
www.crf-al.org.br/nova_droga_para_tratar_falta_de_libido_feminina_gera_polemica/,https://institucional.crf-al.org.br/imprensa/noticias/nova_droga_para_tratar_falta_de_libido_feminina_gera_polemica,301
www.crf-al.org.br/nova_droga_para_tratar_falta_de_libido_feminina_gera_polemica,https://institucional.crf-al.org.br/imprensa/noticias/nova_droga_para_tratar_falta_de_libido_feminina_gera_polemica,301
www.crf-al.org.br/infeccao_por_hpv_pode_ser_mais_frequente_em_fumantes_diz_pesquisa/,https://institucional.crf-al.org.br/imprensa/noticias/infeccao_por_hpv_pode_ser_mais_frequente_em_fumantes_diz_pesquisa,301
www.crf-al.org.br/infeccao_por_hpv_pode_ser_mais_frequente_em_fumantes_diz_pesquisa,https://institucional.crf-al.org.br/imprensa/noticias/infeccao_por_hpv_pode_ser_mais_frequente_em_fumantes_diz_pesquisa,301
www.crf-al.org.br/presenca-de-farmaceutico-traz-seguranca-no-uso-de-medicamentos/,https://institucional.crf-al.org.br/imprensa/noticias/presenca-de-farmaceutico-traz-seguranca-no-uso-de-medicamentos,301
www.crf-al.org.br/presenca-de-farmaceutico-traz-seguranca-no-uso-de-medicamentos,https://institucional.crf-al.org.br/imprensa/noticias/presenca-de-farmaceutico-traz-seguranca-no-uso-de-medicamentos,301
www.crf-al.org.br/tratar_a_apneia_do_sono_pode_evitar_a_deterioracao_da_memoria/,https://institucional.crf-al.org.br/imprensa/noticias/tratar_a_apneia_do_sono_pode_evitar_a_deterioracao_da_memoria,301
www.crf-al.org.br/tratar_a_apneia_do_sono_pode_evitar_a_deterioracao_da_memoria,https://institucional.crf-al.org.br/imprensa/noticias/tratar_a_apneia_do_sono_pode_evitar_a_deterioracao_da_memoria,301
www.crf-al.org.br/remedio_para_reumatismo_faz_nascer_cabelos_e_pelos_em_paciente_dos_eua/,https://institucional.crf-al.org.br/imprensa/noticias/remedio_para_reumatismo_faz_nascer_cabelos_e_pelos_em_paciente_dos_eua,301
www.crf-al.org.br/remedio_para_reumatismo_faz_nascer_cabelos_e_pelos_em_paciente_dos_eua,https://institucional.crf-al.org.br/imprensa/noticias/remedio_para_reumatismo_faz_nascer_cabelos_e_pelos_em_paciente_dos_eua,301
www.crf-al.org.br/fda_obriga_kim_kardashian_a_apagar_propaganda_de_remedio_no_instagram/,https://institucional.crf-al.org.br/imprensa/noticias/fda_obriga_kim_kardashian_a_apagar_propaganda_de_remedio_no_instagram,301
www.crf-al.org.br/fda_obriga_kim_kardashian_a_apagar_propaganda_de_remedio_no_instagram,https://institucional.crf-al.org.br/imprensa/noticias/fda_obriga_kim_kardashian_a_apagar_propaganda_de_remedio_no_instagram,301
www.crf-al.org.br/cff-alerta-sobre-pratica-de-marketplace-em-farmacias-magistrais/,https://institucional.crf-al.org.br/imprensa/noticias/cff-alerta-sobre-pratica-de-marketplace-em-farmacias-magistrais,301
www.crf-al.org.br/cff-alerta-sobre-pratica-de-marketplace-em-farmacias-magistrais,https://institucional.crf-al.org.br/imprensa/noticias/cff-alerta-sobre-pratica-de-marketplace-em-farmacias-magistrais,301
www.crf-al.org.br/11882-2/,https://institucional.crf-al.org.br/imprensa/noticias/11882-2,301
www.crf-al.org.br/11882-2,https://institucional.crf-al.org.br/imprensa/noticias/11882-2,301
www.crf-al.org.br/bisturi_inteligente_pode_identificar_tecidos_cancerosos/,https://institucional.crf-al.org.br/imprensa/noticias/bisturi_inteligente_pode_identificar_tecidos_cancerosos,301
www.crf-al.org.br/bisturi_inteligente_pode_identificar_tecidos_cancerosos,https://institucional.crf-al.org.br/imprensa/noticias/bisturi_inteligente_pode_identificar_tecidos_cancerosos,301
www.crf-al.org.br/protecao_contra_o_alzheimer_pela_flora_intestinal/,https://institucional.crf-al.org.br/imprensa/noticias/protecao_contra_o_alzheimer_pela_flora_intestinal,301
www.crf-al.org.br/protecao_contra_o_alzheimer_pela_flora_intestinal,https://institucional.crf-al.org.br/imprensa/noticias/protecao_contra_o_alzheimer_pela_flora_intestinal,301
www.crf-al.org.br/sobrames-homenageia-farmaceutico-paulo-sarmento/,https://institucional.crf-al.org.br/imprensa/noticias/sobrames-homenageia-farmaceutico-paulo-sarmento,301
www.crf-al.org.br/sobrames-homenageia-farmaceutico-paulo-sarmento,https://institucional.crf-al.org.br/imprensa/noticias/sobrames-homenageia-farmaceutico-paulo-sarmento,301
www.crf-al.org.br/vice-presidente-do-crf-al-se-reune-com-a-senadora-eudocia-caldas/,https://institucional.crf-al.org.br/imprensa/noticias/vice-presidente-do-crf-al-se-reune-com-a-senadora-eudocia-caldas,301
www.crf-al.org.br/vice-presidente-do-crf-al-se-reune-com-a-senadora-eudocia-caldas,https://institucional.crf-al.org.br/imprensa/noticias/vice-presidente-do-crf-al-se-reune-com-a-senadora-eudocia-caldas,301
www.crf-al.org.br/estudo_associa_consumo_de_suplementos_e_cancer_de_testiculo/,https://institucional.crf-al.org.br/imprensa/noticias/estudo_associa_consumo_de_suplementos_e_cancer_de_testiculo,301
www.crf-al.org.br/estudo_associa_consumo_de_suplementos_e_cancer_de_testiculo,https://institucional.crf-al.org.br/imprensa/noticias/estudo_associa_consumo_de_suplementos_e_cancer_de_testiculo,301
www.crf-al.org.br/fiscalizacao/instrumentos-da-fiscalizacao/,https://institucional.crf-al.org.br/fiscalizacao/instrumentos-da-fiscalizacao,301
www.crf-al.org.br/fiscalizacao/instrumentos-da-fiscalizacao,https://institucional.crf-al.org.br/fiscalizacao/instrumentos-da-fiscalizacao,301
www.crf-al.org.br/agenda_de_eventos_/congresso-brasileiro-de-acoes-e-cuidado-farmaceutico/,https://institucional.crf-al.org.br/eventos,301
www.crf-al.org.br/agenda_de_eventos_/congresso-brasileiro-de-acoes-e-cuidado-farmaceutico,https://institucional.crf-al.org.br/eventos,301
www.crf-al.org.br/luto_oficial_pelo_falecimento_do_dr_jaldo_de_souza_santos/,https://institucional.crf-al.org.br/imprensa/noticias/luto_oficial_pelo_falecimento_do_dr_jaldo_de_souza_santos,301
www.crf-al.org.br/luto_oficial_pelo_falecimento_do_dr_jaldo_de_souza_santos,https://institucional.crf-al.org.br/imprensa/noticias/luto_oficial_pelo_falecimento_do_dr_jaldo_de_souza_santos,301
www.crf-al.org.br/efeito_da_talidomida_pode_ter_sido_mais_amplo_do_que_se_supunha_diz_pesquisador/,https://institucional.crf-al.org.br/imprensa/noticias/efeito_da_talidomida_pode_ter_sido_mais_amplo_do_que_se_supunha_diz_pesquisador,301
www.crf-al.org.br/efeito_da_talidomida_pode_ter_sido_mais_amplo_do_que_se_supunha_diz_pesquisador,https://institucional.crf-al.org.br/imprensa/noticias/efeito_da_talidomida_pode_ter_sido_mais_amplo_do_que_se_supunha_diz_pesquisador,301
www.crf-al.org.br/publicado-edital-das-eleicoes-do-conselho-regional-de-farmacia-de-alagoas/,https://institucional.crf-al.org.br/imprensa/noticias/publicado-edital-das-eleicoes-do-conselho-regional-de-farmacia-de-alagoas,301
www.crf-al.org.br/publicado-edital-das-eleicoes-do-conselho-regional-de-farmacia-de-alagoas,https://institucional.crf-al.org.br/imprensa/noticias/publicado-edital-das-eleicoes-do-conselho-regional-de-farmacia-de-alagoas,301
www.crf-al.org.br/estudo_relaciona_energeticos_e_bebidas_acucaradas_a_hiperatividade/,https://institucional.crf-al.org.br/imprensa/noticias/estudo_relaciona_energeticos_e_bebidas_acucaradas_a_hiperatividade,301
www.crf-al.org.br/estudo_relaciona_energeticos_e_bebidas_acucaradas_a_hiperatividade,https://institucional.crf-al.org.br/imprensa/noticias/estudo_relaciona_energeticos_e_bebidas_acucaradas_a_hiperatividade,301
www.crf-al.org.br/v_congresso_norte_nordeste_de_ciencias_farmaceuticas/,https://institucional.crf-al.org.br/imprensa/noticias/v_congresso_norte_nordeste_de_ciencias_farmaceuticas,301
www.crf-al.org.br/v_congresso_norte_nordeste_de_ciencias_farmaceuticas,https://institucional.crf-al.org.br/imprensa/noticias/v_congresso_norte_nordeste_de_ciencias_farmaceuticas,301
www.crf-al.org.br/nota-de-falecimento-6/,https://institucional.crf-al.org.br/imprensa/noticias/nota-de-falecimento-6,301
www.crf-al.org.br/nota-de-falecimento-6,https://institucional.crf-al.org.br/imprensa/noticias/nota-de-falecimento-6,301
www.crf-al.org.br/nova_tecnologia_nao_invasiva_para_exame_do_figado_ja_esta_em_testes/,https://institucional.crf-al.org.br/imprensa/noticias/nova_tecnologia_nao_invasiva_para_exame_do_figado_ja_esta_em_testes,301
www.crf-al.org.br/nova_tecnologia_nao_invasiva_para_exame_do_figado_ja_esta_em_testes,https://institucional.crf-al.org.br/imprensa/noticias/nova_tecnologia_nao_invasiva_para_exame_do_figado_ja_esta_em_testes,301
www.crf-al.org.br/explicacao_para_o_alzheimer_esta_ligada_a_genes_demais_no_cerebro/,https://institucional.crf-al.org.br/imprensa/noticias/explicacao_para_o_alzheimer_esta_ligada_a_genes_demais_no_cerebro,301
www.crf-al.org.br/explicacao_para_o_alzheimer_esta_ligada_a_genes_demais_no_cerebro,https://institucional.crf-al.org.br/imprensa/noticias/explicacao_para_o_alzheimer_esta_ligada_a_genes_demais_no_cerebro,301
www.crf-al.org.br/posto-de-medicamento-farmaceutico-responde-solidariamente/,https://institucional.crf-al.org.br/imprensa/noticias/posto-de-medicamento-farmaceutico-responde-solidariamente,301
www.crf-al.org.br/posto-de-medicamento-farmaceutico-responde-solidariamente,https://institucional.crf-al.org.br/imprensa/noticias/posto-de-medicamento-farmaceutico-responde-solidariamente,301
www.crf-al.org.br/lei_que_da_pilula_do_dia_seguinte_a_vitimas_de_estupro_e_publicada/,https://institucional.crf-al.org.br/imprensa/noticias/lei_que_da_pilula_do_dia_seguinte_a_vitimas_de_estupro_e_publicada,301
www.crf-al.org.br/lei_que_da_pilula_do_dia_seguinte_a_vitimas_de_estupro_e_publicada,https://institucional.crf-al.org.br/imprensa/noticias/lei_que_da_pilula_do_dia_seguinte_a_vitimas_de_estupro_e_publicada,301
www.crf-al.org.br/qual_a_influencia_do_alcool_no_organismo_de_pacientes_diabeticos/,https://institucional.crf-al.org.br/imprensa/noticias/qual_a_influencia_do_alcool_no_organismo_de_pacientes_diabeticos,301
www.crf-al.org.br/qual_a_influencia_do_alcool_no_organismo_de_pacientes_diabeticos,https://institucional.crf-al.org.br/imprensa/noticias/qual_a_influencia_do_alcool_no_organismo_de_pacientes_diabeticos,301
www.crf-al.org.br/farmacias-realizam-testes-gratuitos-para-identificar-casos-suspeitos-de-diabetes/,https://institucional.crf-al.org.br/imprensa/noticias/farmacias-realizam-testes-gratuitos-para-identificar-casos-suspeitos-de-diabetes,301
www.crf-al.org.br/farmacias-realizam-testes-gratuitos-para-identificar-casos-suspeitos-de-diabetes,https://institucional.crf-al.org.br/imprensa/noticias/farmacias-realizam-testes-gratuitos-para-identificar-casos-suspeitos-de-diabetes,301
www.crf-al.org.br/farmaceuticos-tem-reajuste-de-28-no-piso-da-categoria/,https://institucional.crf-al.org.br/imprensa/noticias/farmaceuticos-tem-reajuste-de-28-no-piso-da-categoria,301
www.crf-al.org.br/farmaceuticos-tem-reajuste-de-28-no-piso-da-categoria,https://institucional.crf-al.org.br/imprensa/noticias/farmaceuticos-tem-reajuste-de-28-no-piso-da-categoria,301
www.crf-al.org.br/crfal-disponibiliza-atendimento-virtual-partir-desta-terca-21-de-julho/,https://institucional.crf-al.org.br/imprensa/noticias/crfal-disponibiliza-atendimento-virtual-partir-desta-terca-21-de-julho,301
www.crf-al.org.br/crfal-disponibiliza-atendimento-virtual-partir-desta-terca-21-de-julho,https://institucional.crf-al.org.br/imprensa/noticias/crfal-disponibiliza-atendimento-virtual-partir-desta-terca-21-de-julho,301
www.crf-al.org.br/surgimento_de_outros_casos_de_ebola_na_europa_e_inevitavel_diz_oms/,https://institucional.crf-al.org.br/imprensa/noticias/surgimento_de_outros_casos_de_ebola_na_europa_e_inevitavel_diz_oms,301
www.crf-al.org.br/surgimento_de_outros_casos_de_ebola_na_europa_e_inevitavel_diz_oms,https://institucional.crf-al.org.br/imprensa/noticias/surgimento_de_outros_casos_de_ebola_na_europa_e_inevitavel_diz_oms,301
www.crf-al.org.br/cosmeticos-farmaceutica-orienta-sobre-os-riscos-do-uso-de-maquiagens-clandestinas/,https://institucional.crf-al.org.br/imprensa/noticias/cosmeticos-farmaceutica-orienta-sobre-os-riscos-do-uso-de-maquiagens-clandestinas,301
www.crf-al.org.br/cosmeticos-farmaceutica-orienta-sobre-os-riscos-do-uso-de-maquiagens-clandestinas,https://institucional.crf-al.org.br/imprensa/noticias/cosmeticos-farmaceutica-orienta-sobre-os-riscos-do-uso-de-maquiagens-clandestinas,301
www.crf-al.org.br/farmaceutica-fala-sobre-os-avancos-no-tratamento-de-hivaids/,https://institucional.crf-al.org.br/imprensa/noticias/farmaceutica-fala-sobre-os-avancos-no-tratamento-de-hivaids,301
www.crf-al.org.br/farmaceutica-fala-sobre-os-avancos-no-tratamento-de-hivaids,https://institucional.crf-al.org.br/imprensa/noticias/farmaceutica-fala-sobre-os-avancos-no-tratamento-de-hivaids,301
www.crf-al.org.br/crf_al_fecha_parceira_com_plano_de_saude_unimed/,https://institucional.crf-al.org.br/imprensa/noticias/crf_al_fecha_parceira_com_plano_de_saude_unimed,301
www.crf-al.org.br/crf_al_fecha_parceira_com_plano_de_saude_unimed,https://institucional.crf-al.org.br/imprensa/noticias/crf_al_fecha_parceira_com_plano_de_saude_unimed,301
www.crf-al.org.br/pela_primeira_vez_medicamento_que_usa_impressao_3d_e_aprovado_pela_fda/,https://institucional.crf-al.org.br/imprensa/noticias/pela_primeira_vez_medicamento_que_usa_impressao_3d_e_aprovado_pela_fda,301
www.crf-al.org.br/pela_primeira_vez_medicamento_que_usa_impressao_3d_e_aprovado_pela_fda,https://institucional.crf-al.org.br/imprensa/noticias/pela_primeira_vez_medicamento_que_usa_impressao_3d_e_aprovado_pela_fda,301
www.crf-al.org.br/farmaceuticos-peritos-analisam-amostras-de-alcool-gel-apreendido-pela-policia-civil-de-alagoas/,https://institucional.crf-al.org.br/imprensa/noticias/farmaceuticos-peritos-analisam-amostras-de-alcool-gel-apreendido-pela-policia-civil-de-alagoas,301
www.crf-al.org.br/farmaceuticos-peritos-analisam-amostras-de-alcool-gel-apreendido-pela-policia-civil-de-alagoas,https://institucional.crf-al.org.br/imprensa/noticias/farmaceuticos-peritos-analisam-amostras-de-alcool-gel-apreendido-pela-policia-civil-de-alagoas,301
www.crf-al.org.br/guia-de-uso-do-sisconweb/,https://institucional.crf-al.org.br/imprensa/noticias/guia-de-uso-do-sisconweb,301
www.crf-al.org.br/guia-de-uso-do-sisconweb,https://institucional.crf-al.org.br/imprensa/noticias/guia-de-uso-do-sisconweb,301
www.crf-al.org.br/ii-congresso-brasileiro-de-ciencias-farmaceuticas-esta-com-inscricoes-abertas/,https://institucional.crf-al.org.br/imprensa/noticias/ii-congresso-brasileiro-de-ciencias-farmaceuticas-esta-com-inscricoes-abertas,301
www.crf-al.org.br/ii-congresso-brasileiro-de-ciencias-farmaceuticas-esta-com-inscricoes-abertas,https://institucional.crf-al.org.br/imprensa/noticias/ii-congresso-brasileiro-de-ciencias-farmaceuticas-esta-com-inscricoes-abertas,301
www.crf-al.org.br/se_o_paciente_melhorava_que_mal_faria_diz_criador_da_pilula_do_cancer/,https://institucional.crf-al.org.br/imprensa/noticias/se_o_paciente_melhorava_que_mal_faria_diz_criador_da_pilula_do_cancer,301
www.crf-al.org.br/se_o_paciente_melhorava_que_mal_faria_diz_criador_da_pilula_do_cancer,https://institucional.crf-al.org.br/imprensa/noticias/se_o_paciente_melhorava_que_mal_faria_diz_criador_da_pilula_do_cancer,301
www.crf-al.org.br/agenda_de_eventos_/5o-simposio-sergipano-de-farmacia-hospitalar/,https://institucional.crf-al.org.br/eventos,301
www.crf-al.org.br/agenda_de_eventos_/5o-simposio-sergipano-de-farmacia-hospitalar,https://institucional.crf-al.org.br/eventos,301
www.crf-al.org.br/farmaceutica-dannivia-carla-abre-consultorio-farmaceutico-autonomo-em-campo-grande/,https://institucional.crf-al.org.br/imprensa/noticias/farmaceutica-dannivia-carla-abre-consultorio-farmaceutico-autonomo-em-campo-grande,301
www.crf-al.org.br/farmaceutica-dannivia-carla-abre-consultorio-farmaceutico-autonomo-em-campo-grande,https://institucional.crf-al.org.br/imprensa/noticias/farmaceutica-dannivia-carla-abre-consultorio-farmaceutico-autonomo-em-campo-grande,301
www.crf-al.org.br/agenda_de_eventos_/capacitacao-em-aplicacao-de-injetaveis-arapiraca/,https://institucional.crf-al.org.br/eventos,301
www.crf-al.org.br/agenda_de_eventos_/capacitacao-em-aplicacao-de-injetaveis-arapiraca,https://institucional.crf-al.org.br/eventos,301
www.crf-al.org.br/marcos-oliveira-identifica-biomarcador-para-diagnostico-precoce-do-cancer-de-boca/,https://institucional.crf-al.org.br/imprensa/noticias/marcos-oliveira-identifica-biomarcador-para-diagnostico-precoce-do-cancer-de-boca,301
www.crf-al.org.br/marcos-oliveira-identifica-biomarcador-para-diagnostico-precoce-do-cancer-de-boca,https://institucional.crf-al.org.br/imprensa/noticias/marcos-oliveira-identifica-biomarcador-para-diagnostico-precoce-do-cancer-de-boca,301
www.crf-al.org.br/cff-proibe-registro-de-diplomas-de-cursos-ead/,https://institucional.crf-al.org.br/imprensa/noticias/cff-proibe-registro-de-diplomas-de-cursos-ead,301
www.crf-al.org.br/cff-proibe-registro-de-diplomas-de-cursos-ead,https://institucional.crf-al.org.br/imprensa/noticias/cff-proibe-registro-de-diplomas-de-cursos-ead,301
www.crf-al.org.br/veto_a_aditivos_de_cigarro_e_alvo_de_disputa_judicial_entre_governo_e_industria/,https://institucional.crf-al.org.br/imprensa/noticias/veto_a_aditivos_de_cigarro_e_alvo_de_disputa_judicial_entre_governo_e_industria,301
www.crf-al.org.br/veto_a_aditivos_de_cigarro_e_alvo_de_disputa_judicial_entre_governo_e_industria,https://institucional.crf-al.org.br/imprensa/noticias/veto_a_aditivos_de_cigarro_e_alvo_de_disputa_judicial_entre_governo_e_industria,301
www.crf-al.org.br/convenio-com-administradora-de-plano-de-saude-da-desconto-para-farmaceuticos/,https://institucional.crf-al.org.br/imprensa/noticias/convenio-com-administradora-de-plano-de-saude-da-desconto-para-farmaceuticos,301
www.crf-al.org.br/convenio-com-administradora-de-plano-de-saude-da-desconto-para-farmaceuticos,https://institucional.crf-al.org.br/imprensa/noticias/convenio-com-administradora-de-plano-de-saude-da-desconto-para-farmaceuticos,301
www.crf-al.org.br/comunicado-impressao-de-cedulas-esta-suspensa-temporariamente/,https://institucional.crf-al.org.br/imprensa/noticias/comunicado-impressao-de-cedulas-esta-suspensa-temporariamente,301
www.crf-al.org.br/comunicado-impressao-de-cedulas-esta-suspensa-temporariamente,https://institucional.crf-al.org.br/imprensa/noticias/comunicado-impressao-de-cedulas-esta-suspensa-temporariamente,301
www.crf-al.org.br/eleicoes_para_o_crf_al/,https://institucional.crf-al.org.br/imprensa/noticias/eleicoes_para_o_crf_al,301
www.crf-al.org.br/eleicoes_para_o_crf_al,https://institucional.crf-al.org.br/imprensa/noticias/eleicoes_para_o_crf_al,301
www.crf-al.org.br/crf_al_participa_de_assembleia_geral_do_sindicato_dos_farmaceuticos/,https://institucional.crf-al.org.br/imprensa/noticias/crf_al_participa_de_assembleia_geral_do_sindicato_dos_farmaceuticos,301
www.crf-al.org.br/crf_al_participa_de_assembleia_geral_do_sindicato_dos_farmaceuticos,https://institucional.crf-al.org.br/imprensa/noticias/crf_al_participa_de_assembleia_geral_do_sindicato_dos_farmaceuticos,301
www.crf-al.org.br/vacina_da_usp_contra_hiv_passa_em_teste_com_macacos/,https://institucional.crf-al.org.br/imprensa/noticias/vacina_da_usp_contra_hiv_passa_em_teste_com_macacos,301
www.crf-al.org.br/vacina_da_usp_contra_hiv_passa_em_teste_com_macacos,https://institucional.crf-al.org.br/imprensa/noticias/vacina_da_usp_contra_hiv_passa_em_teste_com_macacos,301
www.crf-al.org.br/ibge_11_milhoes_usam_remedios_para_dormir/,https://institucional.crf-al.org.br/imprensa/noticias/ibge_11_milhoes_usam_remedios_para_dormir,301
www.crf-al.org.br/ibge_11_milhoes_usam_remedios_para_dormir,https://institucional.crf-al.org.br/imprensa/noticias/ibge_11_milhoes_usam_remedios_para_dormir,301
www.crf-al.org.br/conselho-federal-de-farmacia-divulga-editais-de-residencias-para-farmaceuticos/,https://institucional.crf-al.org.br/imprensa/noticias/conselho-federal-de-farmacia-divulga-editais-de-residencias-para-farmaceuticos,301
www.crf-al.org.br/conselho-federal-de-farmacia-divulga-editais-de-residencias-para-farmaceuticos,https://institucional.crf-al.org.br/imprensa/noticias/conselho-federal-de-farmacia-divulga-editais-de-residencias-para-farmaceuticos,301
www.crf-al.org.br/farmaceuticos-alagoanos-sao-contemplados-na-primeira-fase-de-imunizacao-da-covid-19/,https://institucional.crf-al.org.br/imprensa/noticias/farmaceuticos-alagoanos-sao-contemplados-na-primeira-fase-de-imunizacao-da-covid-19,301
www.crf-al.org.br/farmaceuticos-alagoanos-sao-contemplados-na-primeira-fase-de-imunizacao-da-covid-19,https://institucional.crf-al.org.br/imprensa/noticias/farmaceuticos-alagoanos-sao-contemplados-na-primeira-fase-de-imunizacao-da-covid-19,301
www.crf-al.org.br/mais-de-80-dos-pais-eou-responsaveis-praticam-automedicacao-em-criancas/,https://institucional.crf-al.org.br/imprensa/noticias/mais-de-80-dos-pais-eou-responsaveis-praticam-automedicacao-em-criancas,301
www.crf-al.org.br/mais-de-80-dos-pais-eou-responsaveis-praticam-automedicacao-em-criancas,https://institucional.crf-al.org.br/imprensa/noticias/mais-de-80-dos-pais-eou-responsaveis-praticam-automedicacao-em-criancas,301
www.crf-al.org.br/nota-de-falecimento-denis-fagner-souza-lins/,https://institucional.crf-al.org.br/imprensa/noticias/nota-de-falecimento-denis-fagner-souza-lins,301
www.crf-al.org.br/nota-de-falecimento-denis-fagner-souza-lins,https://institucional.crf-al.org.br/imprensa/noticias/nota-de-falecimento-denis-fagner-souza-lins,301
www.crf-al.org.br/relacao_entre_zika_e_guillain_barre_e_mais_evidente_que_zika_e_microcefalia/,https://institucional.crf-al.org.br/imprensa/noticias/relacao_entre_zika_e_guillain_barre_e_mais_evidente_que_zika_e_microcefalia,301
www.crf-al.org.br/relacao_entre_zika_e_guillain_barre_e_mais_evidente_que_zika_e_microcefalia,https://institucional.crf-al.org.br/imprensa/noticias/relacao_entre_zika_e_guillain_barre_e_mais_evidente_que_zika_e_microcefalia,301
www.crf-al.org.br/dia-mundial-do-coracao-saiba-como-o-farmaceutico-cuida-deste-orgao/,https://institucional.crf-al.org.br/imprensa/noticias/dia-mundial-do-coracao-saiba-como-o-farmaceutico-cuida-deste-orgao,301
www.crf-al.org.br/dia-mundial-do-coracao-saiba-como-o-farmaceutico-cuida-deste-orgao,https://institucional.crf-al.org.br/imprensa/noticias/dia-mundial-do-coracao-saiba-como-o-farmaceutico-cuida-deste-orgao,301
www.crf-al.org.br/entrevista-farmaceutica-fala-do-hpv/,https://institucional.crf-al.org.br/imprensa/noticias/entrevista-farmaceutica-fala-do-hpv,301
www.crf-al.org.br/entrevista-farmaceutica-fala-do-hpv,https://institucional.crf-al.org.br/imprensa/noticias/entrevista-farmaceutica-fala-do-hpv,301
www.crf-al.org.br/farmaceuticos-alagoanos-participam-de-mais-uma-edicao-do-sobrafo/,https://institucional.crf-al.org.br/imprensa/noticias/farmaceuticos-alagoanos-participam-de-mais-uma-edicao-do-sobrafo,301
www.crf-al.org.br/farmaceuticos-alagoanos-participam-de-mais-uma-edicao-do-sobrafo,https://institucional.crf-al.org.br/imprensa/noticias/farmaceuticos-alagoanos-participam-de-mais-uma-edicao-do-sobrafo,301
www.crf-al.org.br/cff-divulga-nota-tecnica-sobre-diretrizes-de-conformidade-e-boas-praticas-na-atuacao-farmaceutica-em-tricologia/,https://institucional.crf-al.org.br/imprensa/noticias/cff-divulga-nota-tecnica-sobre-diretrizes-de-conformidade-e-boas-praticas-na-atuacao-farmaceutica-em-tricologia,301
www.crf-al.org.br/cff-divulga-nota-tecnica-sobre-diretrizes-de-conformidade-e-boas-praticas-na-atuacao-farmaceutica-em-tricologia,https://institucional.crf-al.org.br/imprensa/noticias/cff-divulga-nota-tecnica-sobre-diretrizes-de-conformidade-e-boas-praticas-na-atuacao-farmaceutica-em-tricologia,301
www.crf-al.org.br/acompanhamento-farmacoterapeutico-e-fundamental-para-evitar-agravamento-da-epilepsia/,https://institucional.crf-al.org.br/imprensa/noticias/acompanhamento-farmacoterapeutico-e-fundamental-para-evitar-agravamento-da-epilepsia,301
www.crf-al.org.br/acompanhamento-farmacoterapeutico-e-fundamental-para-evitar-agravamento-da-epilepsia,https://institucional.crf-al.org.br/imprensa/noticias/acompanhamento-farmacoterapeutico-e-fundamental-para-evitar-agravamento-da-epilepsia,301
www.crf-al.org.br/virus_encontrado_em_algas_altera_capacidade_mental_de_humanos/,https://institucional.crf-al.org.br/imprensa/noticias/virus_encontrado_em_algas_altera_capacidade_mental_de_humanos,301
www.crf-al.org.br/virus_encontrado_em_algas_altera_capacidade_mental_de_humanos,https://institucional.crf-al.org.br/imprensa/noticias/virus_encontrado_em_algas_altera_capacidade_mental_de_humanos,301
www.crf-al.org.br/especializacao_em_farmacologia_clinica/,https://institucional.crf-al.org.br/imprensa/noticias/especializacao_em_farmacologia_clinica,301
www.crf-al.org.br/especializacao_em_farmacologia_clinica,https://institucional.crf-al.org.br/imprensa/noticias/especializacao_em_farmacologia_clinica,301
www.crf-al.org.br/solenidade-premia-11-profissionais-que-se-destacaram-em-2016/,https://institucional.crf-al.org.br/imprensa/noticias/solenidade-premia-11-profissionais-que-se-destacaram-em-2016,301
www.crf-al.org.br/solenidade-premia-11-profissionais-que-se-destacaram-em-2016,https://institucional.crf-al.org.br/imprensa/noticias/solenidade-premia-11-profissionais-que-se-destacaram-em-2016,301
www.crf-al.org.br/aprovados-no-ultimo-concurso-iniciam-atividades-no-crf-al/,https://institucional.crf-al.org.br/imprensa/noticias/aprovados-no-ultimo-concurso-iniciam-atividades-no-crf-al,301
www.crf-al.org.br/aprovados-no-ultimo-concurso-iniciam-atividades-no-crf-al,https://institucional.crf-al.org.br/imprensa/noticias/aprovados-no-ultimo-concurso-iniciam-atividades-no-crf-al,301
www.crf-al.org.br/envie-seu-curriculo/,https://institucional.crf-al.org.br/contato,301
www.crf-al.org.br/envie-seu-curriculo,https://institucional.crf-al.org.br/contato,301
www.crf-al.org.br/pesquisa_descobre_um_motivo_da_persistencia_da_hanseniase/,https://institucional.crf-al.org.br/imprensa/noticias/pesquisa_descobre_um_motivo_da_persistencia_da_hanseniase,301
www.crf-al.org.br/pesquisa_descobre_um_motivo_da_persistencia_da_hanseniase,https://institucional.crf-al.org.br/imprensa/noticias/pesquisa_descobre_um_motivo_da_persistencia_da_hanseniase,301
www.crf-al.org.br/vacina_contra_meningite_b_esta_em_falta/,https://institucional.crf-al.org.br/imprensa/noticias/vacina_contra_meningite_b_esta_em_falta,301
www.crf-al.org.br/vacina_contra_meningite_b_esta_em_falta,https://institucional.crf-al.org.br/imprensa/noticias/vacina_contra_meningite_b_esta_em_falta,301
www.crf-al.org.br/normal_ou_cesarea_conheca_riscos_mitos_e_beneficios_de_cada_tipo_de_parto/,https://institucional.crf-al.org.br/imprensa/noticias/normal_ou_cesarea_conheca_riscos_mitos_e_beneficios_de_cada_tipo_de_parto,301
www.crf-al.org.br/normal_ou_cesarea_conheca_riscos_mitos_e_beneficios_de_cada_tipo_de_parto,https://institucional.crf-al.org.br/imprensa/noticias/normal_ou_cesarea_conheca_riscos_mitos_e_beneficios_de_cada_tipo_de_parto,301
www.crf-al.org.br/brasil-passa-a-adotar-esquema-de-dose-unica-contra-o-hpv/,https://institucional.crf-al.org.br/imprensa/noticias/brasil-passa-a-adotar-esquema-de-dose-unica-contra-o-hpv,301
www.crf-al.org.br/brasil-passa-a-adotar-esquema-de-dose-unica-contra-o-hpv,https://institucional.crf-al.org.br/imprensa/noticias/brasil-passa-a-adotar-esquema-de-dose-unica-contra-o-hpv,301
www.crf-al.org.br/anvisa-autoriza-uso-emergencial-de-mais-um-medicamento-contra-covid-19/,https://institucional.crf-al.org.br/imprensa/noticias/anvisa-autoriza-uso-emergencial-de-mais-um-medicamento-contra-covid-19,301
www.crf-al.org.br/anvisa-autoriza-uso-emergencial-de-mais-um-medicamento-contra-covid-19,https://institucional.crf-al.org.br/imprensa/noticias/anvisa-autoriza-uso-emergencial-de-mais-um-medicamento-contra-covid-19,301
www.crf-al.org.br/dormir_poucas_horas_por_dia_pode_encurtar_tempo_de_vida/,https://institucional.crf-al.org.br/imprensa/noticias/dormir_poucas_horas_por_dia_pode_encurtar_tempo_de_vida,301
www.crf-al.org.br/dormir_poucas_horas_por_dia_pode_encurtar_tempo_de_vida,https://institucional.crf-al.org.br/imprensa/noticias/dormir_poucas_horas_por_dia_pode_encurtar_tempo_de_vida,301
www.crf-al.org.br/crfal-tv/plenarias/,https://institucional.crf-al.org.br/eventos,301
www.crf-al.org.br/crfal-tv/plenarias,https://institucional.crf-al.org.br/eventos,301
www.crf-al.org.br/estudo_mostra_que_acucar_mesmo_em_doses_consideradas_normais_pode_fazer_mal_a_saude/,https://institucional.crf-al.org.br/imprensa/noticias/estudo_mostra_que_acucar_mesmo_em_doses_consideradas_normais_pode_fazer_mal_a_saude,301
www.crf-al.org.br/estudo_mostra_que_acucar_mesmo_em_doses_consideradas_normais_pode_fazer_mal_a_saude,https://institucional.crf-al.org.br/imprensa/noticias/estudo_mostra_que_acucar_mesmo_em_doses_consideradas_normais_pode_fazer_mal_a_saude,301
www.crf-al.org.br/organizacao_excessiva_que_atrapalha_o_dia_a_dia_pode_ser_sintoma_de_toc/,https://institucional.crf-al.org.br/imprensa/noticias/organizacao_excessiva_que_atrapalha_o_dia_a_dia_pode_ser_sintoma_de_toc,301
www.crf-al.org.br/organizacao_excessiva_que_atrapalha_o_dia_a_dia_pode_ser_sintoma_de_toc,https://institucional.crf-al.org.br/imprensa/noticias/organizacao_excessiva_que_atrapalha_o_dia_a_dia_pode_ser_sintoma_de_toc,301
www.crf-al.org.br/por_que_cirurgia_bariatrica_reduz_apetite_por_acucar/,https://institucional.crf-al.org.br/imprensa/noticias/por_que_cirurgia_bariatrica_reduz_apetite_por_acucar,301
www.crf-al.org.br/por_que_cirurgia_bariatrica_reduz_apetite_por_acucar,https://institucional.crf-al.org.br/imprensa/noticias/por_que_cirurgia_bariatrica_reduz_apetite_por_acucar,301
www.crf-al.org.br/colonoscopia_reduz_em_56_risco_de_morte_por_cancer_de_intestino/,https://institucional.crf-al.org.br/imprensa/noticias/colonoscopia_reduz_em_56_risco_de_morte_por_cancer_de_intestino,301
www.crf-al.org.br/colonoscopia_reduz_em_56_risco_de_morte_por_cancer_de_intestino,https://institucional.crf-al.org.br/imprensa/noticias/colonoscopia_reduz_em_56_risco_de_morte_por_cancer_de_intestino,301
www.crf-al.org.br/cientistas_sugerem_que_comer_morangos_ajuda_a_reduzir_colesterol/,https://institucional.crf-al.org.br/imprensa/noticias/cientistas_sugerem_que_comer_morangos_ajuda_a_reduzir_colesterol,301
www.crf-al.org.br/cientistas_sugerem_que_comer_morangos_ajuda_a_reduzir_colesterol,https://institucional.crf-al.org.br/imprensa/noticias/cientistas_sugerem_que_comer_morangos_ajuda_a_reduzir_colesterol,301
www.crf-al.org.br/coronavirus-quem-tem-rinite-nao-faz-parte-do-grupo-de-risco/,https://institucional.crf-al.org.br/imprensa/noticias/coronavirus-quem-tem-rinite-nao-faz-parte-do-grupo-de-risco,301
www.crf-al.org.br/coronavirus-quem-tem-rinite-nao-faz-parte-do-grupo-de-risco,https://institucional.crf-al.org.br/imprensa/noticias/coronavirus-quem-tem-rinite-nao-faz-parte-do-grupo-de-risco,301
www.crf-al.org.br/senado_aprova_projeto_que_proibe_venda_de_cigarro_em_supermercado/,https://institucional.crf-al.org.br/imprensa/noticias/senado_aprova_projeto_que_proibe_venda_de_cigarro_em_supermercado,301
www.crf-al.org.br/senado_aprova_projeto_que_proibe_venda_de_cigarro_em_supermercado,https://institucional.crf-al.org.br/imprensa/noticias/senado_aprova_projeto_que_proibe_venda_de_cigarro_em_supermercado,301
www.crf-al.org.br/e-mails-institucionais-sao-reestabelecidos/,https://institucional.crf-al.org.br/imprensa/noticias/e-mails-institucionais-sao-reestabelecidos,301
www.crf-al.org.br/e-mails-institucionais-sao-reestabelecidos,https://institucional.crf-al.org.br/imprensa/noticias/e-mails-institucionais-sao-reestabelecidos,301
www.crf-al.org.br/farmaceutica-integra-equipe-multidisciplinar-em-ambulatorio-de-saude-mental/,https://institucional.crf-al.org.br/imprensa/noticias/farmaceutica-integra-equipe-multidisciplinar-em-ambulatorio-de-saude-mental,301
www.crf-al.org.br/farmaceutica-integra-equipe-multidisciplinar-em-ambulatorio-de-saude-mental,https://institucional.crf-al.org.br/imprensa/noticias/farmaceutica-integra-equipe-multidisciplinar-em-ambulatorio-de-saude-mental,301
www.crf-al.org.br/veneno_de_cobra_coral_pode_ajudar_a_tratar_esquizofrenia_dizem_cientistas/,https://institucional.crf-al.org.br/imprensa/noticias/veneno_de_cobra_coral_pode_ajudar_a_tratar_esquizofrenia_dizem_cientistas,301
www.crf-al.org.br/veneno_de_cobra_coral_pode_ajudar_a_tratar_esquizofrenia_dizem_cientistas,https://institucional.crf-al.org.br/imprensa/noticias/veneno_de_cobra_coral_pode_ajudar_a_tratar_esquizofrenia_dizem_cientistas,301
www.crf-al.org.br/crf-al-marca-presenca-em-mobilizacao-em-brasilia-que-defende-piso-nacional-do-farmaceutico/,https://institucional.crf-al.org.br/imprensa/noticias/crf-al-marca-presenca-em-mobilizacao-em-brasilia-que-defende-piso-nacional-do-farmaceutico,301
www.crf-al.org.br/crf-al-marca-presenca-em-mobilizacao-em-brasilia-que-defende-piso-nacional-do-farmaceutico,https://institucional.crf-al.org.br/imprensa/noticias/crf-al-marca-presenca-em-mobilizacao-em-brasilia-que-defende-piso-nacional-do-farmaceutico,301
www.crf-al.org.br/cuidado_com_antidepressivos_em_criancas_e_jovens/,https://institucional.crf-al.org.br/imprensa/noticias/cuidado_com_antidepressivos_em_criancas_e_jovens,301
www.crf-al.org.br/cuidado_com_antidepressivos_em_criancas_e_jovens,https://institucional.crf-al.org.br/imprensa/noticias/cuidado_com_antidepressivos_em_criancas_e_jovens,301
www.crf-al.org.br/vacina_contra_h1n1_nao_pode_ser_aplicada_em_bebes_de_ate_6_meses/,https://institucional.crf-al.org.br/imprensa/noticias/vacina_contra_h1n1_nao_pode_ser_aplicada_em_bebes_de_ate_6_meses,301
www.crf-al.org.br/vacina_contra_h1n1_nao_pode_ser_aplicada_em_bebes_de_ate_6_meses,https://institucional.crf-al.org.br/imprensa/noticias/vacina_contra_h1n1_nao_pode_ser_aplicada_em_bebes_de_ate_6_meses,301
www.crf-al.org.br/exame_de_sangue_pode_ajudar_a_detectar_cancer_de_pulmao_afirma_estudo/,https://institucional.crf-al.org.br/imprensa/noticias/exame_de_sangue_pode_ajudar_a_detectar_cancer_de_pulmao_afirma_estudo,301
www.crf-al.org.br/exame_de_sangue_pode_ajudar_a_detectar_cancer_de_pulmao_afirma_estudo,https://institucional.crf-al.org.br/imprensa/noticias/exame_de_sangue_pode_ajudar_a_detectar_cancer_de_pulmao_afirma_estudo,301
www.crf-al.org.br/veneno_de_caracol_marinho_pode_se_tornar_analgesico_potente_diz_estudo/,https://institucional.crf-al.org.br/imprensa/noticias/veneno_de_caracol_marinho_pode_se_tornar_analgesico_potente_diz_estudo,301
www.crf-al.org.br/veneno_de_caracol_marinho_pode_se_tornar_analgesico_potente_diz_estudo,https://institucional.crf-al.org.br/imprensa/noticias/veneno_de_caracol_marinho_pode_se_tornar_analgesico_potente_diz_estudo,301
www.crf-al.org.br/parceiro/colegio-intensivo/,https://institucional.crf-al.org.br/instituicao/sobre-conselho,301
www.crf-al.org.br/parceiro/colegio-intensivo,https://institucional.crf-al.org.br/instituicao/sobre-conselho,301
www.crf-al.org.br/sono_aumenta_numero_de_celulas_no_cerebro_diz_estudo/,https://institucional.crf-al.org.br/imprensa/noticias/sono_aumenta_numero_de_celulas_no_cerebro_diz_estudo,301
www.crf-al.org.br/sono_aumenta_numero_de_celulas_no_cerebro_diz_estudo,https://institucional.crf-al.org.br/imprensa/noticias/sono_aumenta_numero_de_celulas_no_cerebro_diz_estudo,301
www.crf-al.org.br/hc_imprime_placa_3d_de_titanio_e_refaz_cranio/,https://institucional.crf-al.org.br/imprensa/noticias/hc_imprime_placa_3d_de_titanio_e_refaz_cranio,301
www.crf-al.org.br/hc_imprime_placa_3d_de_titanio_e_refaz_cranio,https://institucional.crf-al.org.br/imprensa/noticias/hc_imprime_placa_3d_de_titanio_e_refaz_cranio,301
www.crf-al.org.br/como_nasce_um_mip/,https://institucional.crf-al.org.br/imprensa/noticias/como_nasce_um_mip,301
www.crf-al.org.br/como_nasce_um_mip,https://institucional.crf-al.org.br/imprensa/noticias/como_nasce_um_mip,301
www.crf-al.org.br/sus_passa_a_fazer_exame_para_detectar_cancer_de_prostata/,https://institucional.crf-al.org.br/imprensa/noticias/sus_passa_a_fazer_exame_para_detectar_cancer_de_prostata,301
www.crf-al.org.br/sus_passa_a_fazer_exame_para_detectar_cancer_de_prostata,https://institucional.crf-al.org.br/imprensa/noticias/sus_passa_a_fazer_exame_para_detectar_cancer_de_prostata,301
www.crf-al.org.br/consumir_leite_pode_adiar_avanco_da_osteoartrite_em_mulheres/,https://institucional.crf-al.org.br/imprensa/noticias/consumir_leite_pode_adiar_avanco_da_osteoartrite_em_mulheres,301
www.crf-al.org.br/consumir_leite_pode_adiar_avanco_da_osteoartrite_em_mulheres,https://institucional.crf-al.org.br/imprensa/noticias/consumir_leite_pode_adiar_avanco_da_osteoartrite_em_mulheres,301
www.crf-al.org.br/para_estudo_proteina_de_beterraba_pode_substituir_sangue_humano/,https://institucional.crf-al.org.br/imprensa/noticias/para_estudo_proteina_de_beterraba_pode_substituir_sangue_humano,301
www.crf-al.org.br/para_estudo_proteina_de_beterraba_pode_substituir_sangue_humano,https://institucional.crf-al.org.br/imprensa/noticias/para_estudo_proteina_de_beterraba_pode_substituir_sangue_humano,301
www.crf-al.org.br/nota-de-esclarecimento-sobre-atuacao-dos-farmaceuticos-na-area-da-estetica/,https://institucional.crf-al.org.br/imprensa/noticias/nota-de-esclarecimento-sobre-atuacao-dos-farmaceuticos-na-area-da-estetica,301
www.crf-al.org.br/nota-de-esclarecimento-sobre-atuacao-dos-farmaceuticos-na-area-da-estetica,https://institucional.crf-al.org.br/imprensa/noticias/nota-de-esclarecimento-sobre-atuacao-dos-farmaceuticos-na-area-da-estetica,301
www.crf-al.org.br/farmaceutica-proprietaria-fala-do-sucesso-de-sua-rede-de-negocios/,https://institucional.crf-al.org.br/imprensa/noticias/farmaceutica-proprietaria-fala-do-sucesso-de-sua-rede-de-negocios,301
www.crf-al.org.br/farmaceutica-proprietaria-fala-do-sucesso-de-sua-rede-de-negocios,https://institucional.crf-al.org.br/imprensa/noticias/farmaceutica-proprietaria-fala-do-sucesso-de-sua-rede-de-negocios,301
www.crf-al.org.br/conselhos-de-farmacia-defendem-regulamentacao-dos-servicos-de-vacinacao-em-farmacias/,https://institucional.crf-al.org.br/imprensa/noticias/conselhos-de-farmacia-defendem-regulamentacao-dos-servicos-de-vacinacao-em-farmacias,301
www.crf-al.org.br/conselhos-de-farmacia-defendem-regulamentacao-dos-servicos-de-vacinacao-em-farmacias,https://institucional.crf-al.org.br/imprensa/noticias/conselhos-de-farmacia-defendem-regulamentacao-dos-servicos-de-vacinacao-em-farmacias,301
www.crf-al.org.br/previas-carnavalescas-crf-al-alerta-para-os-riscos-da-mistura-de-medicamentos-e-bebidas-alcoolicas/,https://institucional.crf-al.org.br/imprensa/noticias/previas-carnavalescas-crf-al-alerta-para-os-riscos-da-mistura-de-medicamentos-e-bebidas-alcoolicas,301
www.crf-al.org.br/previas-carnavalescas-crf-al-alerta-para-os-riscos-da-mistura-de-medicamentos-e-bebidas-alcoolicas,https://institucional.crf-al.org.br/imprensa/noticias/previas-carnavalescas-crf-al-alerta-para-os-riscos-da-mistura-de-medicamentos-e-bebidas-alcoolicas,301
www.crf-al.org.br/cerveja_e_vinho_ajudam_coracao_e_tem_poder_antioxidante/,https://institucional.crf-al.org.br/imprensa/noticias/cerveja_e_vinho_ajudam_coracao_e_tem_poder_antioxidante,301
www.crf-al.org.br/cerveja_e_vinho_ajudam_coracao_e_tem_poder_antioxidante,https://institucional.crf-al.org.br/imprensa/noticias/cerveja_e_vinho_ajudam_coracao_e_tem_poder_antioxidante,301
www.crf-al.org.br/farmaceutica-monica-caetano-conta-sua-trajetoria-na-descoberta-do-lipedema/,https://institucional.crf-al.org.br/imprensa/noticias/farmaceutica-monica-caetano-conta-sua-trajetoria-na-descoberta-do-lipedema,301
www.crf-al.org.br/farmaceutica-monica-caetano-conta-sua-trajetoria-na-descoberta-do-lipedema,https://institucional.crf-al.org.br/imprensa/noticias/farmaceutica-monica-caetano-conta-sua-trajetoria-na-descoberta-do-lipedema,301
www.crf-al.org.br/cientistas_silenciam_cromossomo_que_causa_sindrome_de_down/,https://institucional.crf-al.org.br/imprensa/noticias/cientistas_silenciam_cromossomo_que_causa_sindrome_de_down,301
www.crf-al.org.br/cientistas_silenciam_cromossomo_que_causa_sindrome_de_down,https://institucional.crf-al.org.br/imprensa/noticias/cientistas_silenciam_cromossomo_que_causa_sindrome_de_down,301
www.crf-al.org.br/usp_diz_que_capsulas_contra_o_cancer_serao_enviadas_a_pacientes_por_correio/,https://institucional.crf-al.org.br/imprensa/noticias/usp_diz_que_capsulas_contra_o_cancer_serao_enviadas_a_pacientes_por_correio,301
www.crf-al.org.br/usp_diz_que_capsulas_contra_o_cancer_serao_enviadas_a_pacientes_por_correio,https://institucional.crf-al.org.br/imprensa/noticias/usp_diz_que_capsulas_contra_o_cancer_serao_enviadas_a_pacientes_por_correio,301
www.crf-al.org.br/ouvidoria-crf-al-disponibiliza-canal-oficial-para-sugestoes-elogios-reclamacoes/,https://institucional.crf-al.org.br/imprensa/noticias/ouvidoria-crf-al-disponibiliza-canal-oficial-para-sugestoes-elogios-reclamacoes,301
www.crf-al.org.br/ouvidoria-crf-al-disponibiliza-canal-oficial-para-sugestoes-elogios-reclamacoes,https://institucional.crf-al.org.br/imprensa/noticias/ouvidoria-crf-al-disponibiliza-canal-oficial-para-sugestoes-elogios-reclamacoes,301
www.crf-al.org.br/farmaceutico-alerta-sobre-o-risco-da-automedicacao-em-casos-de-dengue-zika-e-chicungunya/,https://institucional.crf-al.org.br/imprensa/noticias/farmaceutico-alerta-sobre-o-risco-da-automedicacao-em-casos-de-dengue-zika-e-chicungunya,301
www.crf-al.org.br/farmaceutico-alerta-sobre-o-risco-da-automedicacao-em-casos-de-dengue-zika-e-chicungunya,https://institucional.crf-al.org.br/imprensa/noticias/farmaceutico-alerta-sobre-o-risco-da-automedicacao-em-casos-de-dengue-zika-e-chicungunya,301
www.crf-al.org.br/adultos_podem_desenvolver_deficit_de_atencao_diz_pesquisa_brasileira/,https://institucional.crf-al.org.br/imprensa/noticias/adultos_podem_desenvolver_deficit_de_atencao_diz_pesquisa_brasileira,301
www.crf-al.org.br/adultos_podem_desenvolver_deficit_de_atencao_diz_pesquisa_brasileira,https://institucional.crf-al.org.br/imprensa/noticias/adultos_podem_desenvolver_deficit_de_atencao_diz_pesquisa_brasileira,301
www.crf-al.org.br/pilula_da_usp_conheca_a_polemica_sobre_o_uso_de_remedios_nao_testados/,https://institucional.crf-al.org.br/imprensa/noticias/pilula_da_usp_conheca_a_polemica_sobre_o_uso_de_remedios_nao_testados,301
www.crf-al.org.br/pilula_da_usp_conheca_a_polemica_sobre_o_uso_de_remedios_nao_testados,https://institucional.crf-al.org.br/imprensa/noticias/pilula_da_usp_conheca_a_polemica_sobre_o_uso_de_remedios_nao_testados,301
www.crf-al.org.br/crf-al-assina-convenio-para-desconto-em-plano-de-saude-na-regiao-do-agreste/,https://institucional.crf-al.org.br/imprensa/noticias/crf-al-assina-convenio-para-desconto-em-plano-de-saude-na-regiao-do-agreste,301
www.crf-al.org.br/crf-al-assina-convenio-para-desconto-em-plano-de-saude-na-regiao-do-agreste,https://institucional.crf-al.org.br/imprensa/noticias/crf-al-assina-convenio-para-desconto-em-plano-de-saude-na-regiao-do-agreste,301
www.crf-al.org.br/injecao_de_gene_no_coracao_tem_efeito_de_marca_passo_natural_diz_estudo/,https://institucional.crf-al.org.br/imprensa/noticias/injecao_de_gene_no_coracao_tem_efeito_de_marca_passo_natural_diz_estudo,301
www.crf-al.org.br/injecao_de_gene_no_coracao_tem_efeito_de_marca_passo_natural_diz_estudo,https://institucional.crf-al.org.br/imprensa/noticias/injecao_de_gene_no_coracao_tem_efeito_de_marca_passo_natural_diz_estudo,301
www.crf-al.org.br/cientistas_criam_1a_pele_artificial_que_transmite_impulsos_para_o_cerebro/,https://institucional.crf-al.org.br/imprensa/noticias/cientistas_criam_1a_pele_artificial_que_transmite_impulsos_para_o_cerebro,301
www.crf-al.org.br/cientistas_criam_1a_pele_artificial_que_transmite_impulsos_para_o_cerebro,https://institucional.crf-al.org.br/imprensa/noticias/cientistas_criam_1a_pele_artificial_que_transmite_impulsos_para_o_cerebro,301
www.crf-al.org.br/pilula-digital-pode-mostrar-se-paciente-toma-remedios-corretamente/,https://institucional.crf-al.org.br/imprensa/noticias/pilula-digital-pode-mostrar-se-paciente-toma-remedios-corretamente,301
www.crf-al.org.br/pilula-digital-pode-mostrar-se-paciente-toma-remedios-corretamente,https://institucional.crf-al.org.br/imprensa/noticias/pilula-digital-pode-mostrar-se-paciente-toma-remedios-corretamente,301
www.crf-al.org.br/rasdia-mundial-da-psoriase-farmaceutica-luciana-prudente-fala-sobre-a-doenca-e-seu-tratamentocunho-automatico/,https://institucional.crf-al.org.br/imprensa/noticias/rasdia-mundial-da-psoriase-farmaceutica-luciana-prudente-fala-sobre-a-doenca-e-seu-tratamentocunho-automatico,301
www.crf-al.org.br/rasdia-mundial-da-psoriase-farmaceutica-luciana-prudente-fala-sobre-a-doenca-e-seu-tratamentocunho-automatico,https://institucional.crf-al.org.br/imprensa/noticias/rasdia-mundial-da-psoriase-farmaceutica-luciana-prudente-fala-sobre-a-doenca-e-seu-tratamentocunho-automatico,301
www.crf-al.org.br/cientistas_fazem_descoberta_revolucionaria_na_anatomia_do_cerebro/,https://institucional.crf-al.org.br/imprensa/noticias/cientistas_fazem_descoberta_revolucionaria_na_anatomia_do_cerebro,301
www.crf-al.org.br/cientistas_fazem_descoberta_revolucionaria_na_anatomia_do_cerebro,https://institucional.crf-al.org.br/imprensa/noticias/cientistas_fazem_descoberta_revolucionaria_na_anatomia_do_cerebro,301
www.crf-al.org.br/crf-al-renova-parceria-com-crf-sp-e-garante-continuidade-do-acesso-gratuito-a-academia-virtual-de-farmacia/,https://institucional.crf-al.org.br/imprensa/noticias/crf-al-renova-parceria-com-crf-sp-e-garante-continuidade-do-acesso-gratuito-a-academia-virtual-de-farmacia,301
www.crf-al.org.br/crf-al-renova-parceria-com-crf-sp-e-garante-continuidade-do-acesso-gratuito-a-academia-virtual-de-farmacia,https://institucional.crf-al.org.br/imprensa/noticias/crf-al-renova-parceria-com-crf-sp-e-garante-continuidade-do-acesso-gratuito-a-academia-virtual-de-farmacia,301
www.crf-al.org.br/a_automedicacao_piora_a_dor/,https://institucional.crf-al.org.br/imprensa/noticias/a_automedicacao_piora_a_dor,301
www.crf-al.org.br/a_automedicacao_piora_a_dor,https://institucional.crf-al.org.br/imprensa/noticias/a_automedicacao_piora_a_dor,301
www.crf-al.org.br/descartedemedicamentos-crfal-participa-da-semana-do-meio-ambiente/,https://institucional.crf-al.org.br/imprensa/noticias/descartedemedicamentos-crfal-participa-da-semana-do-meio-ambiente,301
www.crf-al.org.br/descartedemedicamentos-crfal-participa-da-semana-do-meio-ambiente,https://institucional.crf-al.org.br/imprensa/noticias/descartedemedicamentos-crfal-participa-da-semana-do-meio-ambiente,301
www.crf-al.org.br/ministerio_da_saude_lanca_versao_digital_do_cartao_sus/,https://institucional.crf-al.org.br/imprensa/noticias/ministerio_da_saude_lanca_versao_digital_do_cartao_sus,301
www.crf-al.org.br/ministerio_da_saude_lanca_versao_digital_do_cartao_sus,https://institucional.crf-al.org.br/imprensa/noticias/ministerio_da_saude_lanca_versao_digital_do_cartao_sus,301
www.crf-al.org.br/farmaceutica-do-he-do-agreste-orienta-sobre-armazenamento-correto-de-medicamentos/,https://institucional.crf-al.org.br/imprensa/noticias/farmaceutica-do-he-do-agreste-orienta-sobre-armazenamento-correto-de-medicamentos,301
www.crf-al.org.br/farmaceutica-do-he-do-agreste-orienta-sobre-armazenamento-correto-de-medicamentos,https://institucional.crf-al.org.br/imprensa/noticias/farmaceutica-do-he-do-agreste-orienta-sobre-armazenamento-correto-de-medicamentos,301
www.crf-al.org.br/cientistas_dizem_ter_identificado_parte_do_cerebro_que_faz_ver_fantasmas/,https://institucional.crf-al.org.br/imprensa/noticias/cientistas_dizem_ter_identificado_parte_do_cerebro_que_faz_ver_fantasmas,301
www.crf-al.org.br/cientistas_dizem_ter_identificado_parte_do_cerebro_que_faz_ver_fantasmas,https://institucional.crf-al.org.br/imprensa/noticias/cientistas_dizem_ter_identificado_parte_do_cerebro_que_faz_ver_fantasmas,301
www.crf-al.org.br/jogo-do-brasil-crfal-funciona-de-08h-as-13h-nesta-segunda-feira/,https://institucional.crf-al.org.br/imprensa/noticias/jogo-do-brasil-crfal-funciona-de-08h-as-13h-nesta-segunda-feira,301
www.crf-al.org.br/jogo-do-brasil-crfal-funciona-de-08h-as-13h-nesta-segunda-feira,https://institucional.crf-al.org.br/imprensa/noticias/jogo-do-brasil-crfal-funciona-de-08h-as-13h-nesta-segunda-feira,301
www.crf-al.org.br/rdc-da-anvisa-pode-ampliar-a-atuacao-do-farmaceutico-na-prescricao-de-mips/,https://institucional.crf-al.org.br/imprensa/noticias/rdc-da-anvisa-pode-ampliar-a-atuacao-do-farmaceutico-na-prescricao-de-mips,301
www.crf-al.org.br/rdc-da-anvisa-pode-ampliar-a-atuacao-do-farmaceutico-na-prescricao-de-mips,https://institucional.crf-al.org.br/imprensa/noticias/rdc-da-anvisa-pode-ampliar-a-atuacao-do-farmaceutico-na-prescricao-de-mips,301
www.crf-al.org.br/municipio-de-roteiro-inaugura-central-de-abastecimento-farmaceutico/,https://institucional.crf-al.org.br/imprensa/noticias/municipio-de-roteiro-inaugura-central-de-abastecimento-farmaceutico,301
www.crf-al.org.br/municipio-de-roteiro-inaugura-central-de-abastecimento-farmaceutico,https://institucional.crf-al.org.br/imprensa/noticias/municipio-de-roteiro-inaugura-central-de-abastecimento-farmaceutico,301
www.crf-al.org.br/cff-realiza-496a-reuniao-plenaria-em-brasilia/,https://institucional.crf-al.org.br/imprensa/noticias/cff-realiza-496a-reuniao-plenaria-em-brasilia,301
www.crf-al.org.br/cff-realiza-496a-reuniao-plenaria-em-brasilia,https://institucional.crf-al.org.br/imprensa/noticias/cff-realiza-496a-reuniao-plenaria-em-brasilia,301
www.crf-al.org.br/fumo_passivo_pode_causar_aumento_de_peso_diz_pesquisa/,https://institucional.crf-al.org.br/imprensa/noticias/fumo_passivo_pode_causar_aumento_de_peso_diz_pesquisa,301
www.crf-al.org.br/fumo_passivo_pode_causar_aumento_de_peso_diz_pesquisa,https://institucional.crf-al.org.br/imprensa/noticias/fumo_passivo_pode_causar_aumento_de_peso_diz_pesquisa,301
www.crf-al.org.br/castanha_do_para_retarda_envelhecimento_das_celulas_do_cerebro_diz_estudo/,https://institucional.crf-al.org.br/imprensa/noticias/castanha_do_para_retarda_envelhecimento_das_celulas_do_cerebro_diz_estudo,301
www.crf-al.org.br/castanha_do_para_retarda_envelhecimento_das_celulas_do_cerebro_diz_estudo,https://institucional.crf-al.org.br/imprensa/noticias/castanha_do_para_retarda_envelhecimento_das_celulas_do_cerebro_diz_estudo,301
www.crf-al.org.br/agenda_de_eventos_/60o-congresso-da-sociedade-brasileira-de-medicina-tropical/,https://institucional.crf-al.org.br/eventos,301
www.crf-al.org.br/agenda_de_eventos_/60o-congresso-da-sociedade-brasileira-de-medicina-tropical,https://institucional.crf-al.org.br/eventos,301
www.crf-al.org.br/estudo_com_caes_indica_que_droga_pode_prolongar_vida/,https://institucional.crf-al.org.br/imprensa/noticias/estudo_com_caes_indica_que_droga_pode_prolongar_vida,301
www.crf-al.org.br/estudo_com_caes_indica_que_droga_pode_prolongar_vida,https://institucional.crf-al.org.br/imprensa/noticias/estudo_com_caes_indica_que_droga_pode_prolongar_vida,301
www.crf-al.org.br/dia-das-maes-curso-de-farmacia-une-mae-e-filha-na-manipulacao-docencia-e-empreendedorismo/,https://institucional.crf-al.org.br/imprensa/noticias/dia-das-maes-curso-de-farmacia-une-mae-e-filha-na-manipulacao-docencia-e-empreendedorismo,301
www.crf-al.org.br/dia-das-maes-curso-de-farmacia-une-mae-e-filha-na-manipulacao-docencia-e-empreendedorismo,https://institucional.crf-al.org.br/imprensa/noticias/dia-das-maes-curso-de-farmacia-une-mae-e-filha-na-manipulacao-docencia-e-empreendedorismo,301
www.crf-al.org.br/ministerio-publico-de-alagoas-e-crfal-fiscalizam-servico-de-abastecimento-farmaceutico-nas-unidades-de-saude-de-maceio/,https://institucional.crf-al.org.br/imprensa/noticias/ministerio-publico-de-alagoas-e-crfal-fiscalizam-servico-de-abastecimento-farmaceutico-nas-unidades-de-saude-de-maceio,301
www.crf-al.org.br/ministerio-publico-de-alagoas-e-crfal-fiscalizam-servico-de-abastecimento-farmaceutico-nas-unidades-de-saude-de-maceio,https://institucional.crf-al.org.br/imprensa/noticias/ministerio-publico-de-alagoas-e-crfal-fiscalizam-servico-de-abastecimento-farmaceutico-nas-unidades-de-saude-de-maceio,301
www.crf-al.org.br/no-dia-da-consciencia-negra-o-crf-al-conta-a-historia-da-farmaceutica-negra-ihasmyn-melo/,https://institucional.crf-al.org.br/imprensa/noticias/no-dia-da-consciencia-negra-o-crf-al-conta-a-historia-da-farmaceutica-negra-ihasmyn-melo,301
www.crf-al.org.br/no-dia-da-consciencia-negra-o-crf-al-conta-a-historia-da-farmaceutica-negra-ihasmyn-melo,https://institucional.crf-al.org.br/imprensa/noticias/no-dia-da-consciencia-negra-o-crf-al-conta-a-historia-da-farmaceutica-negra-ihasmyn-melo,301
www.crf-al.org.br/farmaceutica-esclarece-duvidas-sobre-hipovitaminose-e-hipervitaminose/,https://institucional.crf-al.org.br/imprensa/noticias/farmaceutica-esclarece-duvidas-sobre-hipovitaminose-e-hipervitaminose,301
www.crf-al.org.br/farmaceutica-esclarece-duvidas-sobre-hipovitaminose-e-hipervitaminose,https://institucional.crf-al.org.br/imprensa/noticias/farmaceutica-esclarece-duvidas-sobre-hipovitaminose-e-hipervitaminose,301
www.crf-al.org.br/pilula_do_cancer_nao_age_contra_doenca_apontam_testes/,https://institucional.crf-al.org.br/imprensa/noticias/pilula_do_cancer_nao_age_contra_doenca_apontam_testes,301
www.crf-al.org.br/pilula_do_cancer_nao_age_contra_doenca_apontam_testes,https://institucional.crf-al.org.br/imprensa/noticias/pilula_do_cancer_nao_age_contra_doenca_apontam_testes,301
www.crf-al.org.br/nova_descoberta_pode_levar_a_cura_de_alzheimer/,https://institucional.crf-al.org.br/imprensa/noticias/nova_descoberta_pode_levar_a_cura_de_alzheimer,301
www.crf-al.org.br/nova_descoberta_pode_levar_a_cura_de_alzheimer,https://institucional.crf-al.org.br/imprensa/noticias/nova_descoberta_pode_levar_a_cura_de_alzheimer,301
www.crf-al.org.br/ministerio_publica_diretrizes_sobre_a_pratica_de_eutanasia_em_animais/,https://institucional.crf-al.org.br/imprensa/noticias/ministerio_publica_diretrizes_sobre_a_pratica_de_eutanasia_em_animais,301
www.crf-al.org.br/ministerio_publica_diretrizes_sobre_a_pratica_de_eutanasia_em_animais,https://institucional.crf-al.org.br/imprensa/noticias/ministerio_publica_diretrizes_sobre_a_pratica_de_eutanasia_em_animais,301
www.crf-al.org.br/mosquitos_transgenicos_abrem_nova_frente_no_combate_a_malaria/,https://institucional.crf-al.org.br/imprensa/noticias/mosquitos_transgenicos_abrem_nova_frente_no_combate_a_malaria,301
www.crf-al.org.br/mosquitos_transgenicos_abrem_nova_frente_no_combate_a_malaria,https://institucional.crf-al.org.br/imprensa/noticias/mosquitos_transgenicos_abrem_nova_frente_no_combate_a_malaria,301
www.crf-al.org.br/virus_misterioso_que_paralisa_criancas_intriga_medicos_nos_eua/,https://institucional.crf-al.org.br/imprensa/noticias/virus_misterioso_que_paralisa_criancas_intriga_medicos_nos_eua,301
www.crf-al.org.br/virus_misterioso_que_paralisa_criancas_intriga_medicos_nos_eua,https://institucional.crf-al.org.br/imprensa/noticias/virus_misterioso_que_paralisa_criancas_intriga_medicos_nos_eua,301
www.crf-al.org.br/dezembro-vermelho-em-arapiraca-farmaceutico-acompanha-paciente-com-hiv/,https://institucional.crf-al.org.br/imprensa/noticias/dezembro-vermelho-em-arapiraca-farmaceutico-acompanha-paciente-com-hiv,301
www.crf-al.org.br/dezembro-vermelho-em-arapiraca-farmaceutico-acompanha-paciente-com-hiv,https://institucional.crf-al.org.br/imprensa/noticias/dezembro-vermelho-em-arapiraca-farmaceutico-acompanha-paciente-com-hiv,301
www.crf-al.org.br/07-o-farmaceutico-faz-minha-vida-melhor-na-gestao/,https://institucional.crf-al.org.br/imprensa/noticias/07-o-farmaceutico-faz-minha-vida-melhor-na-gestao,301
www.crf-al.org.br/07-o-farmaceutico-faz-minha-vida-melhor-na-gestao,https://institucional.crf-al.org.br/imprensa/noticias/07-o-farmaceutico-faz-minha-vida-melhor-na-gestao,301
www.crf-al.org.br/icesp_usara_novo_equipamento_para_diagnosticar_cancer/,https://institucional.crf-al.org.br/imprensa/noticias/icesp_usara_novo_equipamento_para_diagnosticar_cancer,301
www.crf-al.org.br/icesp_usara_novo_equipamento_para_diagnosticar_cancer,https://institucional.crf-al.org.br/imprensa/noticias/icesp_usara_novo_equipamento_para_diagnosticar_cancer,301
www.crf-al.org.br/pl-preve-fornecimento-gratuito-de-monitor-de-glicema-pelo-sus/,https://institucional.crf-al.org.br/imprensa/noticias/pl-preve-fornecimento-gratuito-de-monitor-de-glicema-pelo-sus,301
www.crf-al.org.br/pl-preve-fornecimento-gratuito-de-monitor-de-glicema-pelo-sus,https://institucional.crf-al.org.br/imprensa/noticias/pl-preve-fornecimento-gratuito-de-monitor-de-glicema-pelo-sus,301
www.crf-al.org.br/alteracoes_pos_registro_de_medicamentos_ganha_novas_regras/,https://institucional.crf-al.org.br/imprensa/noticias/alteracoes_pos_registro_de_medicamentos_ganha_novas_regras,301
www.crf-al.org.br/alteracoes_pos_registro_de_medicamentos_ganha_novas_regras,https://institucional.crf-al.org.br/imprensa/noticias/alteracoes_pos_registro_de_medicamentos_ganha_novas_regras,301
www.crf-al.org.br/crfal-informa-horario-de-funcionamento/,https://institucional.crf-al.org.br/imprensa/noticias/crfal-informa-horario-de-funcionamento,301
www.crf-al.org.br/crfal-informa-horario-de-funcionamento,https://institucional.crf-al.org.br/imprensa/noticias/crfal-informa-horario-de-funcionamento,301
www.crf-al.org.br/manutencao-preventiva-pode-provocar-instabilidade-em-sistema-do-crf/,https://institucional.crf-al.org.br/imprensa/noticias/manutencao-preventiva-pode-provocar-instabilidade-em-sistema-do-crf,301
www.crf-al.org.br/manutencao-preventiva-pode-provocar-instabilidade-em-sistema-do-crf,https://institucional.crf-al.org.br/imprensa/noticias/manutencao-preventiva-pode-provocar-instabilidade-em-sistema-do-crf,301
www.crf-al.org.br/farmaceuticos_podem_orientar_pacientes_para_evitar_automedicacao/,https://institucional.crf-al.org.br/imprensa/noticias/farmaceuticos_podem_orientar_pacientes_para_evitar_automedicacao,301
www.crf-al.org.br/farmaceuticos_podem_orientar_pacientes_para_evitar_automedicacao,https://institucional.crf-al.org.br/imprensa/noticias/farmaceuticos_podem_orientar_pacientes_para_evitar_automedicacao,301
www.crf-al.org.br/pacientes_com_hepatite_c_reclamam_da_espera_por_novos_medicamentos/,https://institucional.crf-al.org.br/imprensa/noticias/pacientes_com_hepatite_c_reclamam_da_espera_por_novos_medicamentos,301
www.crf-al.org.br/pacientes_com_hepatite_c_reclamam_da_espera_por_novos_medicamentos,https://institucional.crf-al.org.br/imprensa/noticias/pacientes_com_hepatite_c_reclamam_da_espera_por_novos_medicamentos,301
www.crf-al.org.br/consultorio-farmaceutico-crfal-libera-registro-para-pessoa-fisica/,https://institucional.crf-al.org.br/imprensa/noticias/consultorio-farmaceutico-crfal-libera-registro-para-pessoa-fisica,301
www.crf-al.org.br/consultorio-farmaceutico-crfal-libera-registro-para-pessoa-fisica,https://institucional.crf-al.org.br/imprensa/noticias/consultorio-farmaceutico-crfal-libera-registro-para-pessoa-fisica,301
www.crf-al.org.br/mapa_do_cancer_de_mama/,https://institucional.crf-al.org.br/imprensa/noticias/mapa_do_cancer_de_mama,301
www.crf-al.org.br/mapa_do_cancer_de_mama,https://institucional.crf-al.org.br/imprensa/noticias/mapa_do_cancer_de_mama,301
www.crf-al.org.br/japao_desenvolve_exame_de_sangue_para_detectar_13_tipos_de_cancer/,https://institucional.crf-al.org.br/imprensa/noticias/japao_desenvolve_exame_de_sangue_para_detectar_13_tipos_de_cancer,301
www.crf-al.org.br/japao_desenvolve_exame_de_sangue_para_detectar_13_tipos_de_cancer,https://institucional.crf-al.org.br/imprensa/noticias/japao_desenvolve_exame_de_sangue_para_detectar_13_tipos_de_cancer,301
www.crf-al.org.br/google_registra_patente_de_drone_que_entrega_medicamentos_sob_demanda/,https://institucional.crf-al.org.br/imprensa/noticias/google_registra_patente_de_drone_que_entrega_medicamentos_sob_demanda,301
www.crf-al.org.br/google_registra_patente_de_drone_que_entrega_medicamentos_sob_demanda,https://institucional.crf-al.org.br/imprensa/noticias/google_registra_patente_de_drone_que_entrega_medicamentos_sob_demanda,301
www.crf-al.org.br/generico_ainda_nao_emplaca_em_todos_os_estados_do_pais/,https://institucional.crf-al.org.br/imprensa/noticias/generico_ainda_nao_emplaca_em_todos_os_estados_do_pais,301
www.crf-al.org.br/generico_ainda_nao_emplaca_em_todos_os_estados_do_pais,https://institucional.crf-al.org.br/imprensa/noticias/generico_ainda_nao_emplaca_em_todos_os_estados_do_pais,301
www.crf-al.org.br/notificacao_de_casos_de_hiv_positivo_passa_a_ser_obrigatoria/,https://institucional.crf-al.org.br/imprensa/noticias/notificacao_de_casos_de_hiv_positivo_passa_a_ser_obrigatoria,301
www.crf-al.org.br/notificacao_de_casos_de_hiv_positivo_passa_a_ser_obrigatoria,https://institucional.crf-al.org.br/imprensa/noticias/notificacao_de_casos_de_hiv_positivo_passa_a_ser_obrigatoria,301
www.crf-al.org.br/ministerio_da_saude_amplia_cirurgia_para_mudanca_de_sexo/,https://institucional.crf-al.org.br/imprensa/noticias/ministerio_da_saude_amplia_cirurgia_para_mudanca_de_sexo,301
www.crf-al.org.br/ministerio_da_saude_amplia_cirurgia_para_mudanca_de_sexo,https://institucional.crf-al.org.br/imprensa/noticias/ministerio_da_saude_amplia_cirurgia_para_mudanca_de_sexo,301
www.crf-al.org.br/justica_obriga_governo_a_dar_remedio_derivado_da_maconha_a_crianca_em_sp/,https://institucional.crf-al.org.br/imprensa/noticias/justica_obriga_governo_a_dar_remedio_derivado_da_maconha_a_crianca_em_sp,301
www.crf-al.org.br/justica_obriga_governo_a_dar_remedio_derivado_da_maconha_a_crianca_em_sp,https://institucional.crf-al.org.br/imprensa/noticias/justica_obriga_governo_a_dar_remedio_derivado_da_maconha_a_crianca_em_sp,301
www.crf-al.org.br/empresa-cofundada-por-farmaceutico-cria-respirador-mais-em-conta/,https://institucional.crf-al.org.br/imprensa/noticias/empresa-cofundada-por-farmaceutico-cria-respirador-mais-em-conta,301
www.crf-al.org.br/empresa-cofundada-por-farmaceutico-cria-respirador-mais-em-conta,https://institucional.crf-al.org.br/imprensa/noticias/empresa-cofundada-por-farmaceutico-cria-respirador-mais-em-conta,301
www.crf-al.org.br/por_que_so_50_das_1_200_farmacias_uruguaias_comecarao_a_vender_maconha/,https://institucional.crf-al.org.br/imprensa/noticias/por_que_so_50_das_1_200_farmacias_uruguaias_comecarao_a_vender_maconha,301
www.crf-al.org.br/por_que_so_50_das_1_200_farmacias_uruguaias_comecarao_a_vender_maconha,https://institucional.crf-al.org.br/imprensa/noticias/por_que_so_50_das_1_200_farmacias_uruguaias_comecarao_a_vender_maconha,301
www.crf-al.org.br/metodos_alternativos_prometem_reduzir_custo_de_fertilizacao_in_vitro/,https://institucional.crf-al.org.br/imprensa/noticias/metodos_alternativos_prometem_reduzir_custo_de_fertilizacao_in_vitro,301
www.crf-al.org.br/metodos_alternativos_prometem_reduzir_custo_de_fertilizacao_in_vitro,https://institucional.crf-al.org.br/imprensa/noticias/metodos_alternativos_prometem_reduzir_custo_de_fertilizacao_in_vitro,301
www.crf-al.org.br/nota-de-falecimento-bernardino-souto-maior/,https://institucional.crf-al.org.br/imprensa/noticias/nota-de-falecimento-bernardino-souto-maior,301
www.crf-al.org.br/nota-de-falecimento-bernardino-souto-maior,https://institucional.crf-al.org.br/imprensa/noticias/nota-de-falecimento-bernardino-souto-maior,301
www.crf-al.org.br/cancer_deentre_menores_de_50_anos_aumenta_nos_eua/,https://institucional.crf-al.org.br/imprensa/noticias/cancer_deentre_menores_de_50_anos_aumenta_nos_eua,301
www.crf-al.org.br/cancer_deentre_menores_de_50_anos_aumenta_nos_eua,https://institucional.crf-al.org.br/imprensa/noticias/cancer_deentre_menores_de_50_anos_aumenta_nos_eua,301
www.crf-al.org.br/crfal-faz-entrega-de-kits-de-limpeza-para-abrigo-de-idosas-no-bairro-do-farol/,https://institucional.crf-al.org.br/imprensa/noticias/crfal-faz-entrega-de-kits-de-limpeza-para-abrigo-de-idosas-no-bairro-do-farol,301
www.crf-al.org.br/crfal-faz-entrega-de-kits-de-limpeza-para-abrigo-de-idosas-no-bairro-do-farol,https://institucional.crf-al.org.br/imprensa/noticias/crfal-faz-entrega-de-kits-de-limpeza-para-abrigo-de-idosas-no-bairro-do-farol,301
www.crf-al.org.br/hpv_pode_aumentar_22_vezes_a_propensao_ao_cancer_de_garganta/,https://institucional.crf-al.org.br/imprensa/noticias/hpv_pode_aumentar_22_vezes_a_propensao_ao_cancer_de_garganta,301
www.crf-al.org.br/hpv_pode_aumentar_22_vezes_a_propensao_ao_cancer_de_garganta,https://institucional.crf-al.org.br/imprensa/noticias/hpv_pode_aumentar_22_vezes_a_propensao_ao_cancer_de_garganta,301
www.crf-al.org.br/farmaceutica-trata-endometriose-com-medicina-tradicional-chinesa/,https://institucional.crf-al.org.br/imprensa/noticias/farmaceutica-trata-endometriose-com-medicina-tradicional-chinesa,301
www.crf-al.org.br/farmaceutica-trata-endometriose-com-medicina-tradicional-chinesa,https://institucional.crf-al.org.br/imprensa/noticias/farmaceutica-trata-endometriose-com-medicina-tradicional-chinesa,301
www.crf-al.org.br/farmacia-magistral-e-a-paixao-de-priscilla-fonseca/,https://institucional.crf-al.org.br/imprensa/noticias/farmacia-magistral-e-a-paixao-de-priscilla-fonseca,301
www.crf-al.org.br/farmacia-magistral-e-a-paixao-de-priscilla-fonseca,https://institucional.crf-al.org.br/imprensa/noticias/farmacia-magistral-e-a-paixao-de-priscilla-fonseca,301
www.crf-al.org.br/aspirina_pode_ajudar_no_tratamento_de_tumores_no_cerebro_aponta_estudo/,https://institucional.crf-al.org.br/imprensa/noticias/aspirina_pode_ajudar_no_tratamento_de_tumores_no_cerebro_aponta_estudo,301
www.crf-al.org.br/aspirina_pode_ajudar_no_tratamento_de_tumores_no_cerebro_aponta_estudo,https://institucional.crf-al.org.br/imprensa/noticias/aspirina_pode_ajudar_no_tratamento_de_tumores_no_cerebro_aponta_estudo,301
www.crf-al.org.br/de-farmaceutica-gestora-liliane-administra-seu-negocio-com-mais-duas-socias/,https://institucional.crf-al.org.br/imprensa/noticias/de-farmaceutica-gestora-liliane-administra-seu-negocio-com-mais-duas-socias,301
www.crf-al.org.br/de-farmaceutica-gestora-liliane-administra-seu-negocio-com-mais-duas-socias,https://institucional.crf-al.org.br/imprensa/noticias/de-farmaceutica-gestora-liliane-administra-seu-negocio-com-mais-duas-socias,301
www.crf-al.org.br/crfal-faz-doacao-de-182-fraldas-para-lar-de-idosos-em-arapiraca/,https://institucional.crf-al.org.br/imprensa/noticias/crfal-faz-doacao-de-182-fraldas-para-lar-de-idosos-em-arapiraca,301
www.crf-al.org.br/crfal-faz-doacao-de-182-fraldas-para-lar-de-idosos-em-arapiraca,https://institucional.crf-al.org.br/imprensa/noticias/crfal-faz-doacao-de-182-fraldas-para-lar-de-idosos-em-arapiraca,301
www.crf-al.org.br/anvisa_libera_aditivos_ao_cigarro_que_nao_afetam_sabor_e_cheiro/,https://institucional.crf-al.org.br/imprensa/noticias/anvisa_libera_aditivos_ao_cigarro_que_nao_afetam_sabor_e_cheiro,301
www.crf-al.org.br/anvisa_libera_aditivos_ao_cigarro_que_nao_afetam_sabor_e_cheiro,https://institucional.crf-al.org.br/imprensa/noticias/anvisa_libera_aditivos_ao_cigarro_que_nao_afetam_sabor_e_cheiro,301
www.crf-al.org.br/nossos-parceiros/,https://institucional.crf-al.org.br/instituicao/sobre-conselho,301
www.crf-al.org.br/nossos-parceiros,https://institucional.crf-al.org.br/instituicao/sobre-conselho,301
www.crf-al.org.br/ministerio-da-saude-garante-suporte-psicologico-profissionais-do-sus/,https://institucional.crf-al.org.br/imprensa/noticias/ministerio-da-saude-garante-suporte-psicologico-profissionais-do-sus,301
www.crf-al.org.br/ministerio-da-saude-garante-suporte-psicologico-profissionais-do-sus,https://institucional.crf-al.org.br/imprensa/noticias/ministerio-da-saude-garante-suporte-psicologico-profissionais-do-sus,301
www.crf-al.org.br/crf-al-convoca-empresas-para-atualizacao-do-capital-social/,https://institucional.crf-al.org.br/imprensa/noticias/crf-al-convoca-empresas-para-atualizacao-do-capital-social,301
www.crf-al.org.br/crf-al-convoca-empresas-para-atualizacao-do-capital-social,https://institucional.crf-al.org.br/imprensa/noticias/crf-al-convoca-empresas-para-atualizacao-do-capital-social,301
www.crf-al.org.br/cff_abre_inscricao_para_curso_de_educacao_a_distancia_para_estudantes_do_ultimo_ano/,https://institucional.crf-al.org.br/imprensa/noticias/cff_abre_inscricao_para_curso_de_educacao_a_distancia_para_estudantes_do_ultimo_ano,301
www.crf-al.org.br/cff_abre_inscricao_para_curso_de_educacao_a_distancia_para_estudantes_do_ultimo_ano,https://institucional.crf-al.org.br/imprensa/noticias/cff_abre_inscricao_para_curso_de_educacao_a_distancia_para_estudantes_do_ultimo_ano,301
www.crf-al.org.br/mais-de-50-dos-pacientes-hipertensos-no-brasil-nao-controlam-doenca/,https://institucional.crf-al.org.br/imprensa/noticias/mais-de-50-dos-pacientes-hipertensos-no-brasil-nao-controlam-doenca,301
www.crf-al.org.br/mais-de-50-dos-pacientes-hipertensos-no-brasil-nao-controlam-doenca,https://institucional.crf-al.org.br/imprensa/noticias/mais-de-50-dos-pacientes-hipertensos-no-brasil-nao-controlam-doenca,301
www.crf-al.org.br/remedio_experimental_para_o_coracao_mostrou_se_efetivo_em_diversos_grupos/,https://institucional.crf-al.org.br/imprensa/noticias/remedio_experimental_para_o_coracao_mostrou_se_efetivo_em_diversos_grupos,301
www.crf-al.org.br/remedio_experimental_para_o_coracao_mostrou_se_efetivo_em_diversos_grupos,https://institucional.crf-al.org.br/imprensa/noticias/remedio_experimental_para_o_coracao_mostrou_se_efetivo_em_diversos_grupos,301
www.crf-al.org.br/decreto-vai-reduzir-preco-de-medicamentos-vendidos-em-alagoas/,https://institucional.crf-al.org.br/imprensa/noticias/decreto-vai-reduzir-preco-de-medicamentos-vendidos-em-alagoas,301
www.crf-al.org.br/decreto-vai-reduzir-preco-de-medicamentos-vendidos-em-alagoas,https://institucional.crf-al.org.br/imprensa/noticias/decreto-vai-reduzir-preco-de-medicamentos-vendidos-em-alagoas,301
www.crf-al.org.br/crfal-fecha-parceria-com-escola-em-arapiraca/,https://institucional.crf-al.org.br/imprensa/noticias/crfal-fecha-parceria-com-escola-em-arapiraca,301
www.crf-al.org.br/crfal-fecha-parceria-com-escola-em-arapiraca,https://institucional.crf-al.org.br/imprensa/noticias/crfal-fecha-parceria-com-escola-em-arapiraca,301
www.crf-al.org.br/seis-farmaceuticos-estao-entre-os-principais-cientistas-de-imunologia-do-brasil/,https://institucional.crf-al.org.br/imprensa/noticias/seis-farmaceuticos-estao-entre-os-principais-cientistas-de-imunologia-do-brasil,301
www.crf-al.org.br/seis-farmaceuticos-estao-entre-os-principais-cientistas-de-imunologia-do-brasil,https://institucional.crf-al.org.br/imprensa/noticias/seis-farmaceuticos-estao-entre-os-principais-cientistas-de-imunologia-do-brasil,301
www.crf-al.org.br/alem-do-medicamento-farmaceuticos-usam-praticas-integrativas-no-tratamento-de-doencas/,https://institucional.crf-al.org.br/imprensa/noticias/alem-do-medicamento-farmaceuticos-usam-praticas-integrativas-no-tratamento-de-doencas,301
www.crf-al.org.br/alem-do-medicamento-farmaceuticos-usam-praticas-integrativas-no-tratamento-de-doencas,https://institucional.crf-al.org.br/imprensa/noticias/alem-do-medicamento-farmaceuticos-usam-praticas-integrativas-no-tratamento-de-doencas,301
www.crf-al.org.br/novas_drogas_contra_aids_tiram_o_hiv_de_esconderijos_no_corpo/,https://institucional.crf-al.org.br/imprensa/noticias/novas_drogas_contra_aids_tiram_o_hiv_de_esconderijos_no_corpo,301
www.crf-al.org.br/novas_drogas_contra_aids_tiram_o_hiv_de_esconderijos_no_corpo,https://institucional.crf-al.org.br/imprensa/noticias/novas_drogas_contra_aids_tiram_o_hiv_de_esconderijos_no_corpo,301
www.crf-al.org.br/saiba-como-se-prevenir-contra-o-hpv/,https://institucional.crf-al.org.br/imprensa/noticias/saiba-como-se-prevenir-contra-o-hpv,301
www.crf-al.org.br/saiba-como-se-prevenir-contra-o-hpv,https://institucional.crf-al.org.br/imprensa/noticias/saiba-como-se-prevenir-contra-o-hpv,301
www.crf-al.org.br/laudos-de-testes-da-covid-19-realizado-pela-ufal-arapiraca-e-assinado-por-farmaceutico/,https://institucional.crf-al.org.br/imprensa/noticias/laudos-de-testes-da-covid-19-realizado-pela-ufal-arapiraca-e-assinado-por-farmaceutico,301
www.crf-al.org.br/laudos-de-testes-da-covid-19-realizado-pela-ufal-arapiraca-e-assinado-por-farmaceutico,https://institucional.crf-al.org.br/imprensa/noticias/laudos-de-testes-da-covid-19-realizado-pela-ufal-arapiraca-e-assinado-por-farmaceutico,301
www.crf-al.org.br/anvisa-alerta-para-falsificacao-de-medicamentos/,https://institucional.crf-al.org.br/imprensa/noticias/anvisa-alerta-para-falsificacao-de-medicamentos,301
www.crf-al.org.br/anvisa-alerta-para-falsificacao-de-medicamentos,https://institucional.crf-al.org.br/imprensa/noticias/anvisa-alerta-para-falsificacao-de-medicamentos,301
www.crf-al.org.br/falta_de_sono_pode_provocar_perda_de_neuronios_diz_pesquisa/,https://institucional.crf-al.org.br/imprensa/noticias/falta_de_sono_pode_provocar_perda_de_neuronios_diz_pesquisa,301
www.crf-al.org.br/falta_de_sono_pode_provocar_perda_de_neuronios_diz_pesquisa,https://institucional.crf-al.org.br/imprensa/noticias/falta_de_sono_pode_provocar_perda_de_neuronios_diz_pesquisa,301
www.crf-al.org.br/estudo_de_harvard_prova_que_placebo_tem_efeito_de_remedio_para_enxaqueca/,https://institucional.crf-al.org.br/imprensa/noticias/estudo_de_harvard_prova_que_placebo_tem_efeito_de_remedio_para_enxaqueca,301
www.crf-al.org.br/estudo_de_harvard_prova_que_placebo_tem_efeito_de_remedio_para_enxaqueca,https://institucional.crf-al.org.br/imprensa/noticias/estudo_de_harvard_prova_que_placebo_tem_efeito_de_remedio_para_enxaqueca,301
www.crf-al.org.br/convenios-crf-faz-alerta-quanto-ao-envio-de-mensagens-de-oferta-de-beneficios/,https://institucional.crf-al.org.br/imprensa/noticias/convenios-crf-faz-alerta-quanto-ao-envio-de-mensagens-de-oferta-de-beneficios,301
www.crf-al.org.br/convenios-crf-faz-alerta-quanto-ao-envio-de-mensagens-de-oferta-de-beneficios,https://institucional.crf-al.org.br/imprensa/noticias/convenios-crf-faz-alerta-quanto-ao-envio-de-mensagens-de-oferta-de-beneficios,301
www.crf-al.org.br/apos_mosquito_modificado_piracicaba_sp_testa_app_que_identifica_o_aedes/,https://institucional.crf-al.org.br/imprensa/noticias/apos_mosquito_modificado_piracicaba_sp_testa_app_que_identifica_o_aedes,301
www.crf-al.org.br/apos_mosquito_modificado_piracicaba_sp_testa_app_que_identifica_o_aedes,https://institucional.crf-al.org.br/imprensa/noticias/apos_mosquito_modificado_piracicaba_sp_testa_app_que_identifica_o_aedes,301
www.crf-al.org.br/pf-muda-regras-para-controle-de-produtos-quimicos-no-pais/,https://institucional.crf-al.org.br/imprensa/noticias/pf-muda-regras-para-controle-de-produtos-quimicos-no-pais,301
www.crf-al.org.br/pf-muda-regras-para-controle-de-produtos-quimicos-no-pais,https://institucional.crf-al.org.br/imprensa/noticias/pf-muda-regras-para-controle-de-produtos-quimicos-no-pais,301
www.crf-al.org.br/valmira-abre-consultorio-farmaceutico-na-santa-casa-de-sao-miguel-dos-campos/,https://institucional.crf-al.org.br/imprensa/noticias/valmira-abre-consultorio-farmaceutico-na-santa-casa-de-sao-miguel-dos-campos,301
www.crf-al.org.br/valmira-abre-consultorio-farmaceutico-na-santa-casa-de-sao-miguel-dos-campos,https://institucional.crf-al.org.br/imprensa/noticias/valmira-abre-consultorio-farmaceutico-na-santa-casa-de-sao-miguel-dos-campos,301
www.crf-al.org.br/lotes_de_cloridrato_de_tramadol_do_laboratorio_teuto_e_de_metronidazol_da_halex_istar_industria_farmaceutica_foram_recolhidos/,https://institucional.crf-al.org.br/imprensa/noticias/lotes_de_cloridrato_de_tramadol_do_laboratorio_teuto_e_de_metronidazol_da_halex_istar_industria_farmaceutica_foram_recolhidos,301
www.crf-al.org.br/lotes_de_cloridrato_de_tramadol_do_laboratorio_teuto_e_de_metronidazol_da_halex_istar_industria_farmaceutica_foram_recolhidos,https://institucional.crf-al.org.br/imprensa/noticias/lotes_de_cloridrato_de_tramadol_do_laboratorio_teuto_e_de_metronidazol_da_halex_istar_industria_farmaceutica_foram_recolhidos,301
www.crf-al.org.br/pesquisa_cria_pilula_que_engana_o_corpo_para_que_queime_gorduras/,https://institucional.crf-al.org.br/imprensa/noticias/pesquisa_cria_pilula_que_engana_o_corpo_para_que_queime_gorduras,301
www.crf-al.org.br/pesquisa_cria_pilula_que_engana_o_corpo_para_que_queime_gorduras,https://institucional.crf-al.org.br/imprensa/noticias/pesquisa_cria_pilula_que_engana_o_corpo_para_que_queime_gorduras,301
www.crf-al.org.br/cff-lanca-projeto-cuidado-farmaceutico-na-farmacia-comunitaria/,https://institucional.crf-al.org.br/imprensa/noticias/cff-lanca-projeto-cuidado-farmaceutico-na-farmacia-comunitaria,301
www.crf-al.org.br/cff-lanca-projeto-cuidado-farmaceutico-na-farmacia-comunitaria,https://institucional.crf-al.org.br/imprensa/noticias/cff-lanca-projeto-cuidado-farmaceutico-na-farmacia-comunitaria,301
www.crf-al.org.br/antioxidantes_podem_promover_progressao_do_melanoma_diz_estudo/,https://institucional.crf-al.org.br/imprensa/noticias/antioxidantes_podem_promover_progressao_do_melanoma_diz_estudo,301
www.crf-al.org.br/antioxidantes_podem_promover_progressao_do_melanoma_diz_estudo,https://institucional.crf-al.org.br/imprensa/noticias/antioxidantes_podem_promover_progressao_do_melanoma_diz_estudo,301
www.crf-al.org.br/oms_lanca_esforco_global_para_reduzir_erros_relacionados_a_medicacao/,https://institucional.crf-al.org.br/imprensa/noticias/oms_lanca_esforco_global_para_reduzir_erros_relacionados_a_medicacao,301
www.crf-al.org.br/oms_lanca_esforco_global_para_reduzir_erros_relacionados_a_medicacao,https://institucional.crf-al.org.br/imprensa/noticias/oms_lanca_esforco_global_para_reduzir_erros_relacionados_a_medicacao,301
www.crf-al.org.br/crf-al-da-as-boas-vindas-aos-novos-farmaceuticos-com-entrega-de-carteiras-definitivas/,https://institucional.crf-al.org.br/imprensa/noticias/crf-al-da-as-boas-vindas-aos-novos-farmaceuticos-com-entrega-de-carteiras-definitivas,301
www.crf-al.org.br/crf-al-da-as-boas-vindas-aos-novos-farmaceuticos-com-entrega-de-carteiras-definitivas,https://institucional.crf-al.org.br/imprensa/noticias/crf-al-da-as-boas-vindas-aos-novos-farmaceuticos-com-entrega-de-carteiras-definitivas,301
www.crf-al.org.br/farmaceutico-palmeirense-realiza-60-atendimentos-farmaceuticos-mensalmente/,https://institucional.crf-al.org.br/imprensa/noticias/farmaceutico-palmeirense-realiza-60-atendimentos-farmaceuticos-mensalmente,301
www.crf-al.org.br/farmaceutico-palmeirense-realiza-60-atendimentos-farmaceuticos-mensalmente,https://institucional.crf-al.org.br/imprensa/noticias/farmaceutico-palmeirense-realiza-60-atendimentos-farmaceuticos-mensalmente,301
www.crf-al.org.br/eua_vao_aumentar_controle_sobre_venda_de_analgesicos/,https://institucional.crf-al.org.br/imprensa/noticias/eua_vao_aumentar_controle_sobre_venda_de_analgesicos,301
www.crf-al.org.br/eua_vao_aumentar_controle_sobre_venda_de_analgesicos,https://institucional.crf-al.org.br/imprensa/noticias/eua_vao_aumentar_controle_sobre_venda_de_analgesicos,301
www.crf-al.org.br/crf-al-inicia-campanha-de-doacao-de-sangue-para-irmao-de-farmaceutica-diagnosticado-com-leucemia/,https://institucional.crf-al.org.br/imprensa/noticias/crf-al-inicia-campanha-de-doacao-de-sangue-para-irmao-de-farmaceutica-diagnosticado-com-leucemia,301
www.crf-al.org.br/crf-al-inicia-campanha-de-doacao-de-sangue-para-irmao-de-farmaceutica-diagnosticado-com-leucemia,https://institucional.crf-al.org.br/imprensa/noticias/crf-al-inicia-campanha-de-doacao-de-sangue-para-irmao-de-farmaceutica-diagnosticado-com-leucemia,301
www.crf-al.org.br/fosfoetanolamina_nao_e_remedio_diz_usp_sobre_substancia_controversa/,https://institucional.crf-al.org.br/imprensa/noticias/fosfoetanolamina_nao_e_remedio_diz_usp_sobre_substancia_controversa,301
www.crf-al.org.br/fosfoetanolamina_nao_e_remedio_diz_usp_sobre_substancia_controversa,https://institucional.crf-al.org.br/imprensa/noticias/fosfoetanolamina_nao_e_remedio_diz_usp_sobre_substancia_controversa,301
www.crf-al.org.br/farmaceutico-destaque-2024-11-profissionais-sao-premiados-em-solenidade/,https://institucional.crf-al.org.br/imprensa/noticias/farmaceutico-destaque-2024-11-profissionais-sao-premiados-em-solenidade,301
www.crf-al.org.br/farmaceutico-destaque-2024-11-profissionais-sao-premiados-em-solenidade,https://institucional.crf-al.org.br/imprensa/noticias/farmaceutico-destaque-2024-11-profissionais-sao-premiados-em-solenidade,301
www.crf-al.org.br/obesidade_e_tres_vezes_mais_mortal_entre_os_homens_diz_estudo/,https://institucional.crf-al.org.br/imprensa/noticias/obesidade_e_tres_vezes_mais_mortal_entre_os_homens_diz_estudo,301
www.crf-al.org.br/obesidade_e_tres_vezes_mais_mortal_entre_os_homens_diz_estudo,https://institucional.crf-al.org.br/imprensa/noticias/obesidade_e_tres_vezes_mais_mortal_entre_os_homens_diz_estudo,301
www.crf-al.org.br/deputado-usa-tribuna-da-camara-federal-pra-defender-piso-nacional-do-farmaceutico/,https://institucional.crf-al.org.br/imprensa/noticias/deputado-usa-tribuna-da-camara-federal-pra-defender-piso-nacional-do-farmaceutico,301
www.crf-al.org.br/deputado-usa-tribuna-da-camara-federal-pra-defender-piso-nacional-do-farmaceutico,https://institucional.crf-al.org.br/imprensa/noticias/deputado-usa-tribuna-da-camara-federal-pra-defender-piso-nacional-do-farmaceutico,301
www.crf-al.org.br/farmaceuticos-elegem-novos-diretores-e-conselheiros/,https://institucional.crf-al.org.br/imprensa/noticias/farmaceuticos-elegem-novos-diretores-e-conselheiros,301
www.crf-al.org.br/farmaceuticos-elegem-novos-diretores-e-conselheiros,https://institucional.crf-al.org.br/imprensa/noticias/farmaceuticos-elegem-novos-diretores-e-conselheiros,301
www.crf-al.org.br/estudo_aponta_que_imunoterapia_cura_leucemia_em_88_dos_casos/,https://institucional.crf-al.org.br/imprensa/noticias/estudo_aponta_que_imunoterapia_cura_leucemia_em_88_dos_casos,301
www.crf-al.org.br/estudo_aponta_que_imunoterapia_cura_leucemia_em_88_dos_casos,https://institucional.crf-al.org.br/imprensa/noticias/estudo_aponta_que_imunoterapia_cura_leucemia_em_88_dos_casos,301
www.crf-al.org.br/hospital_de_sp_testa_implante_de_eletrodo_contra_depressao/,https://institucional.crf-al.org.br/imprensa/noticias/hospital_de_sp_testa_implante_de_eletrodo_contra_depressao,301
www.crf-al.org.br/hospital_de_sp_testa_implante_de_eletrodo_contra_depressao,https://institucional.crf-al.org.br/imprensa/noticias/hospital_de_sp_testa_implante_de_eletrodo_contra_depressao,301
www.crf-al.org.br/governo-federal-libera-r-268-milhoes-para-saude-em-alagoas/,https://institucional.crf-al.org.br/imprensa/noticias/governo-federal-libera-r-268-milhoes-para-saude-em-alagoas,301
www.crf-al.org.br/governo-federal-libera-r-268-milhoes-para-saude-em-alagoas,https://institucional.crf-al.org.br/imprensa/noticias/governo-federal-libera-r-268-milhoes-para-saude-em-alagoas,301
www.crf-al.org.br/descoberta_tornara_possivel_estudo_de_virus_que_protege_contra_aids/,https://institucional.crf-al.org.br/imprensa/noticias/descoberta_tornara_possivel_estudo_de_virus_que_protege_contra_aids,301
www.crf-al.org.br/descoberta_tornara_possivel_estudo_de_virus_que_protege_contra_aids,https://institucional.crf-al.org.br/imprensa/noticias/descoberta_tornara_possivel_estudo_de_virus_que_protege_contra_aids,301
www.crf-al.org.br/lei-indeniza-farmaceuticos-incapacitados-pela-covid-19/,https://institucional.crf-al.org.br/imprensa/noticias/lei-indeniza-farmaceuticos-incapacitados-pela-covid-19,301
www.crf-al.org.br/lei-indeniza-farmaceuticos-incapacitados-pela-covid-19,https://institucional.crf-al.org.br/imprensa/noticias/lei-indeniza-farmaceuticos-incapacitados-pela-covid-19,301
www.crf-al.org.br/crf-al-reune-estudantes-e-profissionais-em-simposio-realizado-em-arapiraca/,https://institucional.crf-al.org.br/imprensa/noticias/crf-al-reune-estudantes-e-profissionais-em-simposio-realizado-em-arapiraca,301
www.crf-al.org.br/crf-al-reune-estudantes-e-profissionais-em-simposio-realizado-em-arapiraca,https://institucional.crf-al.org.br/imprensa/noticias/crf-al-reune-estudantes-e-profissionais-em-simposio-realizado-em-arapiraca,301
www.crf-al.org.br/imip-abre-processo-seletivo-para-contratacao-de-farmaceutico/,https://institucional.crf-al.org.br/imprensa/noticias/imip-abre-processo-seletivo-para-contratacao-de-farmaceutico,301
www.crf-al.org.br/imip-abre-processo-seletivo-para-contratacao-de-farmaceutico,https://institucional.crf-al.org.br/imprensa/noticias/imip-abre-processo-seletivo-para-contratacao-de-farmaceutico,301
www.crf-al.org.br/uma_morte_sob_investigacao/,https://institucional.crf-al.org.br/imprensa/noticias/uma_morte_sob_investigacao,301
www.crf-al.org.br/uma_morte_sob_investigacao,https://institucional.crf-al.org.br/imprensa/noticias/uma_morte_sob_investigacao,301
www.crf-al.org.br/editalcercrfal-no-0022017-candidatura-apresentadas/,https://institucional.crf-al.org.br/imprensa/noticias/editalcercrfal-no-0022017-candidatura-apresentadas,301
www.crf-al.org.br/editalcercrfal-no-0022017-candidatura-apresentadas,https://institucional.crf-al.org.br/imprensa/noticias/editalcercrfal-no-0022017-candidatura-apresentadas,301
www.crf-al.org.br/farmaceutico-conversa-com-medicos-sobre-uso-racional-de-medicamentos/,https://institucional.crf-al.org.br/imprensa/noticias/farmaceutico-conversa-com-medicos-sobre-uso-racional-de-medicamentos,301
www.crf-al.org.br/farmaceutico-conversa-com-medicos-sobre-uso-racional-de-medicamentos,https://institucional.crf-al.org.br/imprensa/noticias/farmaceutico-conversa-com-medicos-sobre-uso-racional-de-medicamentos,301
www.crf-al.org.br/botox_pode_ser_usado_para_tratar_cancer_de_estomago_sugere_estudo/,https://institucional.crf-al.org.br/imprensa/noticias/botox_pode_ser_usado_para_tratar_cancer_de_estomago_sugere_estudo,301
www.crf-al.org.br/botox_pode_ser_usado_para_tratar_cancer_de_estomago_sugere_estudo,https://institucional.crf-al.org.br/imprensa/noticias/botox_pode_ser_usado_para_tratar_cancer_de_estomago_sugere_estudo,301
www.crf-al.org.br/deficientes_encaram_estigma_do_sexo/,https://institucional.crf-al.org.br/imprensa/noticias/deficientes_encaram_estigma_do_sexo,301
www.crf-al.org.br/deficientes_encaram_estigma_do_sexo,https://institucional.crf-al.org.br/imprensa/noticias/deficientes_encaram_estigma_do_sexo,301
www.crf-al.org.br/cartilha-pode-ajudar-na-reducao-de-processos-para-aquisicao-de-medicamentos/,https://institucional.crf-al.org.br/imprensa/noticias/cartilha-pode-ajudar-na-reducao-de-processos-para-aquisicao-de-medicamentos,301
www.crf-al.org.br/cartilha-pode-ajudar-na-reducao-de-processos-para-aquisicao-de-medicamentos,https://institucional.crf-al.org.br/imprensa/noticias/cartilha-pode-ajudar-na-reducao-de-processos-para-aquisicao-de-medicamentos,301
www.crf-al.org.br/4666-2/,https://institucional.crf-al.org.br/imprensa/noticias/4666-2,301
www.crf-al.org.br/4666-2,https://institucional.crf-al.org.br/imprensa/noticias/4666-2,301
www.crf-al.org.br/dia-nacional-da-imunizacao-farmaceutica-emanuelle-fala-da-importancia-da-vacinacao/,https://institucional.crf-al.org.br/imprensa/noticias/dia-nacional-da-imunizacao-farmaceutica-emanuelle-fala-da-importancia-da-vacinacao,301
www.crf-al.org.br/dia-nacional-da-imunizacao-farmaceutica-emanuelle-fala-da-importancia-da-vacinacao,https://institucional.crf-al.org.br/imprensa/noticias/dia-nacional-da-imunizacao-farmaceutica-emanuelle-fala-da-importancia-da-vacinacao,301
www.crf-al.org.br/congresso-alagoano-reune-mais-de-300-participantes-em-maceio/,https://institucional.crf-al.org.br/imprensa/noticias/congresso-alagoano-reune-mais-de-300-participantes-em-maceio,301
www.crf-al.org.br/congresso-alagoano-reune-mais-de-300-participantes-em-maceio,https://institucional.crf-al.org.br/imprensa/noticias/congresso-alagoano-reune-mais-de-300-participantes-em-maceio,301
www.crf-al.org.br/diretores-do-crf-al-tomam-posse-no-conselho-estadual-de-politicas-sobre-drogas/,https://institucional.crf-al.org.br/imprensa/noticias/diretores-do-crf-al-tomam-posse-no-conselho-estadual-de-politicas-sobre-drogas,301
www.crf-al.org.br/diretores-do-crf-al-tomam-posse-no-conselho-estadual-de-politicas-sobre-drogas,https://institucional.crf-al.org.br/imprensa/noticias/diretores-do-crf-al-tomam-posse-no-conselho-estadual-de-politicas-sobre-drogas,301
www.crf-al.org.br/no-servico-publico-o-farmaceutico-atua-desde-a-logistica-ate-a-atencao-basica/,https://institucional.crf-al.org.br/imprensa/noticias/no-servico-publico-o-farmaceutico-atua-desde-a-logistica-ate-a-atencao-basica,301
www.crf-al.org.br/no-servico-publico-o-farmaceutico-atua-desde-a-logistica-ate-a-atencao-basica,https://institucional.crf-al.org.br/imprensa/noticias/no-servico-publico-o-farmaceutico-atua-desde-a-logistica-ate-a-atencao-basica,301
www.crf-al.org.br/plano_de_trabalho_relata_caos_existente_na_saude_publica_de_maceio/,https://institucional.crf-al.org.br/imprensa/noticias/plano_de_trabalho_relata_caos_existente_na_saude_publica_de_maceio,301
www.crf-al.org.br/plano_de_trabalho_relata_caos_existente_na_saude_publica_de_maceio,https://institucional.crf-al.org.br/imprensa/noticias/plano_de_trabalho_relata_caos_existente_na_saude_publica_de_maceio,301
www.crf-al.org.br/6999-2/,https://institucional.crf-al.org.br/imprensa/noticias/6999-2,301
www.crf-al.org.br/6999-2,https://institucional.crf-al.org.br/imprensa/noticias/6999-2,301
www.crf-al.org.br/descoberta_nova_especie_de_bacteria_da_doenca_de_lyme/,https://institucional.crf-al.org.br/imprensa/noticias/descoberta_nova_especie_de_bacteria_da_doenca_de_lyme,301
www.crf-al.org.br/descoberta_nova_especie_de_bacteria_da_doenca_de_lyme,https://institucional.crf-al.org.br/imprensa/noticias/descoberta_nova_especie_de_bacteria_da_doenca_de_lyme,301
www.crf-al.org.br/inatividade_mata_mais_do_que_obesidade_indica_pesquisa/,https://institucional.crf-al.org.br/imprensa/noticias/inatividade_mata_mais_do_que_obesidade_indica_pesquisa,301
www.crf-al.org.br/inatividade_mata_mais_do_que_obesidade_indica_pesquisa,https://institucional.crf-al.org.br/imprensa/noticias/inatividade_mata_mais_do_que_obesidade_indica_pesquisa,301
www.crf-al.org.br/novo_anel_intravaginal_pretende_prevenir_hiv_e_gravidez_indesejada/,https://institucional.crf-al.org.br/imprensa/noticias/novo_anel_intravaginal_pretende_prevenir_hiv_e_gravidez_indesejada,301
www.crf-al.org.br/novo_anel_intravaginal_pretende_prevenir_hiv_e_gravidez_indesejada,https://institucional.crf-al.org.br/imprensa/noticias/novo_anel_intravaginal_pretende_prevenir_hiv_e_gravidez_indesejada,301
www.crf-al.org.br/agenda_de_eventos_/crf-al-promove-curso-intensivo-de-cuidado-clinico-e-educacao-em-diabetes/,https://institucional.crf-al.org.br/eventos,301
www.crf-al.org.br/agenda_de_eventos_/crf-al-promove-curso-intensivo-de-cuidado-clinico-e-educacao-em-diabetes,https://institucional.crf-al.org.br/eventos,301
www.crf-al.org.br/pesquisador_testa_hormonio_para_substituir_cirurgia_de_reducao_do_estomago/,https://institucional.crf-al.org.br/imprensa/noticias/pesquisador_testa_hormonio_para_substituir_cirurgia_de_reducao_do_estomago,301
www.crf-al.org.br/pesquisador_testa_hormonio_para_substituir_cirurgia_de_reducao_do_estomago,https://institucional.crf-al.org.br/imprensa/noticias/pesquisador_testa_hormonio_para_substituir_cirurgia_de_reducao_do_estomago,301
www.crf-al.org.br/estudo_demonstra_que_dano_cerebral_e_comum_apos_cuidados_intensivos/,https://institucional.crf-al.org.br/imprensa/noticias/estudo_demonstra_que_dano_cerebral_e_comum_apos_cuidados_intensivos,301
www.crf-al.org.br/estudo_demonstra_que_dano_cerebral_e_comum_apos_cuidados_intensivos,https://institucional.crf-al.org.br/imprensa/noticias/estudo_demonstra_que_dano_cerebral_e_comum_apos_cuidados_intensivos,301
www.crf-al.org.br/seccional_arapiraca_realiza_curso_de_fitoterapicos_para_tratamento_de_diabetes_e_hipertensao/,https://institucional.crf-al.org.br/imprensa/noticias/seccional_arapiraca_realiza_curso_de_fitoterapicos_para_tratamento_de_diabetes_e_hipertensao,301
www.crf-al.org.br/seccional_arapiraca_realiza_curso_de_fitoterapicos_para_tratamento_de_diabetes_e_hipertensao,https://institucional.crf-al.org.br/imprensa/noticias/seccional_arapiraca_realiza_curso_de_fitoterapicos_para_tratamento_de_diabetes_e_hipertensao,301
www.crf-al.org.br/tipos_de_documentos/publicacoes/,https://institucional.crf-al.org.br/,301
www.crf-al.org.br/tipos_de_documentos/publicacoes,https://institucional.crf-al.org.br/,301
www.crf-al.org.br/nota-oficial/,https://institucional.crf-al.org.br/imprensa/noticias/nota-oficial,301
www.crf-al.org.br/nota-oficial,https://institucional.crf-al.org.br/imprensa/noticias/nota-oficial,301
www.crf-al.org.br/crfal-entrega-cerca-de-50-carteiras-profissionais-no-mes-de-marco/,https://institucional.crf-al.org.br/imprensa/noticias/crfal-entrega-cerca-de-50-carteiras-profissionais-no-mes-de-marco,301
www.crf-al.org.br/crfal-entrega-cerca-de-50-carteiras-profissionais-no-mes-de-marco,https://institucional.crf-al.org.br/imprensa/noticias/crfal-entrega-cerca-de-50-carteiras-profissionais-no-mes-de-marco,301
www.crf-al.org.br/estudo_revela_dano_hepatico_em_roedor_exposto_a_radiacao_de_celular/,https://institucional.crf-al.org.br/imprensa/noticias/estudo_revela_dano_hepatico_em_roedor_exposto_a_radiacao_de_celular,301
www.crf-al.org.br/estudo_revela_dano_hepatico_em_roedor_exposto_a_radiacao_de_celular,https://institucional.crf-al.org.br/imprensa/noticias/estudo_revela_dano_hepatico_em_roedor_exposto_a_radiacao_de_celular,301
www.crf-al.org.br/assistencia-plena-promove-regularizacao-em-orgao-publicos-de-alagoas/,https://institucional.crf-al.org.br/imprensa/noticias/assistencia-plena-promove-regularizacao-em-orgao-publicos-de-alagoas,301
www.crf-al.org.br/assistencia-plena-promove-regularizacao-em-orgao-publicos-de-alagoas,https://institucional.crf-al.org.br/imprensa/noticias/assistencia-plena-promove-regularizacao-em-orgao-publicos-de-alagoas,301
www.crf-al.org.br/medicos_vao_contestar_na_justica_prescricao_de_remedios_por_farmaceuticos/,https://institucional.crf-al.org.br/imprensa/noticias/medicos_vao_contestar_na_justica_prescricao_de_remedios_por_farmaceuticos,301
www.crf-al.org.br/medicos_vao_contestar_na_justica_prescricao_de_remedios_por_farmaceuticos,https://institucional.crf-al.org.br/imprensa/noticias/medicos_vao_contestar_na_justica_prescricao_de_remedios_por_farmaceuticos,301
www.crf-al.org.br/risco_de_morrer_dobra_em_usuarios_de_ansioliticos_e_soniferos_diz_estudo/,https://institucional.crf-al.org.br/imprensa/noticias/risco_de_morrer_dobra_em_usuarios_de_ansioliticos_e_soniferos_diz_estudo,301
www.crf-al.org.br/risco_de_morrer_dobra_em_usuarios_de_ansioliticos_e_soniferos_diz_estudo,https://institucional.crf-al.org.br/imprensa/noticias/risco_de_morrer_dobra_em_usuarios_de_ansioliticos_e_soniferos_diz_estudo,301
www.crf-al.org.br/saude-mental-e-tema-de-simposio-para-farmaceuticos-e-estudantes/,https://institucional.crf-al.org.br/imprensa/noticias/saude-mental-e-tema-de-simposio-para-farmaceuticos-e-estudantes,301
www.crf-al.org.br/saude-mental-e-tema-de-simposio-para-farmaceuticos-e-estudantes,https://institucional.crf-al.org.br/imprensa/noticias/saude-mental-e-tema-de-simposio-para-farmaceuticos-e-estudantes,301
www.crf-al.org.br/crfal-divulga-horario-de-funcionamento-nos-dias-dos-jogos-do-brasil/,https://institucional.crf-al.org.br/imprensa/noticias/crfal-divulga-horario-de-funcionamento-nos-dias-dos-jogos-do-brasil,301
www.crf-al.org.br/crfal-divulga-horario-de-funcionamento-nos-dias-dos-jogos-do-brasil,https://institucional.crf-al.org.br/imprensa/noticias/crfal-divulga-horario-de-funcionamento-nos-dias-dos-jogos-do-brasil,301
www.crf-al.org.br/bioquimico-crf-orienta-que-farmaceuticos-facam-inscricao-no-concurso-da-sesau/,https://institucional.crf-al.org.br/imprensa/noticias/bioquimico-crf-orienta-que-farmaceuticos-facam-inscricao-no-concurso-da-sesau,301
www.crf-al.org.br/bioquimico-crf-orienta-que-farmaceuticos-facam-inscricao-no-concurso-da-sesau,https://institucional.crf-al.org.br/imprensa/noticias/bioquimico-crf-orienta-que-farmaceuticos-facam-inscricao-no-concurso-da-sesau,301
www.crf-al.org.br/segunda_etapa_da_vacinacao_contra_o_hpv_comeca_na_segunda_diz_saude/,https://institucional.crf-al.org.br/imprensa/noticias/segunda_etapa_da_vacinacao_contra_o_hpv_comeca_na_segunda_diz_saude,301
www.crf-al.org.br/segunda_etapa_da_vacinacao_contra_o_hpv_comeca_na_segunda_diz_saude,https://institucional.crf-al.org.br/imprensa/noticias/segunda_etapa_da_vacinacao_contra_o_hpv_comeca_na_segunda_diz_saude,301
www.crf-al.org.br/congresso_norte_nordeste_de_ciencias_farmaceuticas_esta_com_inscricoes_abertas/,https://institucional.crf-al.org.br/imprensa/noticias/congresso_norte_nordeste_de_ciencias_farmaceuticas_esta_com_inscricoes_abertas,301
www.crf-al.org.br/congresso_norte_nordeste_de_ciencias_farmaceuticas_esta_com_inscricoes_abertas,https://institucional.crf-al.org.br/imprensa/noticias/congresso_norte_nordeste_de_ciencias_farmaceuticas_esta_com_inscricoes_abertas,301
www.crf-al.org.br/fernanda-fala-sobre-os-beneficios-da-yoga-no-tratamento-da-ansiedade-depressao-osteoporose/,https://institucional.crf-al.org.br/imprensa/noticias/fernanda-fala-sobre-os-beneficios-da-yoga-no-tratamento-da-ansiedade-depressao-osteoporose,301
www.crf-al.org.br/fernanda-fala-sobre-os-beneficios-da-yoga-no-tratamento-da-ansiedade-depressao-osteoporose,https://institucional.crf-al.org.br/imprensa/noticias/fernanda-fala-sobre-os-beneficios-da-yoga-no-tratamento-da-ansiedade-depressao-osteoporose,301
www.crf-al.org.br/anais/,https://institucional.crf-al.org.br/,301
www.crf-al.org.br/anais,https://institucional.crf-al.org.br/,301
www.crf-al.org.br/farmaceutico-tem-60-dias-para-justificar-voto/,https://institucional.crf-al.org.br/imprensa/noticias/farmaceutico-tem-60-dias-para-justificar-voto,301
www.crf-al.org.br/farmaceutico-tem-60-dias-para-justificar-voto,https://institucional.crf-al.org.br/imprensa/noticias/farmaceutico-tem-60-dias-para-justificar-voto,301
www.crf-al.org.br/estudo_nega_que_cigarros_eletronicos_ajudem_a_deixar_de_fumar/,https://institucional.crf-al.org.br/imprensa/noticias/estudo_nega_que_cigarros_eletronicos_ajudem_a_deixar_de_fumar,301
www.crf-al.org.br/estudo_nega_que_cigarros_eletronicos_ajudem_a_deixar_de_fumar,https://institucional.crf-al.org.br/imprensa/noticias/estudo_nega_que_cigarros_eletronicos_ajudem_a_deixar_de_fumar,301
www.crf-al.org.br/apos_cancer_homem_recebe_primeiro_transplante_de_penis_dos_eua/,https://institucional.crf-al.org.br/imprensa/noticias/apos_cancer_homem_recebe_primeiro_transplante_de_penis_dos_eua,301
www.crf-al.org.br/apos_cancer_homem_recebe_primeiro_transplante_de_penis_dos_eua,https://institucional.crf-al.org.br/imprensa/noticias/apos_cancer_homem_recebe_primeiro_transplante_de_penis_dos_eua,301
www.crf-al.org.br/dia-do-farmaceutico-crfal-promove-webnario-de-inovacoes-da-profissao-farmaceutica/,https://institucional.crf-al.org.br/imprensa/noticias/dia-do-farmaceutico-crfal-promove-webnario-de-inovacoes-da-profissao-farmaceutica,301
www.crf-al.org.br/dia-do-farmaceutico-crfal-promove-webnario-de-inovacoes-da-profissao-farmaceutica,https://institucional.crf-al.org.br/imprensa/noticias/dia-do-farmaceutico-crfal-promove-webnario-de-inovacoes-da-profissao-farmaceutica,301
www.crf-al.org.br/i_conferencia_estadual_de_saude_da_mulher_conta_com_a_participacao_de_farmaceuticos/,https://institucional.crf-al.org.br/imprensa/noticias/i_conferencia_estadual_de_saude_da_mulher_conta_com_a_participacao_de_farmaceuticos,301
www.crf-al.org.br/i_conferencia_estadual_de_saude_da_mulher_conta_com_a_participacao_de_farmaceuticos,https://institucional.crf-al.org.br/imprensa/noticias/i_conferencia_estadual_de_saude_da_mulher_conta_com_a_participacao_de_farmaceuticos,301
www.crf-al.org.br/revisao_de_farmacologia_para_o_concurso_do_ebserh_hupaa_ufal/,https://institucional.crf-al.org.br/imprensa/noticias/revisao_de_farmacologia_para_o_concurso_do_ebserh_hupaa_ufal,301
www.crf-al.org.br/revisao_de_farmacologia_para_o_concurso_do_ebserh_hupaa_ufal,https://institucional.crf-al.org.br/imprensa/noticias/revisao_de_farmacologia_para_o_concurso_do_ebserh_hupaa_ufal,301
www.crf-al.org.br/medicos_estrangeiros_chegam_ao_brasil_nesta_sexta_feira_24/,https://institucional.crf-al.org.br/imprensa/noticias/medicos_estrangeiros_chegam_ao_brasil_nesta_sexta_feira_24,301
www.crf-al.org.br/medicos_estrangeiros_chegam_ao_brasil_nesta_sexta_feira_24,https://institucional.crf-al.org.br/imprensa/noticias/medicos_estrangeiros_chegam_ao_brasil_nesta_sexta_feira_24,301
www.crf-al.org.br/comunicado-2/,https://institucional.crf-al.org.br/imprensa/noticias/comunicado-2,301
www.crf-al.org.br/comunicado-2,https://institucional.crf-al.org.br/imprensa/noticias/comunicado-2,301
www.crf-al.org.br/turbinagem_celular_cura_doenca_autoimune/,https://institucional.crf-al.org.br/imprensa/noticias/turbinagem_celular_cura_doenca_autoimune,301
www.crf-al.org.br/turbinagem_celular_cura_doenca_autoimune,https://institucional.crf-al.org.br/imprensa/noticias/turbinagem_celular_cura_doenca_autoimune,301
www.crf-al.org.br/agenda_de_eventos_/xi-jornada-regional-de-ciencias-farmaceuticas/,https://institucional.crf-al.org.br/eventos,301
www.crf-al.org.br/agenda_de_eventos_/xi-jornada-regional-de-ciencias-farmaceuticas,https://institucional.crf-al.org.br/eventos,301
www.crf-al.org.br/inscricoes-abertas-sindfal-e-crfal-promovem-ii-congresso-alagoano-de-farmacia/,https://institucional.crf-al.org.br/imprensa/noticias/inscricoes-abertas-sindfal-e-crfal-promovem-ii-congresso-alagoano-de-farmacia,301
www.crf-al.org.br/inscricoes-abertas-sindfal-e-crfal-promovem-ii-congresso-alagoano-de-farmacia,https://institucional.crf-al.org.br/imprensa/noticias/inscricoes-abertas-sindfal-e-crfal-promovem-ii-congresso-alagoano-de-farmacia,301
www.crf-al.org.br/pesquisadores_alertam_para_hepatite_b_resistente_a_tratamento/,https://institucional.crf-al.org.br/imprensa/noticias/pesquisadores_alertam_para_hepatite_b_resistente_a_tratamento,301
www.crf-al.org.br/pesquisadores_alertam_para_hepatite_b_resistente_a_tratamento,https://institucional.crf-al.org.br/imprensa/noticias/pesquisadores_alertam_para_hepatite_b_resistente_a_tratamento,301
www.crf-al.org.br/eventos_home/evento-doity/,https://institucional.crf-al.org.br/eventos,301
www.crf-al.org.br/eventos_home/evento-doity,https://institucional.crf-al.org.br/eventos,301
www.crf-al.org.br/nota-de-pesar-10/,https://institucional.crf-al.org.br/imprensa/noticias/nota-de-pesar-10,301
www.crf-al.org.br/nota-de-pesar-10,https://institucional.crf-al.org.br/imprensa/noticias/nota-de-pesar-10,301
www.crf-al.org.br/farmaceutico-esta-entre-os-15-profissionais-no-topo-do-ranking-de-empregos-formais/,https://institucional.crf-al.org.br/imprensa/noticias/farmaceutico-esta-entre-os-15-profissionais-no-topo-do-ranking-de-empregos-formais,301
www.crf-al.org.br/farmaceutico-esta-entre-os-15-profissionais-no-topo-do-ranking-de-empregos-formais,https://institucional.crf-al.org.br/imprensa/noticias/farmaceutico-esta-entre-os-15-profissionais-no-topo-do-ranking-de-empregos-formais,301
www.crf-al.org.br/crf_al_e_parceiro_no_1o_seminario_em_analise_clinica_da_faculdade_mauricio_de_nassau/,https://institucional.crf-al.org.br/imprensa/noticias/crf_al_e_parceiro_no_1o_seminario_em_analise_clinica_da_faculdade_mauricio_de_nassau,301
www.crf-al.org.br/crf_al_e_parceiro_no_1o_seminario_em_analise_clinica_da_faculdade_mauricio_de_nassau,https://institucional.crf-al.org.br/imprensa/noticias/crf_al_e_parceiro_no_1o_seminario_em_analise_clinica_da_faculdade_mauricio_de_nassau,301
www.crf-al.org.br/vice-presidente/,https://institucional.crf-al.org.br/instituicao/diretoria,301
www.crf-al.org.br/vice-presidente,https://institucional.crf-al.org.br/instituicao/diretoria,301
www.crf-al.org.br/farmaceuticos-recebem-carteiras-profissionais/,https://institucional.crf-al.org.br/imprensa/noticias/farmaceuticos-recebem-carteiras-profissionais,301
www.crf-al.org.br/farmaceuticos-recebem-carteiras-profissionais,https://institucional.crf-al.org.br/imprensa/noticias/farmaceuticos-recebem-carteiras-profissionais,301
www.crf-al.org.br/gordura_no_figado/,https://institucional.crf-al.org.br/imprensa/noticias/gordura_no_figado,301
www.crf-al.org.br/gordura_no_figado,https://institucional.crf-al.org.br/imprensa/noticias/gordura_no_figado,301
www.crf-al.org.br/prazo-para-averbacao-em-oncologia-e-ampliado-ate-31-de-dezembro/,https://institucional.crf-al.org.br/imprensa/noticias/prazo-para-averbacao-em-oncologia-e-ampliado-ate-31-de-dezembro,301
www.crf-al.org.br/prazo-para-averbacao-em-oncologia-e-ampliado-ate-31-de-dezembro,https://institucional.crf-al.org.br/imprensa/noticias/prazo-para-averbacao-em-oncologia-e-ampliado-ate-31-de-dezembro,301
www.crf-al.org.br/oncologia-e-uma-area-em-expansao-no-mercado-farmaceutico/,https://institucional.crf-al.org.br/imprensa/noticias/oncologia-e-uma-area-em-expansao-no-mercado-farmaceutico,301
www.crf-al.org.br/oncologia-e-uma-area-em-expansao-no-mercado-farmaceutico,https://institucional.crf-al.org.br/imprensa/noticias/oncologia-e-uma-area-em-expansao-no-mercado-farmaceutico,301
www.crf-al.org.br/aviso/,https://institucional.crf-al.org.br/imprensa/noticias/aviso,301
www.crf-al.org.br/aviso,https://institucional.crf-al.org.br/imprensa/noticias/aviso,301
www.crf-al.org.br/dia-nacional-do-farmaceutico-crf-al-promove-cursos-de-capacitacao-para-profissionais-e-estudantes/,https://institucional.crf-al.org.br/imprensa/noticias/dia-nacional-do-farmaceutico-crf-al-promove-cursos-de-capacitacao-para-profissionais-e-estudantes,301
www.crf-al.org.br/dia-nacional-do-farmaceutico-crf-al-promove-cursos-de-capacitacao-para-profissionais-e-estudantes,https://institucional.crf-al.org.br/imprensa/noticias/dia-nacional-do-farmaceutico-crf-al-promove-cursos-de-capacitacao-para-profissionais-e-estudantes,301
www.crf-al.org.br/premio-jayme-torres-2019-inscricoes-vao-de-1o-de-setembro-25-de-outubro/,https://institucional.crf-al.org.br/imprensa/noticias/premio-jayme-torres-2019-inscricoes-vao-de-1o-de-setembro-25-de-outubro,301
www.crf-al.org.br/premio-jayme-torres-2019-inscricoes-vao-de-1o-de-setembro-25-de-outubro,https://institucional.crf-al.org.br/imprensa/noticias/premio-jayme-torres-2019-inscricoes-vao-de-1o-de-setembro-25-de-outubro,301
www.crf-al.org.br/nota-de-pesar-5/,https://institucional.crf-al.org.br/imprensa/noticias/nota-de-pesar-5,301
www.crf-al.org.br/nota-de-pesar-5,https://institucional.crf-al.org.br/imprensa/noticias/nota-de-pesar-5,301
www.crf-al.org.br/em_estudo_videogame_aprimora_funcoes_mentais_de_idosos/,https://institucional.crf-al.org.br/imprensa/noticias/em_estudo_videogame_aprimora_funcoes_mentais_de_idosos,301
www.crf-al.org.br/em_estudo_videogame_aprimora_funcoes_mentais_de_idosos,https://institucional.crf-al.org.br/imprensa/noticias/em_estudo_videogame_aprimora_funcoes_mentais_de_idosos,301
www.crf-al.org.br/crfal-promove-ii-congresso-alagoano-de-ciencias-farmaceuticas/,https://institucional.crf-al.org.br/imprensa/noticias/crfal-promove-ii-congresso-alagoano-de-ciencias-farmaceuticas,301
www.crf-al.org.br/crfal-promove-ii-congresso-alagoano-de-ciencias-farmaceuticas,https://institucional.crf-al.org.br/imprensa/noticias/crfal-promove-ii-congresso-alagoano-de-ciencias-farmaceuticas,301
www.crf-al.org.br/covid-19-pode-afetar-disponibilidade-e-custo-de-antirretrovirais-no-mundo/,https://institucional.crf-al.org.br/imprensa/noticias/covid-19-pode-afetar-disponibilidade-e-custo-de-antirretrovirais-no-mundo,301
www.crf-al.org.br/covid-19-pode-afetar-disponibilidade-e-custo-de-antirretrovirais-no-mundo,https://institucional.crf-al.org.br/imprensa/noticias/covid-19-pode-afetar-disponibilidade-e-custo-de-antirretrovirais-no-mundo,301
www.crf-al.org.br/anvisa-lanca-seu-novo-portal-de-legislacao-o-anvisalegis/,https://institucional.crf-al.org.br/imprensa/noticias/anvisa-lanca-seu-novo-portal-de-legislacao-o-anvisalegis,301
www.crf-al.org.br/anvisa-lanca-seu-novo-portal-de-legislacao-o-anvisalegis,https://institucional.crf-al.org.br/imprensa/noticias/anvisa-lanca-seu-novo-portal-de-legislacao-o-anvisalegis,301
www.crf-al.org.br/cancer_mata_ao_menos_8_milhoes_de_pessoas_no_mundo_todos_os_anos/,https://institucional.crf-al.org.br/imprensa/noticias/cancer_mata_ao_menos_8_milhoes_de_pessoas_no_mundo_todos_os_anos,301
www.crf-al.org.br/cancer_mata_ao_menos_8_milhoes_de_pessoas_no_mundo_todos_os_anos,https://institucional.crf-al.org.br/imprensa/noticias/cancer_mata_ao_menos_8_milhoes_de_pessoas_no_mundo_todos_os_anos,301
www.crf-al.org.br/dispensa-de-antibioticos-somente-com-receita-e-com-orientacao-do-farmaceutico/,https://institucional.crf-al.org.br/imprensa/noticias/dispensa-de-antibioticos-somente-com-receita-e-com-orientacao-do-farmaceutico,301
www.crf-al.org.br/dispensa-de-antibioticos-somente-com-receita-e-com-orientacao-do-farmaceutico,https://institucional.crf-al.org.br/imprensa/noticias/dispensa-de-antibioticos-somente-com-receita-e-com-orientacao-do-farmaceutico,301
www.crf-al.org.br/dia-internacional-do-farmaceutico-25-de-setembro/,https://institucional.crf-al.org.br/imprensa/noticias/dia-internacional-do-farmaceutico-25-de-setembro,301
www.crf-al.org.br/dia-internacional-do-farmaceutico-25-de-setembro,https://institucional.crf-al.org.br/imprensa/noticias/dia-internacional-do-farmaceutico-25-de-setembro,301
www.crf-al.org.br/semana-alerta-para-cuidados-necessarios-com-tireoide/,https://institucional.crf-al.org.br/imprensa/noticias/semana-alerta-para-cuidados-necessarios-com-tireoide,301
www.crf-al.org.br/semana-alerta-para-cuidados-necessarios-com-tireoide,https://institucional.crf-al.org.br/imprensa/noticias/semana-alerta-para-cuidados-necessarios-com-tireoide,301
www.crf-al.org.br/pacientes_com_ebola_sem_forca_para_ficar_de_pe_sao_barrados_em_hospital/,https://institucional.crf-al.org.br/imprensa/noticias/pacientes_com_ebola_sem_forca_para_ficar_de_pe_sao_barrados_em_hospital,301
www.crf-al.org.br/pacientes_com_ebola_sem_forca_para_ficar_de_pe_sao_barrados_em_hospital,https://institucional.crf-al.org.br/imprensa/noticias/pacientes_com_ebola_sem_forca_para_ficar_de_pe_sao_barrados_em_hospital,301
www.crf-al.org.br/abusar_do_sal_prejudica_a_visao_alerta_especialista/,https://institucional.crf-al.org.br/imprensa/noticias/abusar_do_sal_prejudica_a_visao_alerta_especialista,301
www.crf-al.org.br/abusar_do_sal_prejudica_a_visao_alerta_especialista,https://institucional.crf-al.org.br/imprensa/noticias/abusar_do_sal_prejudica_a_visao_alerta_especialista,301
www.crf-al.org.br/brasil_sem_antidoping/,https://institucional.crf-al.org.br/imprensa/noticias/brasil_sem_antidoping,301
www.crf-al.org.br/brasil_sem_antidoping,https://institucional.crf-al.org.br/imprensa/noticias/brasil_sem_antidoping,301
www.crf-al.org.br/presidente-do-crf-al-se-reune-com-coordenador-de-farmacia-de-delmiro-gouveia/,https://institucional.crf-al.org.br/imprensa/noticias/presidente-do-crf-al-se-reune-com-coordenador-de-farmacia-de-delmiro-gouveia,301
www.crf-al.org.br/presidente-do-crf-al-se-reune-com-coordenador-de-farmacia-de-delmiro-gouveia,https://institucional.crf-al.org.br/imprensa/noticias/presidente-do-crf-al-se-reune-com-coordenador-de-farmacia-de-delmiro-gouveia,301
www.crf-al.org.br/carnaval-ingestao-de-bebida-alcoolica-deve-ser-evitada-durante-uso-de-medicamentos/,https://institucional.crf-al.org.br/imprensa/noticias/carnaval-ingestao-de-bebida-alcoolica-deve-ser-evitada-durante-uso-de-medicamentos,301
www.crf-al.org.br/carnaval-ingestao-de-bebida-alcoolica-deve-ser-evitada-durante-uso-de-medicamentos,https://institucional.crf-al.org.br/imprensa/noticias/carnaval-ingestao-de-bebida-alcoolica-deve-ser-evitada-durante-uso-de-medicamentos,301
www.crf-al.org.br/baixar_a_pressao_arterial_pode_reduzir_os_riscos_do_diabetes/,https://institucional.crf-al.org.br/imprensa/noticias/baixar_a_pressao_arterial_pode_reduzir_os_riscos_do_diabetes,301
www.crf-al.org.br/baixar_a_pressao_arterial_pode_reduzir_os_riscos_do_diabetes,https://institucional.crf-al.org.br/imprensa/noticias/baixar_a_pressao_arterial_pode_reduzir_os_riscos_do_diabetes,301
www.crf-al.org.br/hipertensao_colesterol_alto_cigarro_e_diabetes_aumentam_risco_cardiaco/,https://institucional.crf-al.org.br/imprensa/noticias/hipertensao_colesterol_alto_cigarro_e_diabetes_aumentam_risco_cardiaco,301
www.crf-al.org.br/hipertensao_colesterol_alto_cigarro_e_diabetes_aumentam_risco_cardiaco,https://institucional.crf-al.org.br/imprensa/noticias/hipertensao_colesterol_alto_cigarro_e_diabetes_aumentam_risco_cardiaco,301
www.crf-al.org.br/tire_suas_duvidas_sobre_a_gripe_h1n1/,https://institucional.crf-al.org.br/imprensa/noticias/tire_suas_duvidas_sobre_a_gripe_h1n1,301
www.crf-al.org.br/tire_suas_duvidas_sobre_a_gripe_h1n1,https://institucional.crf-al.org.br/imprensa/noticias/tire_suas_duvidas_sobre_a_gripe_h1n1,301
www.crf-al.org.br/cuidado-farmaceutico-na-pediatria-farmaceutica-adriana-karla-atua-com-dedicacao-e-cuidado-no-hospital-da-crianca/,https://institucional.crf-al.org.br/imprensa/noticias/cuidado-farmaceutico-na-pediatria-farmaceutica-adriana-karla-atua-com-dedicacao-e-cuidado-no-hospital-da-crianca,301
www.crf-al.org.br/cuidado-farmaceutico-na-pediatria-farmaceutica-adriana-karla-atua-com-dedicacao-e-cuidado-no-hospital-da-crianca,https://institucional.crf-al.org.br/imprensa/noticias/cuidado-farmaceutico-na-pediatria-farmaceutica-adriana-karla-atua-com-dedicacao-e-cuidado-no-hospital-da-crianca,301
www.crf-al.org.br/fabricantes_tentam_seduzir_publico_com_cigarro_eletronico/,https://institucional.crf-al.org.br/imprensa/noticias/fabricantes_tentam_seduzir_publico_com_cigarro_eletronico,301
www.crf-al.org.br/fabricantes_tentam_seduzir_publico_com_cigarro_eletronico,https://institucional.crf-al.org.br/imprensa/noticias/fabricantes_tentam_seduzir_publico_com_cigarro_eletronico,301
www.crf-al.org.br/fda_e_questionada_por_aprovar_analgesico_opioide/,https://institucional.crf-al.org.br/imprensa/noticias/fda_e_questionada_por_aprovar_analgesico_opioide,301
www.crf-al.org.br/fda_e_questionada_por_aprovar_analgesico_opioide,https://institucional.crf-al.org.br/imprensa/noticias/fda_e_questionada_por_aprovar_analgesico_opioide,301
www.crf-al.org.br/crfal-orienta-quanto-mistura-de-medicamentos-e-bebida-alcoolica-no-carnaval/,https://institucional.crf-al.org.br/imprensa/noticias/crfal-orienta-quanto-mistura-de-medicamentos-e-bebida-alcoolica-no-carnaval,301
www.crf-al.org.br/crfal-orienta-quanto-mistura-de-medicamentos-e-bebida-alcoolica-no-carnaval,https://institucional.crf-al.org.br/imprensa/noticias/crfal-orienta-quanto-mistura-de-medicamentos-e-bebida-alcoolica-no-carnaval,301
www.crf-al.org.br/comunicado-horario-de-funcionamento/,https://institucional.crf-al.org.br/imprensa/noticias/comunicado-horario-de-funcionamento,301
www.crf-al.org.br/comunicado-horario-de-funcionamento,https://institucional.crf-al.org.br/imprensa/noticias/comunicado-horario-de-funcionamento,301
www.crf-al.org.br/termometros_com_mercurio_podem_ser_proibidos/,https://institucional.crf-al.org.br/imprensa/noticias/termometros_com_mercurio_podem_ser_proibidos,301
www.crf-al.org.br/termometros_com_mercurio_podem_ser_proibidos,https://institucional.crf-al.org.br/imprensa/noticias/termometros_com_mercurio_podem_ser_proibidos,301
www.crf-al.org.br/anvisa-alerta-para-riscos-do-uso-indiscriminado-de-paracetamol/,https://institucional.crf-al.org.br/imprensa/noticias/anvisa-alerta-para-riscos-do-uso-indiscriminado-de-paracetamol,301
www.crf-al.org.br/anvisa-alerta-para-riscos-do-uso-indiscriminado-de-paracetamol,https://institucional.crf-al.org.br/imprensa/noticias/anvisa-alerta-para-riscos-do-uso-indiscriminado-de-paracetamol,301
www.crf-al.org.br/doencas_autoimunes_podem_se_instalar_antes_mesmo_do_nascimento/,https://institucional.crf-al.org.br/imprensa/noticias/doencas_autoimunes_podem_se_instalar_antes_mesmo_do_nascimento,301
www.crf-al.org.br/doencas_autoimunes_podem_se_instalar_antes_mesmo_do_nascimento,https://institucional.crf-al.org.br/imprensa/noticias/doencas_autoimunes_podem_se_instalar_antes_mesmo_do_nascimento,301
www.crf-al.org.br/mosquito_transgenico_aguarda_sinal_verde/,https://institucional.crf-al.org.br/imprensa/noticias/mosquito_transgenico_aguarda_sinal_verde,301
www.crf-al.org.br/mosquito_transgenico_aguarda_sinal_verde,https://institucional.crf-al.org.br/imprensa/noticias/mosquito_transgenico_aguarda_sinal_verde,301
www.crf-al.org.br/fumar_causa_mais_doencas_e_mortes_do_que_se_imaginava_indica_estudo/,https://institucional.crf-al.org.br/imprensa/noticias/fumar_causa_mais_doencas_e_mortes_do_que_se_imaginava_indica_estudo,301
www.crf-al.org.br/fumar_causa_mais_doencas_e_mortes_do_que_se_imaginava_indica_estudo,https://institucional.crf-al.org.br/imprensa/noticias/fumar_causa_mais_doencas_e_mortes_do_que_se_imaginava_indica_estudo,301
www.crf-al.org.br/cientista-brasileiro-correlaciona-epidemia-de-dengue-pandemia-de-covid-19/,https://institucional.crf-al.org.br/imprensa/noticias/cientista-brasileiro-correlaciona-epidemia-de-dengue-pandemia-de-covid-19,301
www.crf-al.org.br/cientista-brasileiro-correlaciona-epidemia-de-dengue-pandemia-de-covid-19,https://institucional.crf-al.org.br/imprensa/noticias/cientista-brasileiro-correlaciona-epidemia-de-dengue-pandemia-de-covid-19,301
www.crf-al.org.br/dor_no_estomago_que_te_faz_acordar_a_noite_deve_ser_avaliada_pelo_medico/,https://institucional.crf-al.org.br/imprensa/noticias/dor_no_estomago_que_te_faz_acordar_a_noite_deve_ser_avaliada_pelo_medico,301
www.crf-al.org.br/dor_no_estomago_que_te_faz_acordar_a_noite_deve_ser_avaliada_pelo_medico,https://institucional.crf-al.org.br/imprensa/noticias/dor_no_estomago_que_te_faz_acordar_a_noite_deve_ser_avaliada_pelo_medico,301
www.crf-al.org.br/imagens_high_tech_do_hiv_revelam_brechas_do_virus_aos_cientistas/,https://institucional.crf-al.org.br/imprensa/noticias/imagens_high_tech_do_hiv_revelam_brechas_do_virus_aos_cientistas,301
www.crf-al.org.br/imagens_high_tech_do_hiv_revelam_brechas_do_virus_aos_cientistas,https://institucional.crf-al.org.br/imprensa/noticias/imagens_high_tech_do_hiv_revelam_brechas_do_virus_aos_cientistas,301
www.crf-al.org.br/crfal-tem-novo-horario-de-funcionamento-partir-de-fevereiro/,https://institucional.crf-al.org.br/imprensa/noticias/crfal-tem-novo-horario-de-funcionamento-partir-de-fevereiro,301
www.crf-al.org.br/crfal-tem-novo-horario-de-funcionamento-partir-de-fevereiro,https://institucional.crf-al.org.br/imprensa/noticias/crfal-tem-novo-horario-de-funcionamento-partir-de-fevereiro,301
www.crf-al.org.br/distrofia_de_duchenne_afeta_celulas_tronco/,https://institucional.crf-al.org.br/imprensa/noticias/distrofia_de_duchenne_afeta_celulas_tronco,301
www.crf-al.org.br/distrofia_de_duchenne_afeta_celulas_tronco,https://institucional.crf-al.org.br/imprensa/noticias/distrofia_de_duchenne_afeta_celulas_tronco,301
www.crf-al.org.br/crfal-faz-doacao-de-fraldas-e-leites-para-fundacao-de-idosos-em-arapiraca/,https://institucional.crf-al.org.br/imprensa/noticias/crfal-faz-doacao-de-fraldas-e-leites-para-fundacao-de-idosos-em-arapiraca,301
www.crf-al.org.br/crfal-faz-doacao-de-fraldas-e-leites-para-fundacao-de-idosos-em-arapiraca,https://institucional.crf-al.org.br/imprensa/noticias/crfal-faz-doacao-de-fraldas-e-leites-para-fundacao-de-idosos-em-arapiraca,301
www.crf-al.org.br/crfal-tem-novo-horario-de-funcionamento/,https://institucional.crf-al.org.br/imprensa/noticias/crfal-tem-novo-horario-de-funcionamento,301
www.crf-al.org.br/crfal-tem-novo-horario-de-funcionamento,https://institucional.crf-al.org.br/imprensa/noticias/crfal-tem-novo-horario-de-funcionamento,301
www.crf-al.org.br/estudo_indica_que_cirurgia_bariatrica_tem_maior_taxa_de_remissao_de_diabetes/,https://institucional.crf-al.org.br/imprensa/noticias/estudo_indica_que_cirurgia_bariatrica_tem_maior_taxa_de_remissao_de_diabetes,301
www.crf-al.org.br/estudo_indica_que_cirurgia_bariatrica_tem_maior_taxa_de_remissao_de_diabetes,https://institucional.crf-al.org.br/imprensa/noticias/estudo_indica_que_cirurgia_bariatrica_tem_maior_taxa_de_remissao_de_diabetes,301
www.crf-al.org.br/transfusao_de_sangue_pode_transmitir_virus_da_dengue_e_da_zika/,https://institucional.crf-al.org.br/imprensa/noticias/transfusao_de_sangue_pode_transmitir_virus_da_dengue_e_da_zika,301
www.crf-al.org.br/transfusao_de_sangue_pode_transmitir_virus_da_dengue_e_da_zika,https://institucional.crf-al.org.br/imprensa/noticias/transfusao_de_sangue_pode_transmitir_virus_da_dengue_e_da_zika,301
www.crf-al.org.br/brasil-institui-o-dia-nacional-do-laboratorio-clinico/,https://institucional.crf-al.org.br/imprensa/noticias/brasil-institui-o-dia-nacional-do-laboratorio-clinico,301
www.crf-al.org.br/brasil-institui-o-dia-nacional-do-laboratorio-clinico,https://institucional.crf-al.org.br/imprensa/noticias/brasil-institui-o-dia-nacional-do-laboratorio-clinico,301
www.crf-al.org.br/agenda_de_eventos_/reuniao-de-informacao-ao-publico-comemorativa-dos-90-anos-de-alcoolicos-anonimos-no-mundo/,https://institucional.crf-al.org.br/eventos,301
www.crf-al.org.br/agenda_de_eventos_/reuniao-de-informacao-ao-publico-comemorativa-dos-90-anos-de-alcoolicos-anonimos-no-mundo,https://institucional.crf-al.org.br/eventos,301
www.crf-al.org.br/em-meio-pandemia-farmaceutico-decide-abrir-sua-primeira-farmacia/,https://institucional.crf-al.org.br/imprensa/noticias/em-meio-pandemia-farmaceutico-decide-abrir-sua-primeira-farmacia,301
www.crf-al.org.br/em-meio-pandemia-farmaceutico-decide-abrir-sua-primeira-farmacia,https://institucional.crf-al.org.br/imprensa/noticias/em-meio-pandemia-farmaceutico-decide-abrir-sua-primeira-farmacia,301
www.crf-al.org.br/para-reduzir-gastos-gestao-temer-quer-rever-distribuicao-de-remedio/,https://institucional.crf-al.org.br/imprensa/noticias/para-reduzir-gastos-gestao-temer-quer-rever-distribuicao-de-remedio,301
www.crf-al.org.br/para-reduzir-gastos-gestao-temer-quer-rever-distribuicao-de-remedio,https://institucional.crf-al.org.br/imprensa/noticias/para-reduzir-gastos-gestao-temer-quer-rever-distribuicao-de-remedio,301
www.crf-al.org.br/crf-al-assina-convenio-com-desconto-em-plano-odontologico-para-maceio/,https://institucional.crf-al.org.br/imprensa/noticias/crf-al-assina-convenio-com-desconto-em-plano-odontologico-para-maceio,301
www.crf-al.org.br/crf-al-assina-convenio-com-desconto-em-plano-odontologico-para-maceio,https://institucional.crf-al.org.br/imprensa/noticias/crf-al-assina-convenio-com-desconto-em-plano-odontologico-para-maceio,301
www.crf-al.org.br/estudo_brasileiro_sugere_manteiga_enriquecida_para_tratar_alzheimer/,https://institucional.crf-al.org.br/imprensa/noticias/estudo_brasileiro_sugere_manteiga_enriquecida_para_tratar_alzheimer,301
www.crf-al.org.br/estudo_brasileiro_sugere_manteiga_enriquecida_para_tratar_alzheimer,https://institucional.crf-al.org.br/imprensa/noticias/estudo_brasileiro_sugere_manteiga_enriquecida_para_tratar_alzheimer,301
www.crf-al.org.br/gripe_h1n1_ja_matou_470_pessoas_no_brasil_em_2016/,https://institucional.crf-al.org.br/imprensa/noticias/gripe_h1n1_ja_matou_470_pessoas_no_brasil_em_2016,301
www.crf-al.org.br/gripe_h1n1_ja_matou_470_pessoas_no_brasil_em_2016,https://institucional.crf-al.org.br/imprensa/noticias/gripe_h1n1_ja_matou_470_pessoas_no_brasil_em_2016,301
www.crf-al.org.br/meningite_pode_ser_causada_por_bacterias_virus_fungos_e_parasitas/,https://institucional.crf-al.org.br/imprensa/noticias/meningite_pode_ser_causada_por_bacterias_virus_fungos_e_parasitas,301
www.crf-al.org.br/meningite_pode_ser_causada_por_bacterias_virus_fungos_e_parasitas,https://institucional.crf-al.org.br/imprensa/noticias/meningite_pode_ser_causada_por_bacterias_virus_fungos_e_parasitas,301
www.crf-al.org.br/priscila-vicente-fala-da-importancia-do-farmaceutico-no-controle-das-infeccoes-hospitalares/,https://institucional.crf-al.org.br/imprensa/noticias/priscila-vicente-fala-da-importancia-do-farmaceutico-no-controle-das-infeccoes-hospitalares,301
www.crf-al.org.br/priscila-vicente-fala-da-importancia-do-farmaceutico-no-controle-das-infeccoes-hospitalares,https://institucional.crf-al.org.br/imprensa/noticias/priscila-vicente-fala-da-importancia-do-farmaceutico-no-controle-das-infeccoes-hospitalares,301
www.crf-al.org.br/hormonio_que_estimula_empatia_pode_ser_usado_para_tratar_autismo/,https://institucional.crf-al.org.br/imprensa/noticias/hormonio_que_estimula_empatia_pode_ser_usado_para_tratar_autismo,301
www.crf-al.org.br/hormonio_que_estimula_empatia_pode_ser_usado_para_tratar_autismo,https://institucional.crf-al.org.br/imprensa/noticias/hormonio_que_estimula_empatia_pode_ser_usado_para_tratar_autismo,301
www.crf-al.org.br/droga_para_evitar_hiv_e_tao_segura_quanto_aspirina_dizem_pesquisadores/,https://institucional.crf-al.org.br/imprensa/noticias/droga_para_evitar_hiv_e_tao_segura_quanto_aspirina_dizem_pesquisadores,301
www.crf-al.org.br/droga_para_evitar_hiv_e_tao_segura_quanto_aspirina_dizem_pesquisadores,https://institucional.crf-al.org.br/imprensa/noticias/droga_para_evitar_hiv_e_tao_segura_quanto_aspirina_dizem_pesquisadores,301
www.crf-al.org.br/melhores-do-ano-drogaria-do-proprietario-farmaceutico-recebe-premio-em-marechal-deodoro/,https://institucional.crf-al.org.br/imprensa/noticias/melhores-do-ano-drogaria-do-proprietario-farmaceutico-recebe-premio-em-marechal-deodoro,301
www.crf-al.org.br/melhores-do-ano-drogaria-do-proprietario-farmaceutico-recebe-premio-em-marechal-deodoro,https://institucional.crf-al.org.br/imprensa/noticias/melhores-do-ano-drogaria-do-proprietario-farmaceutico-recebe-premio-em-marechal-deodoro,301
www.crf-al.org.br/remedio_do_futuro_avisa_medico_quando_e_ingerido_por_paciente/,https://institucional.crf-al.org.br/imprensa/noticias/remedio_do_futuro_avisa_medico_quando_e_ingerido_por_paciente,301
www.crf-al.org.br/remedio_do_futuro_avisa_medico_quando_e_ingerido_por_paciente,https://institucional.crf-al.org.br/imprensa/noticias/remedio_do_futuro_avisa_medico_quando_e_ingerido_por_paciente,301
www.crf-al.org.br/saude_disponibiliza_manual_tecnico_para_o_diagnostico_da_infeccao_das_hepatites_virais/,https://institucional.crf-al.org.br/imprensa/noticias/saude_disponibiliza_manual_tecnico_para_o_diagnostico_da_infeccao_das_hepatites_virais,301
www.crf-al.org.br/saude_disponibiliza_manual_tecnico_para_o_diagnostico_da_infeccao_das_hepatites_virais,https://institucional.crf-al.org.br/imprensa/noticias/saude_disponibiliza_manual_tecnico_para_o_diagnostico_da_infeccao_das_hepatites_virais,301
www.crf-al.org.br/rdc-da-anvisa-muda-validade-das-receitas-de-anorexigenos-para-30-dias/,https://institucional.crf-al.org.br/imprensa/noticias/rdc-da-anvisa-muda-validade-das-receitas-de-anorexigenos-para-30-dias,301
www.crf-al.org.br/rdc-da-anvisa-muda-validade-das-receitas-de-anorexigenos-para-30-dias,https://institucional.crf-al.org.br/imprensa/noticias/rdc-da-anvisa-muda-validade-das-receitas-de-anorexigenos-para-30-dias,301
www.crf-al.org.br/estudo_revela_que_perda_do_cromossomo_y_esta_relacionada_com_alzheimer/,https://institucional.crf-al.org.br/imprensa/noticias/estudo_revela_que_perda_do_cromossomo_y_esta_relacionada_com_alzheimer,301
www.crf-al.org.br/estudo_revela_que_perda_do_cromossomo_y_esta_relacionada_com_alzheimer,https://institucional.crf-al.org.br/imprensa/noticias/estudo_revela_que_perda_do_cromossomo_y_esta_relacionada_com_alzheimer,301
www.crf-al.org.br/author/ascom-crf-al/,https://institucional.crf-al.org.br/imprensa/noticias,301
www.crf-al.org.br/author/ascom-crf-al,https://institucional.crf-al.org.br/imprensa/noticias,301
www.crf-al.org.br/seccional-arapiraca-estara-fechada-nesta-quarta-feira-30/,https://institucional.crf-al.org.br/imprensa/noticias/seccional-arapiraca-estara-fechada-nesta-quarta-feira-30,301
www.crf-al.org.br/seccional-arapiraca-estara-fechada-nesta-quarta-feira-30,https://institucional.crf-al.org.br/imprensa/noticias/seccional-arapiraca-estara-fechada-nesta-quarta-feira-30,301
www.crf-al.org.br/remedio_mais_eficaz_contra_a_trombose/,https://institucional.crf-al.org.br/imprensa/noticias/remedio_mais_eficaz_contra_a_trombose,301
www.crf-al.org.br/remedio_mais_eficaz_contra_a_trombose,https://institucional.crf-al.org.br/imprensa/noticias/remedio_mais_eficaz_contra_a_trombose,301
www.crf-al.org.br/exame-para-verificacao-do-colesterol-tem-novo-parametro/,https://institucional.crf-al.org.br/imprensa/noticias/exame-para-verificacao-do-colesterol-tem-novo-parametro,301
www.crf-al.org.br/exame-para-verificacao-do-colesterol-tem-novo-parametro,https://institucional.crf-al.org.br/imprensa/noticias/exame-para-verificacao-do-colesterol-tem-novo-parametro,301
www.crf-al.org.br/vacina_de_hepatite_a_passa_a_ser_oferecida_em_todo_o_pais_este_mes/,https://institucional.crf-al.org.br/imprensa/noticias/vacina_de_hepatite_a_passa_a_ser_oferecida_em_todo_o_pais_este_mes,301
www.crf-al.org.br/vacina_de_hepatite_a_passa_a_ser_oferecida_em_todo_o_pais_este_mes,https://institucional.crf-al.org.br/imprensa/noticias/vacina_de_hepatite_a_passa_a_ser_oferecida_em_todo_o_pais_este_mes,301
www.crf-al.org.br/hipertensao-arterial-e-responsavel-pelas-principais-causas-de-morte-no-brasil/,https://institucional.crf-al.org.br/imprensa/noticias/hipertensao-arterial-e-responsavel-pelas-principais-causas-de-morte-no-brasil,301
www.crf-al.org.br/hipertensao-arterial-e-responsavel-pelas-principais-causas-de-morte-no-brasil,https://institucional.crf-al.org.br/imprensa/noticias/hipertensao-arterial-e-responsavel-pelas-principais-causas-de-morte-no-brasil,301
www.crf-al.org.br/antidepressivos-e-estabilizadores-de-humor-tem-aumento-de-34-nas-vendas-em-alagoas/,https://institucional.crf-al.org.br/imprensa/noticias/antidepressivos-e-estabilizadores-de-humor-tem-aumento-de-34-nas-vendas-em-alagoas,301
www.crf-al.org.br/antidepressivos-e-estabilizadores-de-humor-tem-aumento-de-34-nas-vendas-em-alagoas,https://institucional.crf-al.org.br/imprensa/noticias/antidepressivos-e-estabilizadores-de-humor-tem-aumento-de-34-nas-vendas-em-alagoas,301
www.crf-al.org.br/receitas-passam-ter-validade-em-todo-o-pais/,https://institucional.crf-al.org.br/imprensa/noticias/receitas-passam-ter-validade-em-todo-o-pais,301
www.crf-al.org.br/receitas-passam-ter-validade-em-todo-o-pais,https://institucional.crf-al.org.br/imprensa/noticias/receitas-passam-ter-validade-em-todo-o-pais,301
www.crf-al.org.br/sus_incorpora_novos_tratamentos_para_doenca_falciforme_e_espondilite/,https://institucional.crf-al.org.br/imprensa/noticias/sus_incorpora_novos_tratamentos_para_doenca_falciforme_e_espondilite,301
www.crf-al.org.br/sus_incorpora_novos_tratamentos_para_doenca_falciforme_e_espondilite,https://institucional.crf-al.org.br/imprensa/noticias/sus_incorpora_novos_tratamentos_para_doenca_falciforme_e_espondilite,301
www.crf-al.org.br/cff-define-regras-para-atuacao-do-farmaceutico-na-imunizacao/,https://institucional.crf-al.org.br/imprensa/noticias/cff-define-regras-para-atuacao-do-farmaceutico-na-imunizacao,301
www.crf-al.org.br/cff-define-regras-para-atuacao-do-farmaceutico-na-imunizacao,https://institucional.crf-al.org.br/imprensa/noticias/cff-define-regras-para-atuacao-do-farmaceutico-na-imunizacao,301
www.crf-al.org.br/institucional/,https://institucional.crf-al.org.br/instituicao,301
www.crf-al.org.br/institucional,https://institucional.crf-al.org.br/instituicao,301
www.crf-al.org.br/uber_da_saude_quer_revolucionar_medicina_com_doutores_que_vao_visitar_voce_em_casa/,https://institucional.crf-al.org.br/imprensa/noticias/uber_da_saude_quer_revolucionar_medicina_com_doutores_que_vao_visitar_voce_em_casa,301
www.crf-al.org.br/uber_da_saude_quer_revolucionar_medicina_com_doutores_que_vao_visitar_voce_em_casa,https://institucional.crf-al.org.br/imprensa/noticias/uber_da_saude_quer_revolucionar_medicina_com_doutores_que_vao_visitar_voce_em_casa,301
www.crf-al.org.br/omega_3_reduz_risco_de_desenvolver_doencas_mentais_diz_pesquisa/,https://institucional.crf-al.org.br/imprensa/noticias/omega_3_reduz_risco_de_desenvolver_doencas_mentais_diz_pesquisa,301
www.crf-al.org.br/omega_3_reduz_risco_de_desenvolver_doencas_mentais_diz_pesquisa,https://institucional.crf-al.org.br/imprensa/noticias/omega_3_reduz_risco_de_desenvolver_doencas_mentais_diz_pesquisa,301
www.crf-al.org.br/dia-mundial-da-cruz-vermelha-e-celebrado-em-8-de-maio/,https://institucional.crf-al.org.br/imprensa/noticias/dia-mundial-da-cruz-vermelha-e-celebrado-em-8-de-maio,301
www.crf-al.org.br/dia-mundial-da-cruz-vermelha-e-celebrado-em-8-de-maio,https://institucional.crf-al.org.br/imprensa/noticias/dia-mundial-da-cruz-vermelha-e-celebrado-em-8-de-maio,301
www.crf-al.org.br/zika_sequestra_proteina_de_celula_tronco/,https://institucional.crf-al.org.br/imprensa/noticias/zika_sequestra_proteina_de_celula_tronco,301
www.crf-al.org.br/zika_sequestra_proteina_de_celula_tronco,https://institucional.crf-al.org.br/imprensa/noticias/zika_sequestra_proteina_de_celula_tronco,301
www.crf-al.org.br/farmaceuticos-tem-60-dias-para-justificar-seu-voto/,https://institucional.crf-al.org.br/imprensa/noticias/farmaceuticos-tem-60-dias-para-justificar-seu-voto,301
www.crf-al.org.br/farmaceuticos-tem-60-dias-para-justificar-seu-voto,https://institucional.crf-al.org.br/imprensa/noticias/farmaceuticos-tem-60-dias-para-justificar-seu-voto,301
www.crf-al.org.br/crfal-faz-entrega-de-fraldas-geriatricas-para-abrigo-de-idosos-em-arapiraca/,https://institucional.crf-al.org.br/imprensa/noticias/crfal-faz-entrega-de-fraldas-geriatricas-para-abrigo-de-idosos-em-arapiraca,301
www.crf-al.org.br/crfal-faz-entrega-de-fraldas-geriatricas-para-abrigo-de-idosos-em-arapiraca,https://institucional.crf-al.org.br/imprensa/noticias/crfal-faz-entrega-de-fraldas-geriatricas-para-abrigo-de-idosos-em-arapiraca,301
www.crf-al.org.br/dia-nacional-do-farmaceutico-crf-al-promove-acoes-de-saude-em-maceio-e-arapiraca/,https://institucional.crf-al.org.br/imprensa/noticias/dia-nacional-do-farmaceutico-crf-al-promove-acoes-de-saude-em-maceio-e-arapiraca,301
www.crf-al.org.br/dia-nacional-do-farmaceutico-crf-al-promove-acoes-de-saude-em-maceio-e-arapiraca,https://institucional.crf-al.org.br/imprensa/noticias/dia-nacional-do-farmaceutico-crf-al-promove-acoes-de-saude-em-maceio-e-arapiraca,301
www.crf-al.org.br/7229-2/,https://institucional.crf-al.org.br/imprensa/noticias/7229-2,301
www.crf-al.org.br/7229-2,https://institucional.crf-al.org.br/imprensa/noticias/7229-2,301
www.crf-al.org.br/tag/valor-anuidade-2026/,https://institucional.crf-al.org.br/imprensa/noticias,301
www.crf-al.org.br/tag/valor-anuidade-2026,https://institucional.crf-al.org.br/imprensa/noticias,301
www.crf-al.org.br/novas_drogas_contra_o_colesterol_estao_a_um_passo_da_aprovacao_nos_eua/,https://institucional.crf-al.org.br/imprensa/noticias/novas_drogas_contra_o_colesterol_estao_a_um_passo_da_aprovacao_nos_eua,301
www.crf-al.org.br/novas_drogas_contra_o_colesterol_estao_a_um_passo_da_aprovacao_nos_eua,https://institucional.crf-al.org.br/imprensa/noticias/novas_drogas_contra_o_colesterol_estao_a_um_passo_da_aprovacao_nos_eua,301
www.crf-al.org.br/nota-de-falecimento-levi-rodrigues-nicacio/,https://institucional.crf-al.org.br/imprensa/noticias/nota-de-falecimento-levi-rodrigues-nicacio,301
www.crf-al.org.br/nota-de-falecimento-levi-rodrigues-nicacio,https://institucional.crf-al.org.br/imprensa/noticias/nota-de-falecimento-levi-rodrigues-nicacio,301
www.crf-al.org.br/drogaria-promove-acao-de-combate-hepatite-em-batalha/,https://institucional.crf-al.org.br/imprensa/noticias/drogaria-promove-acao-de-combate-hepatite-em-batalha,301
www.crf-al.org.br/drogaria-promove-acao-de-combate-hepatite-em-batalha,https://institucional.crf-al.org.br/imprensa/noticias/drogaria-promove-acao-de-combate-hepatite-em-batalha,301
www.crf-al.org.br/concentracao_de_neuronios_determina_tempo_de_sono/,https://institucional.crf-al.org.br/imprensa/noticias/concentracao_de_neuronios_determina_tempo_de_sono,301
www.crf-al.org.br/concentracao_de_neuronios_determina_tempo_de_sono,https://institucional.crf-al.org.br/imprensa/noticias/concentracao_de_neuronios_determina_tempo_de_sono,301
www.crf-al.org.br/estudo_pode_ajudar_a_prevenir_e_tratar_infeccoes_fatais_em_diabeticos/,https://institucional.crf-al.org.br/imprensa/noticias/estudo_pode_ajudar_a_prevenir_e_tratar_infeccoes_fatais_em_diabeticos,301
www.crf-al.org.br/estudo_pode_ajudar_a_prevenir_e_tratar_infeccoes_fatais_em_diabeticos,https://institucional.crf-al.org.br/imprensa/noticias/estudo_pode_ajudar_a_prevenir_e_tratar_infeccoes_fatais_em_diabeticos,301
www.crf-al.org.br/crfal-estara-fechado-nesta-sexta-feira-16-de-setembro/,https://institucional.crf-al.org.br/imprensa/noticias/crfal-estara-fechado-nesta-sexta-feira-16-de-setembro,301
www.crf-al.org.br/crfal-estara-fechado-nesta-sexta-feira-16-de-setembro,https://institucional.crf-al.org.br/imprensa/noticias/crfal-estara-fechado-nesta-sexta-feira-16-de-setembro,301
www.crf-al.org.br/eleicoes/,https://institucional.crf-al.org.br/instituicao,301
www.crf-al.org.br/eleicoes,https://institucional.crf-al.org.br/instituicao,301
www.crf-al.org.br/crfal-e-contra-pl-que-quer-tirar-obrigatoriedade-de-farmaceutico-em-microempresas-e-mei/,https://institucional.crf-al.org.br/imprensa/noticias/crfal-e-contra-pl-que-quer-tirar-obrigatoriedade-de-farmaceutico-em-microempresas-e-mei,301
www.crf-al.org.br/crfal-e-contra-pl-que-quer-tirar-obrigatoriedade-de-farmaceutico-em-microempresas-e-mei,https://institucional.crf-al.org.br/imprensa/noticias/crfal-e-contra-pl-que-quer-tirar-obrigatoriedade-de-farmaceutico-em-microempresas-e-mei,301
www.crf-al.org.br/agenda_de_eventos_/vii-simposio-internacional-de-farmacia-hospitalar-e-clinica-iv-simposio-de-farmacia-oncologica-e-ii-simposio-em-automacao-hospitalar/,https://institucional.crf-al.org.br/eventos,301
www.crf-al.org.br/agenda_de_eventos_/vii-simposio-internacional-de-farmacia-hospitalar-e-clinica-iv-simposio-de-farmacia-oncologica-e-ii-simposio-em-automacao-hospitalar,https://institucional.crf-al.org.br/eventos,301
www.crf-al.org.br/i_simposio_de_farmacia_hospitalar_do_agreste_e_sertao_alagoano/,https://institucional.crf-al.org.br/imprensa/noticias/i_simposio_de_farmacia_hospitalar_do_agreste_e_sertao_alagoano,301
www.crf-al.org.br/i_simposio_de_farmacia_hospitalar_do_agreste_e_sertao_alagoano,https://institucional.crf-al.org.br/imprensa/noticias/i_simposio_de_farmacia_hospitalar_do_agreste_e_sertao_alagoano,301
www.crf-al.org.br/agenda_de_eventos_/seminarios-regionais-sobrafo-2025/,https://institucional.crf-al.org.br/eventos,301
www.crf-al.org.br/agenda_de_eventos_/seminarios-regionais-sobrafo-2025,https://institucional.crf-al.org.br/eventos,301
www.crf-al.org.br/estudo_aponta_eficacia_do_canabidiol_em_pacientes_com_mal_de_parkinson/,https://institucional.crf-al.org.br/imprensa/noticias/estudo_aponta_eficacia_do_canabidiol_em_pacientes_com_mal_de_parkinson,301
www.crf-al.org.br/estudo_aponta_eficacia_do_canabidiol_em_pacientes_com_mal_de_parkinson,https://institucional.crf-al.org.br/imprensa/noticias/estudo_aponta_eficacia_do_canabidiol_em_pacientes_com_mal_de_parkinson,301
www.crf-al.org.br/sistema-cff-crfs-esta-mobilizado-contra-pl-do-farmaceutico-remoto/,https://institucional.crf-al.org.br/imprensa/noticias/sistema-cff-crfs-esta-mobilizado-contra-pl-do-farmaceutico-remoto,301
www.crf-al.org.br/sistema-cff-crfs-esta-mobilizado-contra-pl-do-farmaceutico-remoto,https://institucional.crf-al.org.br/imprensa/noticias/sistema-cff-crfs-esta-mobilizado-contra-pl-do-farmaceutico-remoto,301
www.crf-al.org.br/droga_vai_usar_defesa_do_corpo_contra_cancer/,https://institucional.crf-al.org.br/imprensa/noticias/droga_vai_usar_defesa_do_corpo_contra_cancer,301
www.crf-al.org.br/droga_vai_usar_defesa_do_corpo_contra_cancer,https://institucional.crf-al.org.br/imprensa/noticias/droga_vai_usar_defesa_do_corpo_contra_cancer,301
www.crf-al.org.br/dor_na_coluna_pode_ser_causada_por_erros_de_postura_saiba_como_evitar/,https://institucional.crf-al.org.br/imprensa/noticias/dor_na_coluna_pode_ser_causada_por_erros_de_postura_saiba_como_evitar,301
www.crf-al.org.br/dor_na_coluna_pode_ser_causada_por_erros_de_postura_saiba_como_evitar,https://institucional.crf-al.org.br/imprensa/noticias/dor_na_coluna_pode_ser_causada_por_erros_de_postura_saiba_como_evitar,301
www.crf-al.org.br/vitamina_d_nao_teria_efeito_protetor_em_doencas_cardiacas_diz_estudo/,https://institucional.crf-al.org.br/imprensa/noticias/vitamina_d_nao_teria_efeito_protetor_em_doencas_cardiacas_diz_estudo,301
www.crf-al.org.br/vitamina_d_nao_teria_efeito_protetor_em_doencas_cardiacas_diz_estudo,https://institucional.crf-al.org.br/imprensa/noticias/vitamina_d_nao_teria_efeito_protetor_em_doencas_cardiacas_diz_estudo,301
www.crf-al.org.br/estudante_de_farmacia_e_aprovado_em_selecao_do_lafepe/,https://institucional.crf-al.org.br/imprensa/noticias/estudante_de_farmacia_e_aprovado_em_selecao_do_lafepe,301
www.crf-al.org.br/estudante_de_farmacia_e_aprovado_em_selecao_do_lafepe,https://institucional.crf-al.org.br/imprensa/noticias/estudante_de_farmacia_e_aprovado_em_selecao_do_lafepe,301
www.crf-al.org.br/doenca_rara_deixa_espanhola_em_cadeira_de_rodas_em_pouco_mais_de_24_horas/,https://institucional.crf-al.org.br/imprensa/noticias/doenca_rara_deixa_espanhola_em_cadeira_de_rodas_em_pouco_mais_de_24_horas,301
www.crf-al.org.br/doenca_rara_deixa_espanhola_em_cadeira_de_rodas_em_pouco_mais_de_24_horas,https://institucional.crf-al.org.br/imprensa/noticias/doenca_rara_deixa_espanhola_em_cadeira_de_rodas_em_pouco_mais_de_24_horas,301
www.crf-al.org.br/cff-convoca-farmaceuticos-para-votar-nao-no-pdl-134-2025/,https://institucional.crf-al.org.br/imprensa/noticias/cff-convoca-farmaceuticos-para-votar-nao-no-pdl-134-2025,301
www.crf-al.org.br/cff-convoca-farmaceuticos-para-votar-nao-no-pdl-134-2025,https://institucional.crf-al.org.br/imprensa/noticias/cff-convoca-farmaceuticos-para-votar-nao-no-pdl-134-2025,301
www.crf-al.org.br/saude-da-mulher-e-mais-do-que-cuidados-ginecologicos/,https://institucional.crf-al.org.br/imprensa/noticias/saude-da-mulher-e-mais-do-que-cuidados-ginecologicos,301
www.crf-al.org.br/saude-da-mulher-e-mais-do-que-cuidados-ginecologicos,https://institucional.crf-al.org.br/imprensa/noticias/saude-da-mulher-e-mais-do-que-cuidados-ginecologicos,301
www.crf-al.org.br/ola-mundo/,https://institucional.crf-al.org.br/imprensa/noticias/ola-mundo,301
www.crf-al.org.br/ola-mundo,https://institucional.crf-al.org.br/imprensa/noticias/ola-mundo,301
www.crf-al.org.br/ivan-falcao-conta-sua-experiencia-com-atendimento-farmaceutico-a-populacao-lgbtqia/,https://institucional.crf-al.org.br/imprensa/noticias/ivan-falcao-conta-sua-experiencia-com-atendimento-farmaceutico-a-populacao-lgbtqia,301
www.crf-al.org.br/ivan-falcao-conta-sua-experiencia-com-atendimento-farmaceutico-a-populacao-lgbtqia,https://institucional.crf-al.org.br/imprensa/noticias/ivan-falcao-conta-sua-experiencia-com-atendimento-farmaceutico-a-populacao-lgbtqia,301
www.crf-al.org.br/droga_reduz_risco_de_cancer_de_prostata_mas_e_alvo_de_criticas/,https://institucional.crf-al.org.br/imprensa/noticias/droga_reduz_risco_de_cancer_de_prostata_mas_e_alvo_de_criticas,301
www.crf-al.org.br/droga_reduz_risco_de_cancer_de_prostata_mas_e_alvo_de_criticas,https://institucional.crf-al.org.br/imprensa/noticias/droga_reduz_risco_de_cancer_de_prostata_mas_e_alvo_de_criticas,301
www.crf-al.org.br/setenta_por_cento_da_populacao_dos_eua_esta_infectada_com_hpv/,https://institucional.crf-al.org.br/imprensa/noticias/setenta_por_cento_da_populacao_dos_eua_esta_infectada_com_hpv,301
www.crf-al.org.br/setenta_por_cento_da_populacao_dos_eua_esta_infectada_com_hpv,https://institucional.crf-al.org.br/imprensa/noticias/setenta_por_cento_da_populacao_dos_eua_esta_infectada_com_hpv,301
www.crf-al.org.br/pesquisa-revela-que-30-dos-brasileiros-adultos-devem-ser-obesos-ate-2030/,https://institucional.crf-al.org.br/imprensa/noticias/pesquisa-revela-que-30-dos-brasileiros-adultos-devem-ser-obesos-ate-2030,301
www.crf-al.org.br/pesquisa-revela-que-30-dos-brasileiros-adultos-devem-ser-obesos-ate-2030,https://institucional.crf-al.org.br/imprensa/noticias/pesquisa-revela-que-30-dos-brasileiros-adultos-devem-ser-obesos-ate-2030,301
www.crf-al.org.br/diretores-do-crf-al-se-reunem-com-deputado-federal-alfredo-gaspar/,https://institucional.crf-al.org.br/imprensa/noticias/diretores-do-crf-al-se-reunem-com-deputado-federal-alfredo-gaspar,301
www.crf-al.org.br/diretores-do-crf-al-se-reunem-com-deputado-federal-alfredo-gaspar,https://institucional.crf-al.org.br/imprensa/noticias/diretores-do-crf-al-se-reunem-com-deputado-federal-alfredo-gaspar,301
www.crf-al.org.br/anuidade-2023-ja-esta-disponivel-pelo-crfweb/,https://institucional.crf-al.org.br/imprensa/noticias/anuidade-2023-ja-esta-disponivel-pelo-crfweb,301
www.crf-al.org.br/anuidade-2023-ja-esta-disponivel-pelo-crfweb,https://institucional.crf-al.org.br/imprensa/noticias/anuidade-2023-ja-esta-disponivel-pelo-crfweb,301
www.crf-al.org.br/novos_procedimentos_esteticos_sao_oferecidos_a_mulheres_de_todas_as_idades/,https://institucional.crf-al.org.br/imprensa/noticias/novos_procedimentos_esteticos_sao_oferecidos_a_mulheres_de_todas_as_idades,301
www.crf-al.org.br/novos_procedimentos_esteticos_sao_oferecidos_a_mulheres_de_todas_as_idades,https://institucional.crf-al.org.br/imprensa/noticias/novos_procedimentos_esteticos_sao_oferecidos_a_mulheres_de_todas_as_idades,301
www.crf-al.org.br/26-anos-de-genericos-a-atuacao-do-farmaceutico-na-quebra-de-preconceitos/,https://institucional.crf-al.org.br/imprensa/noticias/26-anos-de-genericos-a-atuacao-do-farmaceutico-na-quebra-de-preconceitos,301
www.crf-al.org.br/26-anos-de-genericos-a-atuacao-do-farmaceutico-na-quebra-de-preconceitos,https://institucional.crf-al.org.br/imprensa/noticias/26-anos-de-genericos-a-atuacao-do-farmaceutico-na-quebra-de-preconceitos,301
www.crf-al.org.br/farmacia_de_acolhimento_e_o_novo_espaco_para_atender_demandas_judiciais/,https://institucional.crf-al.org.br/imprensa/noticias/farmacia_de_acolhimento_e_o_novo_espaco_para_atender_demandas_judiciais,301
www.crf-al.org.br/farmacia_de_acolhimento_e_o_novo_espaco_para_atender_demandas_judiciais,https://institucional.crf-al.org.br/imprensa/noticias/farmacia_de_acolhimento_e_o_novo_espaco_para_atender_demandas_judiciais,301
www.crf-al.org.br/medicos_explicam_como_funcionam_os_transplantes_entre_pessoas_vivas/,https://institucional.crf-al.org.br/imprensa/noticias/medicos_explicam_como_funcionam_os_transplantes_entre_pessoas_vivas,301
www.crf-al.org.br/medicos_explicam_como_funcionam_os_transplantes_entre_pessoas_vivas,https://institucional.crf-al.org.br/imprensa/noticias/medicos_explicam_como_funcionam_os_transplantes_entre_pessoas_vivas,301
www.crf-al.org.br/saude_aprova_novo_protocolo_para_uso_de_pilula_do_dia_seguinte_contra_aids/,https://institucional.crf-al.org.br/imprensa/noticias/saude_aprova_novo_protocolo_para_uso_de_pilula_do_dia_seguinte_contra_aids,301
www.crf-al.org.br/saude_aprova_novo_protocolo_para_uso_de_pilula_do_dia_seguinte_contra_aids,https://institucional.crf-al.org.br/imprensa/noticias/saude_aprova_novo_protocolo_para_uso_de_pilula_do_dia_seguinte_contra_aids,301
www.crf-al.org.br/12914-2/,https://institucional.crf-al.org.br/imprensa/noticias/12914-2,301
www.crf-al.org.br/12914-2,https://institucional.crf-al.org.br/imprensa/noticias/12914-2,301
www.crf-al.org.br/pesquisadores_britanicos_acreditam_que_brocolis_pode_reduzir_o_avanco_da_artrose/,https://institucional.crf-al.org.br/imprensa/noticias/pesquisadores_britanicos_acreditam_que_brocolis_pode_reduzir_o_avanco_da_artrose,301
www.crf-al.org.br/pesquisadores_britanicos_acreditam_que_brocolis_pode_reduzir_o_avanco_da_artrose,https://institucional.crf-al.org.br/imprensa/noticias/pesquisadores_britanicos_acreditam_que_brocolis_pode_reduzir_o_avanco_da_artrose,301
www.crf-al.org.br/cientistas_belgas_descobrem_possivel_cura_para_doenca_do_sono/,https://institucional.crf-al.org.br/imprensa/noticias/cientistas_belgas_descobrem_possivel_cura_para_doenca_do_sono,301
www.crf-al.org.br/cientistas_belgas_descobrem_possivel_cura_para_doenca_do_sono,https://institucional.crf-al.org.br/imprensa/noticias/cientistas_belgas_descobrem_possivel_cura_para_doenca_do_sono,301
www.crf-al.org.br/associacao_voluntaria_distribui_remedios_sem_uso_para_doencas_graves/,https://institucional.crf-al.org.br/imprensa/noticias/associacao_voluntaria_distribui_remedios_sem_uso_para_doencas_graves,301
www.crf-al.org.br/associacao_voluntaria_distribui_remedios_sem_uso_para_doencas_graves,https://institucional.crf-al.org.br/imprensa/noticias/associacao_voluntaria_distribui_remedios_sem_uso_para_doencas_graves,301
www.crf-al.org.br/atendimento-pode-ser-feito-atraves-da-ouvidoria/,https://institucional.crf-al.org.br/imprensa/noticias/atendimento-pode-ser-feito-atraves-da-ouvidoria,301
www.crf-al.org.br/atendimento-pode-ser-feito-atraves-da-ouvidoria,https://institucional.crf-al.org.br/imprensa/noticias/atendimento-pode-ser-feito-atraves-da-ouvidoria,301
www.crf-al.org.br/estudo_relaciona_depressao_e_ansiedade_as_bacterias_do_intestino/,https://institucional.crf-al.org.br/imprensa/noticias/estudo_relaciona_depressao_e_ansiedade_as_bacterias_do_intestino,301
www.crf-al.org.br/estudo_relaciona_depressao_e_ansiedade_as_bacterias_do_intestino,https://institucional.crf-al.org.br/imprensa/noticias/estudo_relaciona_depressao_e_ansiedade_as_bacterias_do_intestino,301
www.crf-al.org.br/inscritos-no-crfal-tem-desconto-em-pos-graduacao-de-farmacia-hospitalar/,https://institucional.crf-al.org.br/imprensa/noticias/inscritos-no-crfal-tem-desconto-em-pos-graduacao-de-farmacia-hospitalar,301
www.crf-al.org.br/inscritos-no-crfal-tem-desconto-em-pos-graduacao-de-farmacia-hospitalar,https://institucional.crf-al.org.br/imprensa/noticias/inscritos-no-crfal-tem-desconto-em-pos-graduacao-de-farmacia-hospitalar,301
www.crf-al.org.br/farmaceutico-inaugura-seu-segundo-empreendimento-em-marechal-deodoro/,https://institucional.crf-al.org.br/imprensa/noticias/farmaceutico-inaugura-seu-segundo-empreendimento-em-marechal-deodoro,301
www.crf-al.org.br/farmaceutico-inaugura-seu-segundo-empreendimento-em-marechal-deodoro,https://institucional.crf-al.org.br/imprensa/noticias/farmaceutico-inaugura-seu-segundo-empreendimento-em-marechal-deodoro,301
www.crf-al.org.br/relatorio_da_oms_mostra_que_e_possivel_eliminar_a_malaria_ate_2030/,https://institucional.crf-al.org.br/imprensa/noticias/relatorio_da_oms_mostra_que_e_possivel_eliminar_a_malaria_ate_2030,301
www.crf-al.org.br/relatorio_da_oms_mostra_que_e_possivel_eliminar_a_malaria_ate_2030,https://institucional.crf-al.org.br/imprensa/noticias/relatorio_da_oms_mostra_que_e_possivel_eliminar_a_malaria_ate_2030,301
www.crf-al.org.br/canal-de-atendimento-whatsapp-e-substituido-pela-ouvidoria/,https://institucional.crf-al.org.br/imprensa/noticias/canal-de-atendimento-whatsapp-e-substituido-pela-ouvidoria,301
www.crf-al.org.br/canal-de-atendimento-whatsapp-e-substituido-pela-ouvidoria,https://institucional.crf-al.org.br/imprensa/noticias/canal-de-atendimento-whatsapp-e-substituido-pela-ouvidoria,301
www.crf-al.org.br/nota/,https://institucional.crf-al.org.br/imprensa/noticias/nota,301
www.crf-al.org.br/nota,https://institucional.crf-al.org.br/imprensa/noticias/nota,301
www.crf-al.org.br/a_nova_arma_transgenica_para_acabar_com_a_malaria/,https://institucional.crf-al.org.br/imprensa/noticias/a_nova_arma_transgenica_para_acabar_com_a_malaria,301
www.crf-al.org.br/a_nova_arma_transgenica_para_acabar_com_a_malaria,https://institucional.crf-al.org.br/imprensa/noticias/a_nova_arma_transgenica_para_acabar_com_a_malaria,301
www.crf-al.org.br/novo-endereco-seccional-tem-estrutura-confortavel-para-atender-farmaceuticos/,https://institucional.crf-al.org.br/imprensa/noticias/novo-endereco-seccional-tem-estrutura-confortavel-para-atender-farmaceuticos,301
www.crf-al.org.br/novo-endereco-seccional-tem-estrutura-confortavel-para-atender-farmaceuticos,https://institucional.crf-al.org.br/imprensa/noticias/novo-endereco-seccional-tem-estrutura-confortavel-para-atender-farmaceuticos,301
www.crf-al.org.br/76_4_dos_brasileiros_tem_habito_de_se_automedicar_segundo_pesquisa/,https://institucional.crf-al.org.br/imprensa/noticias/76_4_dos_brasileiros_tem_habito_de_se_automedicar_segundo_pesquisa,301
www.crf-al.org.br/76_4_dos_brasileiros_tem_habito_de_se_automedicar_segundo_pesquisa,https://institucional.crf-al.org.br/imprensa/noticias/76_4_dos_brasileiros_tem_habito_de_se_automedicar_segundo_pesquisa,301
www.crf-al.org.br/crf-al-participa-de-operacao-conjunta-em-arapiraca-para-fortalecer-a-seguranca-sanitaria-e-a-presenca-do-farmaceutico/,https://institucional.crf-al.org.br/imprensa/noticias/crf-al-participa-de-operacao-conjunta-em-arapiraca-para-fortalecer-a-seguranca-sanitaria-e-a-presenca-do-farmaceutico,301
www.crf-al.org.br/crf-al-participa-de-operacao-conjunta-em-arapiraca-para-fortalecer-a-seguranca-sanitaria-e-a-presenca-do-farmaceutico,https://institucional.crf-al.org.br/imprensa/noticias/crf-al-participa-de-operacao-conjunta-em-arapiraca-para-fortalecer-a-seguranca-sanitaria-e-a-presenca-do-farmaceutico,301
www.crf-al.org.br/atendimento-diario-presencial-acontece-somente-por-agendamento/,https://institucional.crf-al.org.br/imprensa/noticias/atendimento-diario-presencial-acontece-somente-por-agendamento,301
www.crf-al.org.br/atendimento-diario-presencial-acontece-somente-por-agendamento,https://institucional.crf-al.org.br/imprensa/noticias/atendimento-diario-presencial-acontece-somente-por-agendamento,301
www.crf-al.org.br/listas_de_substancias_controladas_sao_atualizadas/,https://institucional.crf-al.org.br/imprensa/noticias/listas_de_substancias_controladas_sao_atualizadas,301
www.crf-al.org.br/listas_de_substancias_controladas_sao_atualizadas,https://institucional.crf-al.org.br/imprensa/noticias/listas_de_substancias_controladas_sao_atualizadas,301
www.crf-al.org.br/cff-analisa-conceito-enade-sobre-cursos-de-farmacia/,https://institucional.crf-al.org.br/imprensa/noticias/cff-analisa-conceito-enade-sobre-cursos-de-farmacia,301
www.crf-al.org.br/cff-analisa-conceito-enade-sobre-cursos-de-farmacia,https://institucional.crf-al.org.br/imprensa/noticias/cff-analisa-conceito-enade-sobre-cursos-de-farmacia,301
www.crf-al.org.br/memoria_funciona_melhor_com_olhos_fechados_diz_estudo/,https://institucional.crf-al.org.br/imprensa/noticias/memoria_funciona_melhor_com_olhos_fechados_diz_estudo,301
www.crf-al.org.br/memoria_funciona_melhor_com_olhos_fechados_diz_estudo,https://institucional.crf-al.org.br/imprensa/noticias/memoria_funciona_melhor_com_olhos_fechados_diz_estudo,301
www.crf-al.org.br/mercado_farmaceutico_alagoano_tem_crescimento_de_18_em_2016/,https://institucional.crf-al.org.br/imprensa/noticias/mercado_farmaceutico_alagoano_tem_crescimento_de_18_em_2016,301
www.crf-al.org.br/mercado_farmaceutico_alagoano_tem_crescimento_de_18_em_2016,https://institucional.crf-al.org.br/imprensa/noticias/mercado_farmaceutico_alagoano_tem_crescimento_de_18_em_2016,301
www.crf-al.org.br/farmacias-com-manipulacao-crescem-acima-da-media/,https://institucional.crf-al.org.br/imprensa/noticias/farmacias-com-manipulacao-crescem-acima-da-media,301
www.crf-al.org.br/farmacias-com-manipulacao-crescem-acima-da-media,https://institucional.crf-al.org.br/imprensa/noticias/farmacias-com-manipulacao-crescem-acima-da-media,301
www.crf-al.org.br/produto_biologico_novo_para_tratamento_de_cancer_e_aprovado_pela_anvisa/,https://institucional.crf-al.org.br/imprensa/noticias/produto_biologico_novo_para_tratamento_de_cancer_e_aprovado_pela_anvisa,301
www.crf-al.org.br/produto_biologico_novo_para_tratamento_de_cancer_e_aprovado_pela_anvisa,https://institucional.crf-al.org.br/imprensa/noticias/produto_biologico_novo_para_tratamento_de_cancer_e_aprovado_pela_anvisa,301
www.crf-al.org.br/medicamento_experimental_para_artrite_se_mostra_eficaz/,https://institucional.crf-al.org.br/imprensa/noticias/medicamento_experimental_para_artrite_se_mostra_eficaz,301
www.crf-al.org.br/medicamento_experimental_para_artrite_se_mostra_eficaz,https://institucional.crf-al.org.br/imprensa/noticias/medicamento_experimental_para_artrite_se_mostra_eficaz,301
www.crf-al.org.br/experiencias-apresentadas-no-enaf-demonstram-como-educar-para-fiscalizar/,https://institucional.crf-al.org.br/imprensa/noticias/experiencias-apresentadas-no-enaf-demonstram-como-educar-para-fiscalizar,301
www.crf-al.org.br/experiencias-apresentadas-no-enaf-demonstram-como-educar-para-fiscalizar,https://institucional.crf-al.org.br/imprensa/noticias/experiencias-apresentadas-no-enaf-demonstram-como-educar-para-fiscalizar,301
www.crf-al.org.br/nota-de-esclarecimento-3/,https://institucional.crf-al.org.br/imprensa/noticias/nota-de-esclarecimento-3,301
www.crf-al.org.br/nota-de-esclarecimento-3,https://institucional.crf-al.org.br/imprensa/noticias/nota-de-esclarecimento-3,301
www.crf-al.org.br/diretores-do-crf-al-visitam-o-hospital-regional-do-alto-sertao/,https://institucional.crf-al.org.br/imprensa/noticias/diretores-do-crf-al-visitam-o-hospital-regional-do-alto-sertao,301
www.crf-al.org.br/diretores-do-crf-al-visitam-o-hospital-regional-do-alto-sertao,https://institucional.crf-al.org.br/imprensa/noticias/diretores-do-crf-al-visitam-o-hospital-regional-do-alto-sertao,301
www.crf-al.org.br/em-arapiraca-farmacia-realiza-testes-de-glicemia-e-afericao-de-pressao/,https://institucional.crf-al.org.br/imprensa/noticias/em-arapiraca-farmacia-realiza-testes-de-glicemia-e-afericao-de-pressao,301
www.crf-al.org.br/em-arapiraca-farmacia-realiza-testes-de-glicemia-e-afericao-de-pressao,https://institucional.crf-al.org.br/imprensa/noticias/em-arapiraca-farmacia-realiza-testes-de-glicemia-e-afericao-de-pressao,301
www.crf-al.org.br/crf-al-reforca-importancia-do-farmaceutico-em-nova-resolucao-da-anvisa-sobre-medicamentos-a-base-de-cannabis/,https://institucional.crf-al.org.br/imprensa/noticias/crf-al-reforca-importancia-do-farmaceutico-em-nova-resolucao-da-anvisa-sobre-medicamentos-a-base-de-cannabis,301
www.crf-al.org.br/crf-al-reforca-importancia-do-farmaceutico-em-nova-resolucao-da-anvisa-sobre-medicamentos-a-base-de-cannabis,https://institucional.crf-al.org.br/imprensa/noticias/crf-al-reforca-importancia-do-farmaceutico-em-nova-resolucao-da-anvisa-sobre-medicamentos-a-base-de-cannabis,301
www.crf-al.org.br/estudo_vincula_nascimento_prematuro_de_bebes_a_bacterias/,https://institucional.crf-al.org.br/imprensa/noticias/estudo_vincula_nascimento_prematuro_de_bebes_a_bacterias,301
www.crf-al.org.br/estudo_vincula_nascimento_prematuro_de_bebes_a_bacterias,https://institucional.crf-al.org.br/imprensa/noticias/estudo_vincula_nascimento_prematuro_de_bebes_a_bacterias,301
www.crf-al.org.br/eleicoes-2024-cinco-farmaceuticos-sao-eleitos-em-alagoas/,https://institucional.crf-al.org.br/imprensa/noticias/eleicoes-2024-cinco-farmaceuticos-sao-eleitos-em-alagoas,301
www.crf-al.org.br/eleicoes-2024-cinco-farmaceuticos-sao-eleitos-em-alagoas,https://institucional.crf-al.org.br/imprensa/noticias/eleicoes-2024-cinco-farmaceuticos-sao-eleitos-em-alagoas,301
www.crf-al.org.br/projetos_para_tentar_evitar_ataques_de_tubarao_esbarram_na_burocracia/,https://institucional.crf-al.org.br/imprensa/noticias/projetos_para_tentar_evitar_ataques_de_tubarao_esbarram_na_burocracia,301
www.crf-al.org.br/projetos_para_tentar_evitar_ataques_de_tubarao_esbarram_na_burocracia,https://institucional.crf-al.org.br/imprensa/noticias/projetos_para_tentar_evitar_ataques_de_tubarao_esbarram_na_burocracia,301
www.crf-al.org.br/trio_que_estudou_reparo_do_dna_recebe_nobel/,https://institucional.crf-al.org.br/imprensa/noticias/trio_que_estudou_reparo_do_dna_recebe_nobel,301
www.crf-al.org.br/trio_que_estudou_reparo_do_dna_recebe_nobel,https://institucional.crf-al.org.br/imprensa/noticias/trio_que_estudou_reparo_do_dna_recebe_nobel,301
www.crf-al.org.br/gps_do_cerebro_leva_nobel_de_medicina/,https://institucional.crf-al.org.br/imprensa/noticias/gps_do_cerebro_leva_nobel_de_medicina,301
www.crf-al.org.br/gps_do_cerebro_leva_nobel_de_medicina,https://institucional.crf-al.org.br/imprensa/noticias/gps_do_cerebro_leva_nobel_de_medicina,301
www.crf-al.org.br/rastreamento-feito-pelo-cff-constata-um-em-cada-5-brasileiros-pode-ter-diabetes/,https://institucional.crf-al.org.br/imprensa/noticias/rastreamento-feito-pelo-cff-constata-um-em-cada-5-brasileiros-pode-ter-diabetes,301
www.crf-al.org.br/rastreamento-feito-pelo-cff-constata-um-em-cada-5-brasileiros-pode-ter-diabetes,https://institucional.crf-al.org.br/imprensa/noticias/rastreamento-feito-pelo-cff-constata-um-em-cada-5-brasileiros-pode-ter-diabetes,301
www.crf-al.org.br/sindfal-fecha-parceria-com-plano-de-saude-e-traz-condicoes-especiais-para-associados/,https://institucional.crf-al.org.br/imprensa/noticias/sindfal-fecha-parceria-com-plano-de-saude-e-traz-condicoes-especiais-para-associados,301
www.crf-al.org.br/sindfal-fecha-parceria-com-plano-de-saude-e-traz-condicoes-especiais-para-associados,https://institucional.crf-al.org.br/imprensa/noticias/sindfal-fecha-parceria-com-plano-de-saude-e-traz-condicoes-especiais-para-associados,301
www.crf-al.org.br/cff-homenageia-farmaceuticos-com-comenda-do-merito/,https://institucional.crf-al.org.br/imprensa/noticias/cff-homenageia-farmaceuticos-com-comenda-do-merito,301
www.crf-al.org.br/cff-homenageia-farmaceuticos-com-comenda-do-merito,https://institucional.crf-al.org.br/imprensa/noticias/cff-homenageia-farmaceuticos-com-comenda-do-merito,301
www.crf-al.org.br/presidente-do-crf-al-entrega-de-certidao-de-regularidade-tecnica-ao-hospital-do-coracao/,https://institucional.crf-al.org.br/imprensa/noticias/presidente-do-crf-al-entrega-de-certidao-de-regularidade-tecnica-ao-hospital-do-coracao,301
www.crf-al.org.br/presidente-do-crf-al-entrega-de-certidao-de-regularidade-tecnica-ao-hospital-do-coracao,https://institucional.crf-al.org.br/imprensa/noticias/presidente-do-crf-al-entrega-de-certidao-de-regularidade-tecnica-ao-hospital-do-coracao,301
www.crf-al.org.br/cientistas_conseguem_desalojar_hiv_para_combate_lo_fora_de_refugio/,https://institucional.crf-al.org.br/imprensa/noticias/cientistas_conseguem_desalojar_hiv_para_combate_lo_fora_de_refugio,301
www.crf-al.org.br/cientistas_conseguem_desalojar_hiv_para_combate_lo_fora_de_refugio,https://institucional.crf-al.org.br/imprensa/noticias/cientistas_conseguem_desalojar_hiv_para_combate_lo_fora_de_refugio,301
www.crf-al.org.br/nota-de-falecimento-da-farmaceutica-andressa-oliveira/,https://institucional.crf-al.org.br/imprensa/noticias/nota-de-falecimento-da-farmaceutica-andressa-oliveira,301
www.crf-al.org.br/nota-de-falecimento-da-farmaceutica-andressa-oliveira,https://institucional.crf-al.org.br/imprensa/noticias/nota-de-falecimento-da-farmaceutica-andressa-oliveira,301
www.crf-al.org.br/em_arapiraca_farmaceutica_hospitalar_se_preocupa_com_uso_racional_de_medicamentos_em_sua_unidade_de_saude/,https://institucional.crf-al.org.br/imprensa/noticias/em_arapiraca_farmaceutica_hospitalar_se_preocupa_com_uso_racional_de_medicamentos_em_sua_unidade_de_saude,301
www.crf-al.org.br/em_arapiraca_farmaceutica_hospitalar_se_preocupa_com_uso_racional_de_medicamentos_em_sua_unidade_de_saude,https://institucional.crf-al.org.br/imprensa/noticias/em_arapiraca_farmaceutica_hospitalar_se_preocupa_com_uso_racional_de_medicamentos_em_sua_unidade_de_saude,301
www.crf-al.org.br/projeto-farmacia-viva-apoiado-pelo-crfal-concorre-ao-selo-unicef/,https://institucional.crf-al.org.br/imprensa/noticias/projeto-farmacia-viva-apoiado-pelo-crfal-concorre-ao-selo-unicef,301
www.crf-al.org.br/projeto-farmacia-viva-apoiado-pelo-crfal-concorre-ao-selo-unicef,https://institucional.crf-al.org.br/imprensa/noticias/projeto-farmacia-viva-apoiado-pelo-crfal-concorre-ao-selo-unicef,301
www.crf-al.org.br/nalmefeno_e_a_nova_esperanca_na_luta_contra_o_alcoolismo/,https://institucional.crf-al.org.br/imprensa/noticias/nalmefeno_e_a_nova_esperanca_na_luta_contra_o_alcoolismo,301
www.crf-al.org.br/nalmefeno_e_a_nova_esperanca_na_luta_contra_o_alcoolismo,https://institucional.crf-al.org.br/imprensa/noticias/nalmefeno_e_a_nova_esperanca_na_luta_contra_o_alcoolismo,301
www.crf-al.org.br/cff-apoia-atividade-sobre-assistencia-farmaceutica-no-sus-durante-16a-conferencia-nacional-de-saude/,https://institucional.crf-al.org.br/imprensa/noticias/cff-apoia-atividade-sobre-assistencia-farmaceutica-no-sus-durante-16a-conferencia-nacional-de-saude,301
www.crf-al.org.br/cff-apoia-atividade-sobre-assistencia-farmaceutica-no-sus-durante-16a-conferencia-nacional-de-saude,https://institucional.crf-al.org.br/imprensa/noticias/cff-apoia-atividade-sobre-assistencia-farmaceutica-no-sus-durante-16a-conferencia-nacional-de-saude,301
www.crf-al.org.br/dr-emerson-cunha-fala-sobre-o-papel-do-farmaceutico-no-tratamento-do-linfoma/,https://institucional.crf-al.org.br/imprensa/noticias/dr-emerson-cunha-fala-sobre-o-papel-do-farmaceutico-no-tratamento-do-linfoma,301
www.crf-al.org.br/dr-emerson-cunha-fala-sobre-o-papel-do-farmaceutico-no-tratamento-do-linfoma,https://institucional.crf-al.org.br/imprensa/noticias/dr-emerson-cunha-fala-sobre-o-papel-do-farmaceutico-no-tratamento-do-linfoma,301
www.crf-al.org.br/estudo_sugere_ser_possivel_apagar_memorias_especificas/,https://institucional.crf-al.org.br/imprensa/noticias/estudo_sugere_ser_possivel_apagar_memorias_especificas,301
www.crf-al.org.br/estudo_sugere_ser_possivel_apagar_memorias_especificas,https://institucional.crf-al.org.br/imprensa/noticias/estudo_sugere_ser_possivel_apagar_memorias_especificas,301
www.crf-al.org.br/dia-nacional-de-prevencao-a-obesidade-conheca-a-historia-da-farmaceutica-joyce-fernandes/,https://institucional.crf-al.org.br/imprensa/noticias/dia-nacional-de-prevencao-a-obesidade-conheca-a-historia-da-farmaceutica-joyce-fernandes,301
www.crf-al.org.br/dia-nacional-de-prevencao-a-obesidade-conheca-a-historia-da-farmaceutica-joyce-fernandes,https://institucional.crf-al.org.br/imprensa/noticias/dia-nacional-de-prevencao-a-obesidade-conheca-a-historia-da-farmaceutica-joyce-fernandes,301
www.crf-al.org.br/gripes_na_gestacao_aumentam_risco_de_a_crianca_ter_asma_sugere_estudo/,https://institucional.crf-al.org.br/imprensa/noticias/gripes_na_gestacao_aumentam_risco_de_a_crianca_ter_asma_sugere_estudo,301
www.crf-al.org.br/gripes_na_gestacao_aumentam_risco_de_a_crianca_ter_asma_sugere_estudo,https://institucional.crf-al.org.br/imprensa/noticias/gripes_na_gestacao_aumentam_risco_de_a_crianca_ter_asma_sugere_estudo,301
www.crf-al.org.br/marcia-padro-fala-dos-avancos-da-assistencia-farmaceutica-no-pilar/,https://institucional.crf-al.org.br/imprensa/noticias/marcia-padro-fala-dos-avancos-da-assistencia-farmaceutica-no-pilar,301
www.crf-al.org.br/marcia-padro-fala-dos-avancos-da-assistencia-farmaceutica-no-pilar,https://institucional.crf-al.org.br/imprensa/noticias/marcia-padro-fala-dos-avancos-da-assistencia-farmaceutica-no-pilar,301
www.crf-al.org.br/emagrecimento-e-suplementacao-foram-temas-de-palestra-para-farmaceuticos-do-interior/,https://institucional.crf-al.org.br/imprensa/noticias/emagrecimento-e-suplementacao-foram-temas-de-palestra-para-farmaceuticos-do-interior,301
www.crf-al.org.br/emagrecimento-e-suplementacao-foram-temas-de-palestra-para-farmaceuticos-do-interior,https://institucional.crf-al.org.br/imprensa/noticias/emagrecimento-e-suplementacao-foram-temas-de-palestra-para-farmaceuticos-do-interior,301
www.crf-al.org.br/stf-julga-direito-de-responsabilidade-tecnica-para-tecnico-em-farmacia/,https://institucional.crf-al.org.br/imprensa/noticias/stf-julga-direito-de-responsabilidade-tecnica-para-tecnico-em-farmacia,301
www.crf-al.org.br/stf-julga-direito-de-responsabilidade-tecnica-para-tecnico-em-farmacia,https://institucional.crf-al.org.br/imprensa/noticias/stf-julga-direito-de-responsabilidade-tecnica-para-tecnico-em-farmacia,301
www.crf-al.org.br/os-linfomas-sao-oitava-forma-mais-comum-de-cancer-no-brasil/,https://institucional.crf-al.org.br/imprensa/noticias/os-linfomas-sao-oitava-forma-mais-comum-de-cancer-no-brasil,301
www.crf-al.org.br/os-linfomas-sao-oitava-forma-mais-comum-de-cancer-no-brasil,https://institucional.crf-al.org.br/imprensa/noticias/os-linfomas-sao-oitava-forma-mais-comum-de-cancer-no-brasil,301
www.crf-al.org.br/vacina_experimental_contra_malaria_imita_picada_de_mosquito/,https://institucional.crf-al.org.br/imprensa/noticias/vacina_experimental_contra_malaria_imita_picada_de_mosquito,301
www.crf-al.org.br/vacina_experimental_contra_malaria_imita_picada_de_mosquito,https://institucional.crf-al.org.br/imprensa/noticias/vacina_experimental_contra_malaria_imita_picada_de_mosquito,301
www.crf-al.org.br/dor_fetal_motiva_debate_sobre_aborto/,https://institucional.crf-al.org.br/imprensa/noticias/dor_fetal_motiva_debate_sobre_aborto,301
www.crf-al.org.br/dor_fetal_motiva_debate_sobre_aborto,https://institucional.crf-al.org.br/imprensa/noticias/dor_fetal_motiva_debate_sobre_aborto,301
www.crf-al.org.br/categoria/blog/,https://institucional.crf-al.org.br/imprensa/noticias,301
www.crf-al.org.br/categoria/blog,https://institucional.crf-al.org.br/imprensa/noticias,301
www.crf-al.org.br/zika_congenita_o_mais_novo_desafio_para_os_medicos/,https://institucional.crf-al.org.br/imprensa/noticias/zika_congenita_o_mais_novo_desafio_para_os_medicos,301
www.crf-al.org.br/zika_congenita_o_mais_novo_desafio_para_os_medicos,https://institucional.crf-al.org.br/imprensa/noticias/zika_congenita_o_mais_novo_desafio_para_os_medicos,301
www.crf-al.org.br/virus_teve_mais_de_300_mutacoes_geneticas/,https://institucional.crf-al.org.br/imprensa/noticias/virus_teve_mais_de_300_mutacoes_geneticas,301
www.crf-al.org.br/virus_teve_mais_de_300_mutacoes_geneticas,https://institucional.crf-al.org.br/imprensa/noticias/virus_teve_mais_de_300_mutacoes_geneticas,301
www.crf-al.org.br/nota-de-repudio-contra-prefeitura-de-quebrangulo/,https://institucional.crf-al.org.br/imprensa/noticias/nota-de-repudio-contra-prefeitura-de-quebrangulo,301
www.crf-al.org.br/nota-de-repudio-contra-prefeitura-de-quebrangulo,https://institucional.crf-al.org.br/imprensa/noticias/nota-de-repudio-contra-prefeitura-de-quebrangulo,301
www.crf-al.org.br/farmaceuticos-sao-reconhecidos-como-referencia-em-analises-clinicas-em-penedo/,https://institucional.crf-al.org.br/imprensa/noticias/farmaceuticos-sao-reconhecidos-como-referencia-em-analises-clinicas-em-penedo,301
www.crf-al.org.br/farmaceuticos-sao-reconhecidos-como-referencia-em-analises-clinicas-em-penedo,https://institucional.crf-al.org.br/imprensa/noticias/farmaceuticos-sao-reconhecidos-como-referencia-em-analises-clinicas-em-penedo,301
www.crf-al.org.br/cigarro_e_responsavel_por_quase_50_das_mortes_por_12_tipos_de_cancer/,https://institucional.crf-al.org.br/imprensa/noticias/cigarro_e_responsavel_por_quase_50_das_mortes_por_12_tipos_de_cancer,301
www.crf-al.org.br/cigarro_e_responsavel_por_quase_50_das_mortes_por_12_tipos_de_cancer,https://institucional.crf-al.org.br/imprensa/noticias/cigarro_e_responsavel_por_quase_50_das_mortes_por_12_tipos_de_cancer,301
www.crf-al.org.br/crf-al-e-cro-al-realizam-encontro-para-discutir-a-integracao-entre-farmaceuticos-e-dentistas-na-assistencia-a-saude/,https://institucional.crf-al.org.br/imprensa/noticias/crf-al-e-cro-al-realizam-encontro-para-discutir-a-integracao-entre-farmaceuticos-e-dentistas-na-assistencia-a-saude,301
www.crf-al.org.br/crf-al-e-cro-al-realizam-encontro-para-discutir-a-integracao-entre-farmaceuticos-e-dentistas-na-assistencia-a-saude,https://institucional.crf-al.org.br/imprensa/noticias/crf-al-e-cro-al-realizam-encontro-para-discutir-a-integracao-entre-farmaceuticos-e-dentistas-na-assistencia-a-saude,301
www.crf-al.org.br/laboratorios_clinicos_denunciam_planos_de_saude_na_ans/,https://institucional.crf-al.org.br/imprensa/noticias/laboratorios_clinicos_denunciam_planos_de_saude_na_ans,301
www.crf-al.org.br/laboratorios_clinicos_denunciam_planos_de_saude_na_ans,https://institucional.crf-al.org.br/imprensa/noticias/laboratorios_clinicos_denunciam_planos_de_saude_na_ans,301
www.crf-al.org.br/parceiros/,https://institucional.crf-al.org.br/instituicao,301
www.crf-al.org.br/parceiros,https://institucional.crf-al.org.br/instituicao,301
www.crf-al.org.br/receitas_passarao_a_valer_por_180_dias_para_remedios_do_programa_farmacia_popular/,https://institucional.crf-al.org.br/imprensa/noticias/receitas_passarao_a_valer_por_180_dias_para_remedios_do_programa_farmacia_popular,301
www.crf-al.org.br/receitas_passarao_a_valer_por_180_dias_para_remedios_do_programa_farmacia_popular,https://institucional.crf-al.org.br/imprensa/noticias/receitas_passarao_a_valer_por_180_dias_para_remedios_do_programa_farmacia_popular,301
www.crf-al.org.br/botox_ajuda_a_tratar_paralisia_rigidez_muscular_e_ate_enxaqueca/,https://institucional.crf-al.org.br/imprensa/noticias/botox_ajuda_a_tratar_paralisia_rigidez_muscular_e_ate_enxaqueca,301
www.crf-al.org.br/botox_ajuda_a_tratar_paralisia_rigidez_muscular_e_ate_enxaqueca,https://institucional.crf-al.org.br/imprensa/noticias/botox_ajuda_a_tratar_paralisia_rigidez_muscular_e_ate_enxaqueca,301
www.crf-al.org.br/confira-o-passo-passo-da-votacao/,https://institucional.crf-al.org.br/imprensa/noticias/confira-o-passo-passo-da-votacao,301
www.crf-al.org.br/confira-o-passo-passo-da-votacao,https://institucional.crf-al.org.br/imprensa/noticias/confira-o-passo-passo-da-votacao,301
www.crf-al.org.br/dia-nacional-do-farmaceutico-crf-al-destaca-uso-de-inteligencia-artificial-na-profissao-farmaceutica/,https://institucional.crf-al.org.br/imprensa/noticias/dia-nacional-do-farmaceutico-crf-al-destaca-uso-de-inteligencia-artificial-na-profissao-farmaceutica,301
www.crf-al.org.br/dia-nacional-do-farmaceutico-crf-al-destaca-uso-de-inteligencia-artificial-na-profissao-farmaceutica,https://institucional.crf-al.org.br/imprensa/noticias/dia-nacional-do-farmaceutico-crf-al-destaca-uso-de-inteligencia-artificial-na-profissao-farmaceutica,301
www.crf-al.org.br/curso-farmalibras-e-aberto-aos-estudantes-do-ultimo-ano-de-graduacao-em-farmacia/,https://institucional.crf-al.org.br/imprensa/noticias/curso-farmalibras-e-aberto-aos-estudantes-do-ultimo-ano-de-graduacao-em-farmacia,301
www.crf-al.org.br/curso-farmalibras-e-aberto-aos-estudantes-do-ultimo-ano-de-graduacao-em-farmacia,https://institucional.crf-al.org.br/imprensa/noticias/curso-farmalibras-e-aberto-aos-estudantes-do-ultimo-ano-de-graduacao-em-farmacia,301
www.crf-al.org.br/crf-al-recebe-apoio-do-conselho-de-medicina-contra-as-prescricoes-ilegiveis/,https://institucional.crf-al.org.br/imprensa/noticias/crf-al-recebe-apoio-do-conselho-de-medicina-contra-as-prescricoes-ilegiveis,301
www.crf-al.org.br/crf-al-recebe-apoio-do-conselho-de-medicina-contra-as-prescricoes-ilegiveis,https://institucional.crf-al.org.br/imprensa/noticias/crf-al-recebe-apoio-do-conselho-de-medicina-contra-as-prescricoes-ilegiveis,301
www.crf-al.org.br/medicina_busca_implante_capilar_mais_real/,https://institucional.crf-al.org.br/imprensa/noticias/medicina_busca_implante_capilar_mais_real,301
www.crf-al.org.br/medicina_busca_implante_capilar_mais_real,https://institucional.crf-al.org.br/imprensa/noticias/medicina_busca_implante_capilar_mais_real,301
www.crf-al.org.br/diretora-secretaria-do-crf-al-flavia-dabbur-orienta-sobre-compra-e-uso-de-repelentes/,https://institucional.crf-al.org.br/imprensa/noticias/diretora-secretaria-do-crf-al-flavia-dabbur-orienta-sobre-compra-e-uso-de-repelentes,301
www.crf-al.org.br/diretora-secretaria-do-crf-al-flavia-dabbur-orienta-sobre-compra-e-uso-de-repelentes,https://institucional.crf-al.org.br/imprensa/noticias/diretora-secretaria-do-crf-al-flavia-dabbur-orienta-sobre-compra-e-uso-de-repelentes,301
www.crf-al.org.br/medicamentos-genericos-tem-tratamento-eficaz-garante-presidente-em-exercicio-do-crf-al-robert-nicacio/,https://institucional.crf-al.org.br/imprensa/noticias/medicamentos-genericos-tem-tratamento-eficaz-garante-presidente-em-exercicio-do-crf-al-robert-nicacio,301
www.crf-al.org.br/medicamentos-genericos-tem-tratamento-eficaz-garante-presidente-em-exercicio-do-crf-al-robert-nicacio,https://institucional.crf-al.org.br/imprensa/noticias/medicamentos-genericos-tem-tratamento-eficaz-garante-presidente-em-exercicio-do-crf-al-robert-nicacio,301
www.crf-al.org.br/crf-al-promove-live-com-tiago-bocalon-e-flavia-albuquerque/,https://institucional.crf-al.org.br/imprensa/noticias/crf-al-promove-live-com-tiago-bocalon-e-flavia-albuquerque,301
www.crf-al.org.br/crf-al-promove-live-com-tiago-bocalon-e-flavia-albuquerque,https://institucional.crf-al.org.br/imprensa/noticias/crf-al-promove-live-com-tiago-bocalon-e-flavia-albuquerque,301
www.crf-al.org.br/fundacao-oswaldo-cruz-abre-concurso-com-300-vagas-para-farmaceuticos/,https://institucional.crf-al.org.br/imprensa/noticias/fundacao-oswaldo-cruz-abre-concurso-com-300-vagas-para-farmaceuticos,301
www.crf-al.org.br/fundacao-oswaldo-cruz-abre-concurso-com-300-vagas-para-farmaceuticos,https://institucional.crf-al.org.br/imprensa/noticias/fundacao-oswaldo-cruz-abre-concurso-com-300-vagas-para-farmaceuticos,301
www.crf-al.org.br/fiocruz_comprova_relacao_entre_zika_e_doenca_rara/,https://institucional.crf-al.org.br/imprensa/noticias/fiocruz_comprova_relacao_entre_zika_e_doenca_rara,301
www.crf-al.org.br/fiocruz_comprova_relacao_entre_zika_e_doenca_rara,https://institucional.crf-al.org.br/imprensa/noticias/fiocruz_comprova_relacao_entre_zika_e_doenca_rara,301
www.crf-al.org.br/retirada_de_medicamento_envolve_riscos/,https://institucional.crf-al.org.br/imprensa/noticias/retirada_de_medicamento_envolve_riscos,301
www.crf-al.org.br/retirada_de_medicamento_envolve_riscos,https://institucional.crf-al.org.br/imprensa/noticias/retirada_de_medicamento_envolve_riscos,301
www.crf-al.org.br/veja_mitos_e_verdades_sobre_doacao_de_sangue_e_saiba_como_ser_doador/,https://institucional.crf-al.org.br/imprensa/noticias/veja_mitos_e_verdades_sobre_doacao_de_sangue_e_saiba_como_ser_doador,301
www.crf-al.org.br/veja_mitos_e_verdades_sobre_doacao_de_sangue_e_saiba_como_ser_doador,https://institucional.crf-al.org.br/imprensa/noticias/veja_mitos_e_verdades_sobre_doacao_de_sangue_e_saiba_como_ser_doador,301
www.crf-al.org.br/farmaceuticos_criticam_mp_que_flexibiliza_presenca_em_farmacias/,https://institucional.crf-al.org.br/imprensa/noticias/farmaceuticos_criticam_mp_que_flexibiliza_presenca_em_farmacias,301
www.crf-al.org.br/farmaceuticos_criticam_mp_que_flexibiliza_presenca_em_farmacias,https://institucional.crf-al.org.br/imprensa/noticias/farmaceuticos_criticam_mp_que_flexibiliza_presenca_em_farmacias,301
www.crf-al.org.br/distribuicao_de_capsulas_contra_cancer_e_vetada/,https://institucional.crf-al.org.br/imprensa/noticias/distribuicao_de_capsulas_contra_cancer_e_vetada,301
www.crf-al.org.br/distribuicao_de_capsulas_contra_cancer_e_vetada,https://institucional.crf-al.org.br/imprensa/noticias/distribuicao_de_capsulas_contra_cancer_e_vetada,301
www.crf-al.org.br/dia-mundial-sem-tabaco/,https://institucional.crf-al.org.br/imprensa/noticias/dia-mundial-sem-tabaco,301
www.crf-al.org.br/dia-mundial-sem-tabaco,https://institucional.crf-al.org.br/imprensa/noticias/dia-mundial-sem-tabaco,301
www.crf-al.org.br/publicacoes/,https://institucional.crf-al.org.br/,301
www.crf-al.org.br/publicacoes,https://institucional.crf-al.org.br/,301
www.crf-al.org.br/parceiro/conselho-federal-de-farmacia/,https://institucional.crf-al.org.br/instituicao/sobre-conselho,301
www.crf-al.org.br/parceiro/conselho-federal-de-farmacia,https://institucional.crf-al.org.br/instituicao/sobre-conselho,301
www.crf-al.org.br/substancia_encontrada_na_laranja_combate_a_ansiedade_diz_pesquisa/,https://institucional.crf-al.org.br/imprensa/noticias/substancia_encontrada_na_laranja_combate_a_ansiedade_diz_pesquisa,301
www.crf-al.org.br/substancia_encontrada_na_laranja_combate_a_ansiedade_diz_pesquisa,https://institucional.crf-al.org.br/imprensa/noticias/substancia_encontrada_na_laranja_combate_a_ansiedade_diz_pesquisa,301
www.crf-al.org.br/mercosul_fara_compra_conjunta_de_remedios/,https://institucional.crf-al.org.br/imprensa/noticias/mercosul_fara_compra_conjunta_de_remedios,301
www.crf-al.org.br/mercosul_fara_compra_conjunta_de_remedios,https://institucional.crf-al.org.br/imprensa/noticias/mercosul_fara_compra_conjunta_de_remedios,301
www.crf-al.org.br/pode_o_avc_acontecer_em_qualquer_idade/,https://institucional.crf-al.org.br/imprensa/noticias/pode_o_avc_acontecer_em_qualquer_idade,301
www.crf-al.org.br/pode_o_avc_acontecer_em_qualquer_idade,https://institucional.crf-al.org.br/imprensa/noticias/pode_o_avc_acontecer_em_qualquer_idade,301
www.crf-al.org.br/luto-joao-yosikazu-maeda/,https://institucional.crf-al.org.br/imprensa/noticias/luto-joao-yosikazu-maeda,301
www.crf-al.org.br/luto-joao-yosikazu-maeda,https://institucional.crf-al.org.br/imprensa/noticias/luto-joao-yosikazu-maeda,301
www.crf-al.org.br/crfal-tv/,https://institucional.crf-al.org.br/,301
www.crf-al.org.br/crfal-tv,https://institucional.crf-al.org.br/,301
www.crf-al.org.br/tag/farmacia/,https://institucional.crf-al.org.br/imprensa/noticias,301
www.crf-al.org.br/tag/farmacia,https://institucional.crf-al.org.br/imprensa/noticias,301
www.crf-al.org.br/dengue_faz_femea_do_mosquito_ficar_tres_vezes_mais_sedenta_de_sangue/,https://institucional.crf-al.org.br/imprensa/noticias/dengue_faz_femea_do_mosquito_ficar_tres_vezes_mais_sedenta_de_sangue,301
www.crf-al.org.br/dengue_faz_femea_do_mosquito_ficar_tres_vezes_mais_sedenta_de_sangue,https://institucional.crf-al.org.br/imprensa/noticias/dengue_faz_femea_do_mosquito_ficar_tres_vezes_mais_sedenta_de_sangue,301
www.crf-al.org.br/porta-voz-dos-farmaceuticos-vanessa-veiga-e-eleita-delegada-da-6a-regiao-de-saude/,https://institucional.crf-al.org.br/imprensa/noticias/porta-voz-dos-farmaceuticos-vanessa-veiga-e-eleita-delegada-da-6a-regiao-de-saude,301
www.crf-al.org.br/porta-voz-dos-farmaceuticos-vanessa-veiga-e-eleita-delegada-da-6a-regiao-de-saude,https://institucional.crf-al.org.br/imprensa/noticias/porta-voz-dos-farmaceuticos-vanessa-veiga-e-eleita-delegada-da-6a-regiao-de-saude,301
www.crf-al.org.br/idosos_doentes_sao_dispensados_de_ir_a_orgaos_publicos/,https://institucional.crf-al.org.br/imprensa/noticias/idosos_doentes_sao_dispensados_de_ir_a_orgaos_publicos,301
www.crf-al.org.br/idosos_doentes_sao_dispensados_de_ir_a_orgaos_publicos,https://institucional.crf-al.org.br/imprensa/noticias/idosos_doentes_sao_dispensados_de_ir_a_orgaos_publicos,301
www.crf-al.org.br/luz_no_combate_a_infeccoes_decorrentes_de_diabetes/,https://institucional.crf-al.org.br/imprensa/noticias/luz_no_combate_a_infeccoes_decorrentes_de_diabetes,301
www.crf-al.org.br/luz_no_combate_a_infeccoes_decorrentes_de_diabetes,https://institucional.crf-al.org.br/imprensa/noticias/luz_no_combate_a_infeccoes_decorrentes_de_diabetes,301
www.crf-al.org.br/nota-de-esclarecimento-6/,https://institucional.crf-al.org.br/imprensa/noticias/nota-de-esclarecimento-6,301
www.crf-al.org.br/nota-de-esclarecimento-6,https://institucional.crf-al.org.br/imprensa/noticias/nota-de-esclarecimento-6,301
www.crf-al.org.br/covid-19-florais-de-bach-podem-ajudar-enfrentar-o-isolamento-social/,https://institucional.crf-al.org.br/imprensa/noticias/covid-19-florais-de-bach-podem-ajudar-enfrentar-o-isolamento-social,301
www.crf-al.org.br/covid-19-florais-de-bach-podem-ajudar-enfrentar-o-isolamento-social,https://institucional.crf-al.org.br/imprensa/noticias/covid-19-florais-de-bach-podem-ajudar-enfrentar-o-isolamento-social,301
www.crf-al.org.br/mobilizacao_pede_atualizacao_da_tabela_do_sus_para_exames_laboratoriais/,https://institucional.crf-al.org.br/imprensa/noticias/mobilizacao_pede_atualizacao_da_tabela_do_sus_para_exames_laboratoriais,301
www.crf-al.org.br/mobilizacao_pede_atualizacao_da_tabela_do_sus_para_exames_laboratoriais,https://institucional.crf-al.org.br/imprensa/noticias/mobilizacao_pede_atualizacao_da_tabela_do_sus_para_exames_laboratoriais,301
www.crf-al.org.br/pancreas_bionico_feito_com_iphone_combate_diabetes_com_eficacia/,https://institucional.crf-al.org.br/imprensa/noticias/pancreas_bionico_feito_com_iphone_combate_diabetes_com_eficacia,301
www.crf-al.org.br/pancreas_bionico_feito_com_iphone_combate_diabetes_com_eficacia,https://institucional.crf-al.org.br/imprensa/noticias/pancreas_bionico_feito_com_iphone_combate_diabetes_com_eficacia,301
www.crf-al.org.br/termos-de-uso/,https://institucional.crf-al.org.br/termos-de-uso,301
www.crf-al.org.br/termos-de-uso,https://institucional.crf-al.org.br/termos-de-uso,301
www.crf-al.org.br/cirurgioes_usarao_impressao_3d_para_reconstruir_rosto_de_paciente/,https://institucional.crf-al.org.br/imprensa/noticias/cirurgioes_usarao_impressao_3d_para_reconstruir_rosto_de_paciente,301
www.crf-al.org.br/cirurgioes_usarao_impressao_3d_para_reconstruir_rosto_de_paciente,https://institucional.crf-al.org.br/imprensa/noticias/cirurgioes_usarao_impressao_3d_para_reconstruir_rosto_de_paciente,301
www.crf-al.org.br/estudo_europeu_cria_celulas_produtoras_de_insulina_capazes_de_curar_diabetes/,https://institucional.crf-al.org.br/imprensa/noticias/estudo_europeu_cria_celulas_produtoras_de_insulina_capazes_de_curar_diabetes,301
www.crf-al.org.br/estudo_europeu_cria_celulas_produtoras_de_insulina_capazes_de_curar_diabetes,https://institucional.crf-al.org.br/imprensa/noticias/estudo_europeu_cria_celulas_produtoras_de_insulina_capazes_de_curar_diabetes,301
www.crf-al.org.br/resolucao_que_preve_prescricao_de_remedio_por_farmaceutico_e_publicada/,https://institucional.crf-al.org.br/imprensa/noticias/resolucao_que_preve_prescricao_de_remedio_por_farmaceutico_e_publicada,301
www.crf-al.org.br/resolucao_que_preve_prescricao_de_remedio_por_farmaceutico_e_publicada,https://institucional.crf-al.org.br/imprensa/noticias/resolucao_que_preve_prescricao_de_remedio_por_farmaceutico_e_publicada,301
www.crf-al.org.br/publicado-o-acordao-manipulacao-de-antineoplasicos-e-privativa-do-farmaceutico/,https://institucional.crf-al.org.br/imprensa/noticias/publicado-o-acordao-manipulacao-de-antineoplasicos-e-privativa-do-farmaceutico,301
www.crf-al.org.br/publicado-o-acordao-manipulacao-de-antineoplasicos-e-privativa-do-farmaceutico,https://institucional.crf-al.org.br/imprensa/noticias/publicado-o-acordao-manipulacao-de-antineoplasicos-e-privativa-do-farmaceutico,301
www.crf-al.org.br/nota-de-falecimento-2/,https://institucional.crf-al.org.br/imprensa/noticias/nota-de-falecimento-2,301
www.crf-al.org.br/nota-de-falecimento-2,https://institucional.crf-al.org.br/imprensa/noticias/nota-de-falecimento-2,301
www.crf-al.org.br/campanha_do_cff_orienta_farmacia_sem_farmaceutico_nao_e_legal/,https://institucional.crf-al.org.br/imprensa/noticias/campanha_do_cff_orienta_farmacia_sem_farmaceutico_nao_e_legal,301
www.crf-al.org.br/campanha_do_cff_orienta_farmacia_sem_farmaceutico_nao_e_legal,https://institucional.crf-al.org.br/imprensa/noticias/campanha_do_cff_orienta_farmacia_sem_farmaceutico_nao_e_legal,301
www.crf-al.org.br/dia-nacional-do-farmaceutico-crf-al-distribui-de-protetores-solares-em-maceio-e-arapiraca/,https://institucional.crf-al.org.br/imprensa/noticias/dia-nacional-do-farmaceutico-crf-al-distribui-de-protetores-solares-em-maceio-e-arapiraca,301
www.crf-al.org.br/dia-nacional-do-farmaceutico-crf-al-distribui-de-protetores-solares-em-maceio-e-arapiraca,https://institucional.crf-al.org.br/imprensa/noticias/dia-nacional-do-farmaceutico-crf-al-distribui-de-protetores-solares-em-maceio-e-arapiraca,301
www.crf-al.org.br/vacina_contra_ebola_tem_exito_em_teste_e_pode_acabar_com_surto_diz_oms/,https://institucional.crf-al.org.br/imprensa/noticias/vacina_contra_ebola_tem_exito_em_teste_e_pode_acabar_com_surto_diz_oms,301
www.crf-al.org.br/vacina_contra_ebola_tem_exito_em_teste_e_pode_acabar_com_surto_diz_oms,https://institucional.crf-al.org.br/imprensa/noticias/vacina_contra_ebola_tem_exito_em_teste_e_pode_acabar_com_surto_diz_oms,301
www.crf-al.org.br/7379-2/,https://institucional.crf-al.org.br/imprensa/noticias/7379-2,301
www.crf-al.org.br/7379-2,https://institucional.crf-al.org.br/imprensa/noticias/7379-2,301
www.crf-al.org.br/hpv_aumenta_incidencia_de_cancer_de_boca_e_garganta_entre_jovens/,https://institucional.crf-al.org.br/imprensa/noticias/hpv_aumenta_incidencia_de_cancer_de_boca_e_garganta_entre_jovens,301
www.crf-al.org.br/hpv_aumenta_incidencia_de_cancer_de_boca_e_garganta_entre_jovens,https://institucional.crf-al.org.br/imprensa/noticias/hpv_aumenta_incidencia_de_cancer_de_boca_e_garganta_entre_jovens,301
www.crf-al.org.br/filhos_podem_herdar_obesidade_do_pai_pelo_esperma_diz_estudo/,https://institucional.crf-al.org.br/imprensa/noticias/filhos_podem_herdar_obesidade_do_pai_pelo_esperma_diz_estudo,301
www.crf-al.org.br/filhos_podem_herdar_obesidade_do_pai_pelo_esperma_diz_estudo,https://institucional.crf-al.org.br/imprensa/noticias/filhos_podem_herdar_obesidade_do_pai_pelo_esperma_diz_estudo,301
www.crf-al.org.br/horario-de-funcionamento-nos-jogos-do-brasil/,https://institucional.crf-al.org.br/imprensa/noticias/horario-de-funcionamento-nos-jogos-do-brasil,301
www.crf-al.org.br/horario-de-funcionamento-nos-jogos-do-brasil,https://institucional.crf-al.org.br/imprensa/noticias/horario-de-funcionamento-nos-jogos-do-brasil,301
www.crf-al.org.br/representante_do_crf_al_conhece_projeto_farmacia_viva_do_ceara/,https://institucional.crf-al.org.br/imprensa/noticias/representante_do_crf_al_conhece_projeto_farmacia_viva_do_ceara,301
www.crf-al.org.br/representante_do_crf_al_conhece_projeto_farmacia_viva_do_ceara,https://institucional.crf-al.org.br/imprensa/noticias/representante_do_crf_al_conhece_projeto_farmacia_viva_do_ceara,301
www.crf-al.org.br/cura_da_hepatite_c_pode_estar_proxima/,https://institucional.crf-al.org.br/imprensa/noticias/cura_da_hepatite_c_pode_estar_proxima,301
www.crf-al.org.br/cura_da_hepatite_c_pode_estar_proxima,https://institucional.crf-al.org.br/imprensa/noticias/cura_da_hepatite_c_pode_estar_proxima,301
www.crf-al.org.br/farmace-faz-recolhimento-voluntario-de-dipirona-monoidratada/,https://institucional.crf-al.org.br/imprensa/noticias/farmace-faz-recolhimento-voluntario-de-dipirona-monoidratada,301
www.crf-al.org.br/farmace-faz-recolhimento-voluntario-de-dipirona-monoidratada,https://institucional.crf-al.org.br/imprensa/noticias/farmace-faz-recolhimento-voluntario-de-dipirona-monoidratada,301
www.crf-al.org.br/comissoes/,https://institucional.crf-al.org.br/instituicao/sobre-conselho,301
www.crf-al.org.br/comissoes,https://institucional.crf-al.org.br/instituicao/sobre-conselho,301
www.crf-al.org.br/anvisa-divulga-perguntas-e-respostas-sobre-questoes-recorrentes-da-covid-19/,https://institucional.crf-al.org.br/imprensa/noticias/anvisa-divulga-perguntas-e-respostas-sobre-questoes-recorrentes-da-covid-19,301
www.crf-al.org.br/anvisa-divulga-perguntas-e-respostas-sobre-questoes-recorrentes-da-covid-19,https://institucional.crf-al.org.br/imprensa/noticias/anvisa-divulga-perguntas-e-respostas-sobre-questoes-recorrentes-da-covid-19,301
www.crf-al.org.br/crf_al_inicia_campanha_de_descarte_de_medicamentos_no_dia_do_meio_ambiente/,https://institucional.crf-al.org.br/imprensa/noticias/crf_al_inicia_campanha_de_descarte_de_medicamentos_no_dia_do_meio_ambiente,301
www.crf-al.org.br/crf_al_inicia_campanha_de_descarte_de_medicamentos_no_dia_do_meio_ambiente,https://institucional.crf-al.org.br/imprensa/noticias/crf_al_inicia_campanha_de_descarte_de_medicamentos_no_dia_do_meio_ambiente,301
www.crf-al.org.br/stf-derruba-lei-que-permitia-venda-de-medicamentos-para-emagrecer-no-brasil/,https://institucional.crf-al.org.br/imprensa/noticias/stf-derruba-lei-que-permitia-venda-de-medicamentos-para-emagrecer-no-brasil,301
www.crf-al.org.br/stf-derruba-lei-que-permitia-venda-de-medicamentos-para-emagrecer-no-brasil,https://institucional.crf-al.org.br/imprensa/noticias/stf-derruba-lei-que-permitia-venda-de-medicamentos-para-emagrecer-no-brasil,301
www.crf-al.org.br/presidente-do-crf-al-participa-da-semana-de-atencao-a-saude-promovida-pelo-tre-al/,https://institucional.crf-al.org.br/imprensa/noticias/presidente-do-crf-al-participa-da-semana-de-atencao-a-saude-promovida-pelo-tre-al,301
www.crf-al.org.br/presidente-do-crf-al-participa-da-semana-de-atencao-a-saude-promovida-pelo-tre-al,https://institucional.crf-al.org.br/imprensa/noticias/presidente-do-crf-al-participa-da-semana-de-atencao-a-saude-promovida-pelo-tre-al,301
www.crf-al.org.br/edicao_genica_corta_e_muda_dna_para_combater_doencas_como_a_malaria/,https://institucional.crf-al.org.br/imprensa/noticias/edicao_genica_corta_e_muda_dna_para_combater_doencas_como_a_malaria,301
www.crf-al.org.br/edicao_genica_corta_e_muda_dna_para_combater_doencas_como_a_malaria,https://institucional.crf-al.org.br/imprensa/noticias/edicao_genica_corta_e_muda_dna_para_combater_doencas_como_a_malaria,301
www.crf-al.org.br/crf-promove-simposio-de-farmacia-do-agreste-e-sertao-alagoano-em-arapiraca/,https://institucional.crf-al.org.br/imprensa/noticias/crf-promove-simposio-de-farmacia-do-agreste-e-sertao-alagoano-em-arapiraca,301
www.crf-al.org.br/crf-promove-simposio-de-farmacia-do-agreste-e-sertao-alagoano-em-arapiraca,https://institucional.crf-al.org.br/imprensa/noticias/crf-promove-simposio-de-farmacia-do-agreste-e-sertao-alagoano-em-arapiraca,301
www.crf-al.org.br/novo_documento_define_normas_no_controle_da_pressao_alta/,https://institucional.crf-al.org.br/imprensa/noticias/novo_documento_define_normas_no_controle_da_pressao_alta,301
www.crf-al.org.br/novo_documento_define_normas_no_controle_da_pressao_alta,https://institucional.crf-al.org.br/imprensa/noticias/novo_documento_define_normas_no_controle_da_pressao_alta,301
www.crf-al.org.br/estados_unidos_proibem_gordura_trans_em_alimentos/,https://institucional.crf-al.org.br/imprensa/noticias/estados_unidos_proibem_gordura_trans_em_alimentos,301
www.crf-al.org.br/estados_unidos_proibem_gordura_trans_em_alimentos,https://institucional.crf-al.org.br/imprensa/noticias/estados_unidos_proibem_gordura_trans_em_alimentos,301
www.crf-al.org.br/cenario_e_grave_e_microcefalia_pode_se_espalhar_pelo_pais/,https://institucional.crf-al.org.br/imprensa/noticias/cenario_e_grave_e_microcefalia_pode_se_espalhar_pelo_pais,301
www.crf-al.org.br/cenario_e_grave_e_microcefalia_pode_se_espalhar_pelo_pais,https://institucional.crf-al.org.br/imprensa/noticias/cenario_e_grave_e_microcefalia_pode_se_espalhar_pelo_pais,301
www.crf-al.org.br/atendimento-presencial-so-por-agendamento-partir-de-segunda-22/,https://institucional.crf-al.org.br/imprensa/noticias/atendimento-presencial-so-por-agendamento-partir-de-segunda-22,301
www.crf-al.org.br/atendimento-presencial-so-por-agendamento-partir-de-segunda-22,https://institucional.crf-al.org.br/imprensa/noticias/atendimento-presencial-so-por-agendamento-partir-de-segunda-22,301
www.crf-al.org.br/dia-do-amigo-boas-amizades-impactam-diretamente-no-tratamento-de-saude/,https://institucional.crf-al.org.br/imprensa/noticias/dia-do-amigo-boas-amizades-impactam-diretamente-no-tratamento-de-saude,301
www.crf-al.org.br/dia-do-amigo-boas-amizades-impactam-diretamente-no-tratamento-de-saude,https://institucional.crf-al.org.br/imprensa/noticias/dia-do-amigo-boas-amizades-impactam-diretamente-no-tratamento-de-saude,301
www.crf-al.org.br/ead-nota-de-protesto-contra-o-novo-marco-regulatorio-da-educacao-a-distancia-em-saude/,https://institucional.crf-al.org.br/imprensa/noticias/ead-nota-de-protesto-contra-o-novo-marco-regulatorio-da-educacao-a-distancia-em-saude,301
www.crf-al.org.br/ead-nota-de-protesto-contra-o-novo-marco-regulatorio-da-educacao-a-distancia-em-saude,https://institucional.crf-al.org.br/imprensa/noticias/ead-nota-de-protesto-contra-o-novo-marco-regulatorio-da-educacao-a-distancia-em-saude,301
www.crf-al.org.br/pl-que-reconhece-atuacao-do-farmaceutico-na-saude-estetica-e-aprovado-na-comissao-de-trabalho/,https://institucional.crf-al.org.br/imprensa/noticias/pl-que-reconhece-atuacao-do-farmaceutico-na-saude-estetica-e-aprovado-na-comissao-de-trabalho,301
www.crf-al.org.br/pl-que-reconhece-atuacao-do-farmaceutico-na-saude-estetica-e-aprovado-na-comissao-de-trabalho,https://institucional.crf-al.org.br/imprensa/noticias/pl-que-reconhece-atuacao-do-farmaceutico-na-saude-estetica-e-aprovado-na-comissao-de-trabalho,301
www.crf-al.org.br/lxv-reuniao-geral-dos-conselhos-federal-e-regionais-de-farmacia-discute-temas-de-interesse-da-profissao/,https://institucional.crf-al.org.br/imprensa/noticias/lxv-reuniao-geral-dos-conselhos-federal-e-regionais-de-farmacia-discute-temas-de-interesse-da-profissao,301
www.crf-al.org.br/lxv-reuniao-geral-dos-conselhos-federal-e-regionais-de-farmacia-discute-temas-de-interesse-da-profissao,https://institucional.crf-al.org.br/imprensa/noticias/lxv-reuniao-geral-dos-conselhos-federal-e-regionais-de-farmacia-discute-temas-de-interesse-da-profissao,301
www.crf-al.org.br/crf_al_leva_campanha_de_descarte_de_medicamentos_para_arapiraca/,https://institucional.crf-al.org.br/imprensa/noticias/crf_al_leva_campanha_de_descarte_de_medicamentos_para_arapiraca,301
www.crf-al.org.br/crf_al_leva_campanha_de_descarte_de_medicamentos_para_arapiraca,https://institucional.crf-al.org.br/imprensa/noticias/crf_al_leva_campanha_de_descarte_de_medicamentos_para_arapiraca,301
www.crf-al.org.br/remedios_ganham_usos_alem_das_indicacoes_da_bula/,https://institucional.crf-al.org.br/imprensa/noticias/remedios_ganham_usos_alem_das_indicacoes_da_bula,301
www.crf-al.org.br/remedios_ganham_usos_alem_das_indicacoes_da_bula,https://institucional.crf-al.org.br/imprensa/noticias/remedios_ganham_usos_alem_das_indicacoes_da_bula,301
www.crf-al.org.br/chip-da-beleza-farmaceutica-maria-das-gracas-fala-dos-riscos-deste-procedimento/,https://institucional.crf-al.org.br/imprensa/noticias/chip-da-beleza-farmaceutica-maria-das-gracas-fala-dos-riscos-deste-procedimento,301
www.crf-al.org.br/chip-da-beleza-farmaceutica-maria-das-gracas-fala-dos-riscos-deste-procedimento,https://institucional.crf-al.org.br/imprensa/noticias/chip-da-beleza-farmaceutica-maria-das-gracas-fala-dos-riscos-deste-procedimento,301
www.crf-al.org.br/estudo_confirma_risco_alto_de_trombose_em_mulheres_que_tomam_pilula/,https://institucional.crf-al.org.br/imprensa/noticias/estudo_confirma_risco_alto_de_trombose_em_mulheres_que_tomam_pilula,301
www.crf-al.org.br/estudo_confirma_risco_alto_de_trombose_em_mulheres_que_tomam_pilula,https://institucional.crf-al.org.br/imprensa/noticias/estudo_confirma_risco_alto_de_trombose_em_mulheres_que_tomam_pilula,301
www.crf-al.org.br/dependencia_de_memoria_digital_esta_prejudicando_memoria_humana_diz_estudo/,https://institucional.crf-al.org.br/imprensa/noticias/dependencia_de_memoria_digital_esta_prejudicando_memoria_humana_diz_estudo,301
www.crf-al.org.br/dependencia_de_memoria_digital_esta_prejudicando_memoria_humana_diz_estudo,https://institucional.crf-al.org.br/imprensa/noticias/dependencia_de_memoria_digital_esta_prejudicando_memoria_humana_diz_estudo,301
www.crf-al.org.br/vale-do-reginaldo-recebe-acao-social-voltada-ao-uso-racional-de-medicamentos/,https://institucional.crf-al.org.br/imprensa/noticias/vale-do-reginaldo-recebe-acao-social-voltada-ao-uso-racional-de-medicamentos,301
www.crf-al.org.br/vale-do-reginaldo-recebe-acao-social-voltada-ao-uso-racional-de-medicamentos,https://institucional.crf-al.org.br/imprensa/noticias/vale-do-reginaldo-recebe-acao-social-voltada-ao-uso-racional-de-medicamentos,301
www.crf-al.org.br/agosto-dourado-ministerio-da-saude-e-unicef-adotam-politica-de-incentivo-ao-aleitamento-materno/,https://institucional.crf-al.org.br/imprensa/noticias/agosto-dourado-ministerio-da-saude-e-unicef-adotam-politica-de-incentivo-ao-aleitamento-materno,301
www.crf-al.org.br/agosto-dourado-ministerio-da-saude-e-unicef-adotam-politica-de-incentivo-ao-aleitamento-materno,https://institucional.crf-al.org.br/imprensa/noticias/agosto-dourado-ministerio-da-saude-e-unicef-adotam-politica-de-incentivo-ao-aleitamento-materno,301
www.crf-al.org.br/teste_que_detecta_hpv_pode_ser_aliado_de_papanicolau_contra_cancer/,https://institucional.crf-al.org.br/imprensa/noticias/teste_que_detecta_hpv_pode_ser_aliado_de_papanicolau_contra_cancer,301
www.crf-al.org.br/teste_que_detecta_hpv_pode_ser_aliado_de_papanicolau_contra_cancer,https://institucional.crf-al.org.br/imprensa/noticias/teste_que_detecta_hpv_pode_ser_aliado_de_papanicolau_contra_cancer,301
www.crf-al.org.br/alteracao_em_gene_parece_ajudar_no_combate_ao_hiv/,https://institucional.crf-al.org.br/imprensa/noticias/alteracao_em_gene_parece_ajudar_no_combate_ao_hiv,301
www.crf-al.org.br/alteracao_em_gene_parece_ajudar_no_combate_ao_hiv,https://institucional.crf-al.org.br/imprensa/noticias/alteracao_em_gene_parece_ajudar_no_combate_ao_hiv,301
www.crf-al.org.br/crfal-tv/entrevistas/,https://institucional.crf-al.org.br/imprensa/noticias,301
www.crf-al.org.br/crfal-tv/entrevistas,https://institucional.crf-al.org.br/imprensa/noticias,301
www.crf-al.org.br/exercicios_previnem_problemas_de_saude_apos_a_menopausa_diz_unesp/,https://institucional.crf-al.org.br/imprensa/noticias/exercicios_previnem_problemas_de_saude_apos_a_menopausa_diz_unesp,301
www.crf-al.org.br/exercicios_previnem_problemas_de_saude_apos_a_menopausa_diz_unesp,https://institucional.crf-al.org.br/imprensa/noticias/exercicios_previnem_problemas_de_saude_apos_a_menopausa_diz_unesp,301
www.crf-al.org.br/efeitos-colaterais-crfal-alerta-sobre-os-riscos-da-automedicacao-com-antialergicos/,https://institucional.crf-al.org.br/imprensa/noticias/efeitos-colaterais-crfal-alerta-sobre-os-riscos-da-automedicacao-com-antialergicos,301
www.crf-al.org.br/efeitos-colaterais-crfal-alerta-sobre-os-riscos-da-automedicacao-com-antialergicos,https://institucional.crf-al.org.br/imprensa/noticias/efeitos-colaterais-crfal-alerta-sobre-os-riscos-da-automedicacao-com-antialergicos,301
www.crf-al.org.br/cff-vai-criar-grupo-tecnico-para-definir-parametros-de-fiscalizacao-de-rt-diante-do-imbroglio-envolvendo-dispensarios/,https://institucional.crf-al.org.br/imprensa/noticias/cff-vai-criar-grupo-tecnico-para-definir-parametros-de-fiscalizacao-de-rt-diante-do-imbroglio-envolvendo-dispensarios,301
www.crf-al.org.br/cff-vai-criar-grupo-tecnico-para-definir-parametros-de-fiscalizacao-de-rt-diante-do-imbroglio-envolvendo-dispensarios,https://institucional.crf-al.org.br/imprensa/noticias/cff-vai-criar-grupo-tecnico-para-definir-parametros-de-fiscalizacao-de-rt-diante-do-imbroglio-envolvendo-dispensarios,301
www.crf-al.org.br/crfal-realiza-live-de-lancamento-da-academia-virtual-de-farmacia/,https://institucional.crf-al.org.br/imprensa/noticias/crfal-realiza-live-de-lancamento-da-academia-virtual-de-farmacia,301
www.crf-al.org.br/crfal-realiza-live-de-lancamento-da-academia-virtual-de-farmacia,https://institucional.crf-al.org.br/imprensa/noticias/crfal-realiza-live-de-lancamento-da-academia-virtual-de-farmacia,301
www.crf-al.org.br/anvisa_convida_empresas_de_fitoterapicos_para_reuniao_tecnica/,https://institucional.crf-al.org.br/imprensa/noticias/anvisa_convida_empresas_de_fitoterapicos_para_reuniao_tecnica,301
www.crf-al.org.br/anvisa_convida_empresas_de_fitoterapicos_para_reuniao_tecnica,https://institucional.crf-al.org.br/imprensa/noticias/anvisa_convida_empresas_de_fitoterapicos_para_reuniao_tecnica,301
www.crf-al.org.br/fernando_bacelar_fala_sobre_suplementacao_alimentar_aos_farmaceuticos_alagoanos/,https://institucional.crf-al.org.br/imprensa/noticias/fernando_bacelar_fala_sobre_suplementacao_alimentar_aos_farmaceuticos_alagoanos,301
www.crf-al.org.br/fernando_bacelar_fala_sobre_suplementacao_alimentar_aos_farmaceuticos_alagoanos,https://institucional.crf-al.org.br/imprensa/noticias/fernando_bacelar_fala_sobre_suplementacao_alimentar_aos_farmaceuticos_alagoanos,301
www.crf-al.org.br/tirar_as_mamas_apos_diagnostico_de_cancer_nao_aumenta_taxa_de_sobrevivencia/,https://institucional.crf-al.org.br/imprensa/noticias/tirar_as_mamas_apos_diagnostico_de_cancer_nao_aumenta_taxa_de_sobrevivencia,301
www.crf-al.org.br/tirar_as_mamas_apos_diagnostico_de_cancer_nao_aumenta_taxa_de_sobrevivencia,https://institucional.crf-al.org.br/imprensa/noticias/tirar_as_mamas_apos_diagnostico_de_cancer_nao_aumenta_taxa_de_sobrevivencia,301
www.crf-al.org.br/nova_droga_aprovada_pela_anvisa_trata_cancer_de_mama_sem_queda_de_cabelo/,https://institucional.crf-al.org.br/imprensa/noticias/nova_droga_aprovada_pela_anvisa_trata_cancer_de_mama_sem_queda_de_cabelo,301
www.crf-al.org.br/nova_droga_aprovada_pela_anvisa_trata_cancer_de_mama_sem_queda_de_cabelo,https://institucional.crf-al.org.br/imprensa/noticias/nova_droga_aprovada_pela_anvisa_trata_cancer_de_mama_sem_queda_de_cabelo,301
www.crf-al.org.br/bacteria_da_hanseniase_se/,https://institucional.crf-al.org.br/imprensa/noticias/bacteria_da_hanseniase_se,301
www.crf-al.org.br/bacteria_da_hanseniase_se,https://institucional.crf-al.org.br/imprensa/noticias/bacteria_da_hanseniase_se,301
www.crf-al.org.br/unico_fabricante_de_remedio_para_dois_tipos_de_cancer_suspende_producao/,https://institucional.crf-al.org.br/imprensa/noticias/unico_fabricante_de_remedio_para_dois_tipos_de_cancer_suspende_producao,301
www.crf-al.org.br/unico_fabricante_de_remedio_para_dois_tipos_de_cancer_suspende_producao,https://institucional.crf-al.org.br/imprensa/noticias/unico_fabricante_de_remedio_para_dois_tipos_de_cancer_suspende_producao,301
www.crf-al.org.br/exame_de_sangue_detecta_ate_86_de_casos_de_cancer_de_ovario_precocemente/,https://institucional.crf-al.org.br/imprensa/noticias/exame_de_sangue_detecta_ate_86_de_casos_de_cancer_de_ovario_precocemente,301
www.crf-al.org.br/exame_de_sangue_detecta_ate_86_de_casos_de_cancer_de_ovario_precocemente,https://institucional.crf-al.org.br/imprensa/noticias/exame_de_sangue_detecta_ate_86_de_casos_de_cancer_de_ovario_precocemente,301
www.crf-al.org.br/coronavirus-pode-causar-sintomas-na-pele/,https://institucional.crf-al.org.br/imprensa/noticias/coronavirus-pode-causar-sintomas-na-pele,301
www.crf-al.org.br/coronavirus-pode-causar-sintomas-na-pele,https://institucional.crf-al.org.br/imprensa/noticias/coronavirus-pode-causar-sintomas-na-pele,301
www.crf-al.org.br/ja_estao_abertas_as_inscricoes_ao_curso_ead_do_cff/,https://institucional.crf-al.org.br/imprensa/noticias/ja_estao_abertas_as_inscricoes_ao_curso_ead_do_cff,301
www.crf-al.org.br/ja_estao_abertas_as_inscricoes_ao_curso_ead_do_cff,https://institucional.crf-al.org.br/imprensa/noticias/ja_estao_abertas_as_inscricoes_ao_curso_ead_do_cff,301
www.crf-al.org.br/covid-19-proxalutamida-nao-foi-aprovado-e-nao-possui-registro/,https://institucional.crf-al.org.br/imprensa/noticias/covid-19-proxalutamida-nao-foi-aprovado-e-nao-possui-registro,301
www.crf-al.org.br/covid-19-proxalutamida-nao-foi-aprovado-e-nao-possui-registro,https://institucional.crf-al.org.br/imprensa/noticias/covid-19-proxalutamida-nao-foi-aprovado-e-nao-possui-registro,301
www.crf-al.org.br/atualizacao_de_cadastros/,https://institucional.crf-al.org.br/imprensa/noticias/atualizacao_de_cadastros,301
www.crf-al.org.br/atualizacao_de_cadastros,https://institucional.crf-al.org.br/imprensa/noticias/atualizacao_de_cadastros,301
www.crf-al.org.br/eua_aprovam_primeira_vacina_contra_perigoso_tipo_de_meningite/,https://institucional.crf-al.org.br/imprensa/noticias/eua_aprovam_primeira_vacina_contra_perigoso_tipo_de_meningite,301
www.crf-al.org.br/eua_aprovam_primeira_vacina_contra_perigoso_tipo_de_meningite,https://institucional.crf-al.org.br/imprensa/noticias/eua_aprovam_primeira_vacina_contra_perigoso_tipo_de_meningite,301
www.crf-al.org.br/virus_que_causa_paralisia_temporaria_em_criancas_e_encontrado_em_manaus/,https://institucional.crf-al.org.br/imprensa/noticias/virus_que_causa_paralisia_temporaria_em_criancas_e_encontrado_em_manaus,301
www.crf-al.org.br/virus_que_causa_paralisia_temporaria_em_criancas_e_encontrado_em_manaus,https://institucional.crf-al.org.br/imprensa/noticias/virus_que_causa_paralisia_temporaria_em_criancas_e_encontrado_em_manaus,301
www.crf-al.org.br/quase-metade-dos-brasileiros-que-usaram-medicamentos-nos-ultimos-seis-meses-se-automedicou-ate-uma-vez-por-mes/,https://institucional.crf-al.org.br/imprensa/noticias/quase-metade-dos-brasileiros-que-usaram-medicamentos-nos-ultimos-seis-meses-se-automedicou-ate-uma-vez-por-mes,301
www.crf-al.org.br/quase-metade-dos-brasileiros-que-usaram-medicamentos-nos-ultimos-seis-meses-se-automedicou-ate-uma-vez-por-mes,https://institucional.crf-al.org.br/imprensa/noticias/quase-metade-dos-brasileiros-que-usaram-medicamentos-nos-ultimos-seis-meses-se-automedicou-ate-uma-vez-por-mes,301
www.crf-al.org.br/academia-virtual-de-farmacia-ja-esta-disponivel-para-farmaceuticos-alagoanos/,https://institucional.crf-al.org.br/imprensa/noticias/academia-virtual-de-farmacia-ja-esta-disponivel-para-farmaceuticos-alagoanos,301
www.crf-al.org.br/academia-virtual-de-farmacia-ja-esta-disponivel-para-farmaceuticos-alagoanos,https://institucional.crf-al.org.br/imprensa/noticias/academia-virtual-de-farmacia-ja-esta-disponivel-para-farmaceuticos-alagoanos,301
www.crf-al.org.br/cientistas_desenvolvem_estrutura_de_titanio_para_cobrir_implantes_osseos/,https://institucional.crf-al.org.br/imprensa/noticias/cientistas_desenvolvem_estrutura_de_titanio_para_cobrir_implantes_osseos,301
www.crf-al.org.br/cientistas_desenvolvem_estrutura_de_titanio_para_cobrir_implantes_osseos,https://institucional.crf-al.org.br/imprensa/noticias/cientistas_desenvolvem_estrutura_de_titanio_para_cobrir_implantes_osseos,301
www.crf-al.org.br/no-dia-de-conscientizacao-de-combate-as-hepatites-virais-farmaceutico-fala-sobre-suas-formas-de-transmissao/,https://institucional.crf-al.org.br/imprensa/noticias/no-dia-de-conscientizacao-de-combate-as-hepatites-virais-farmaceutico-fala-sobre-suas-formas-de-transmissao,301
www.crf-al.org.br/no-dia-de-conscientizacao-de-combate-as-hepatites-virais-farmaceutico-fala-sobre-suas-formas-de-transmissao,https://institucional.crf-al.org.br/imprensa/noticias/no-dia-de-conscientizacao-de-combate-as-hepatites-virais-farmaceutico-fala-sobre-suas-formas-de-transmissao,301
www.crf-al.org.br/farmaceutica-cria-alternativa-para-continuar-assistencia-farmaceutica-durante-pandemia/,https://institucional.crf-al.org.br/imprensa/noticias/farmaceutica-cria-alternativa-para-continuar-assistencia-farmaceutica-durante-pandemia,301
www.crf-al.org.br/farmaceutica-cria-alternativa-para-continuar-assistencia-farmaceutica-durante-pandemia,https://institucional.crf-al.org.br/imprensa/noticias/farmaceutica-cria-alternativa-para-continuar-assistencia-farmaceutica-durante-pandemia,301
www.crf-al.org.br/comissao-de-etica-do-crf-al-realiza-primeira-oitiva-processual/,https://institucional.crf-al.org.br/imprensa/noticias/comissao-de-etica-do-crf-al-realiza-primeira-oitiva-processual,301
www.crf-al.org.br/comissao-de-etica-do-crf-al-realiza-primeira-oitiva-processual,https://institucional.crf-al.org.br/imprensa/noticias/comissao-de-etica-do-crf-al-realiza-primeira-oitiva-processual,301
www.crf-al.org.br/usp_sao_carlos_desenvolve_sistema_que_detecta_dengue_em_20_minutos/,https://institucional.crf-al.org.br/imprensa/noticias/usp_sao_carlos_desenvolve_sistema_que_detecta_dengue_em_20_minutos,301
www.crf-al.org.br/usp_sao_carlos_desenvolve_sistema_que_detecta_dengue_em_20_minutos,https://institucional.crf-al.org.br/imprensa/noticias/usp_sao_carlos_desenvolve_sistema_que_detecta_dengue_em_20_minutos,301
www.crf-al.org.br/anuidade-de-2022-nao-sofre-reajuste-e-descontos-permanecem-os-mesmos/,https://institucional.crf-al.org.br/imprensa/noticias/anuidade-de-2022-nao-sofre-reajuste-e-descontos-permanecem-os-mesmos,301
www.crf-al.org.br/anuidade-de-2022-nao-sofre-reajuste-e-descontos-permanecem-os-mesmos,https://institucional.crf-al.org.br/imprensa/noticias/anuidade-de-2022-nao-sofre-reajuste-e-descontos-permanecem-os-mesmos,301
www.crf-al.org.br/operacao-conjunta-crf-al-procon-e-visa-interditam-sete-estabelecimentos-em-arapiraca/,https://institucional.crf-al.org.br/imprensa/noticias/operacao-conjunta-crf-al-procon-e-visa-interditam-sete-estabelecimentos-em-arapiraca,301
www.crf-al.org.br/operacao-conjunta-crf-al-procon-e-visa-interditam-sete-estabelecimentos-em-arapiraca,https://institucional.crf-al.org.br/imprensa/noticias/operacao-conjunta-crf-al-procon-e-visa-interditam-sete-estabelecimentos-em-arapiraca,301
www.crf-al.org.br/fiscalizacao/relatorios/,https://institucional.crf-al.org.br/fiscalizacao/relatorios,301
www.crf-al.org.br/fiscalizacao/relatorios,https://institucional.crf-al.org.br/fiscalizacao/relatorios,301
www.crf-al.org.br/lipo_para_arteria_e_opcao_para_diabetico/,https://institucional.crf-al.org.br/imprensa/noticias/lipo_para_arteria_e_opcao_para_diabetico,301
www.crf-al.org.br/lipo_para_arteria_e_opcao_para_diabetico,https://institucional.crf-al.org.br/imprensa/noticias/lipo_para_arteria_e_opcao_para_diabetico,301
www.crf-al.org.br/carta-de-apoio-aos-profissionais-do-nasf/,https://institucional.crf-al.org.br/imprensa/noticias/carta-de-apoio-aos-profissionais-do-nasf,301
www.crf-al.org.br/carta-de-apoio-aos-profissionais-do-nasf,https://institucional.crf-al.org.br/imprensa/noticias/carta-de-apoio-aos-profissionais-do-nasf,301
www.crf-al.org.br/procon_maceio_fiscaliza_variacao_de_precos_de_medicamentos/,https://institucional.crf-al.org.br/imprensa/noticias/procon_maceio_fiscaliza_variacao_de_precos_de_medicamentos,301
www.crf-al.org.br/procon_maceio_fiscaliza_variacao_de_precos_de_medicamentos,https://institucional.crf-al.org.br/imprensa/noticias/procon_maceio_fiscaliza_variacao_de_precos_de_medicamentos,301
www.crf-al.org.br/crfal-convida-farmaceuticas-apoiarem-campanha-sinal-vermelho/,https://institucional.crf-al.org.br/imprensa/noticias/crfal-convida-farmaceuticas-apoiarem-campanha-sinal-vermelho,301
www.crf-al.org.br/crfal-convida-farmaceuticas-apoiarem-campanha-sinal-vermelho,https://institucional.crf-al.org.br/imprensa/noticias/crfal-convida-farmaceuticas-apoiarem-campanha-sinal-vermelho,301
www.crf-al.org.br/pesticida_ddt_e_associado_a_um_risco_maior_de_alzheimer/,https://institucional.crf-al.org.br/imprensa/noticias/pesticida_ddt_e_associado_a_um_risco_maior_de_alzheimer,301
www.crf-al.org.br/pesticida_ddt_e_associado_a_um_risco_maior_de_alzheimer,https://institucional.crf-al.org.br/imprensa/noticias/pesticida_ddt_e_associado_a_um_risco_maior_de_alzheimer,301
www.crf-al.org.br/anvisa_concede_registro_a_medicamento_brasileiro_inovador_contra_tuberculose/,https://institucional.crf-al.org.br/imprensa/noticias/anvisa_concede_registro_a_medicamento_brasileiro_inovador_contra_tuberculose,301
www.crf-al.org.br/anvisa_concede_registro_a_medicamento_brasileiro_inovador_contra_tuberculose,https://institucional.crf-al.org.br/imprensa/noticias/anvisa_concede_registro_a_medicamento_brasileiro_inovador_contra_tuberculose,301
www.crf-al.org.br/zika_pode_provocar_alteracao_neurologica_ate_a_idade_escolar_acreditam_medicos/,https://institucional.crf-al.org.br/imprensa/noticias/zika_pode_provocar_alteracao_neurologica_ate_a_idade_escolar_acreditam_medicos,301
www.crf-al.org.br/zika_pode_provocar_alteracao_neurologica_ate_a_idade_escolar_acreditam_medicos,https://institucional.crf-al.org.br/imprensa/noticias/zika_pode_provocar_alteracao_neurologica_ate_a_idade_escolar_acreditam_medicos,301
www.crf-al.org.br/anuidade-de-2024-esta-disponivel-e-com-desconto-ate-05-de-marco/,https://institucional.crf-al.org.br/imprensa/noticias/anuidade-de-2024-esta-disponivel-e-com-desconto-ate-05-de-marco,301
www.crf-al.org.br/anuidade-de-2024-esta-disponivel-e-com-desconto-ate-05-de-marco,https://institucional.crf-al.org.br/imprensa/noticias/anuidade-de-2024-esta-disponivel-e-com-desconto-ate-05-de-marco,301
www.crf-al.org.br/dia-mundial-de-luta-contra-aids-aderir-ao-tratamento-e-um-ato-de-autocuidado-diz-farmaceutico/,https://institucional.crf-al.org.br/imprensa/noticias/dia-mundial-de-luta-contra-aids-aderir-ao-tratamento-e-um-ato-de-autocuidado-diz-farmaceutico,301
www.crf-al.org.br/dia-mundial-de-luta-contra-aids-aderir-ao-tratamento-e-um-ato-de-autocuidado-diz-farmaceutico,https://institucional.crf-al.org.br/imprensa/noticias/dia-mundial-de-luta-contra-aids-aderir-ao-tratamento-e-um-ato-de-autocuidado-diz-farmaceutico,301
www.crf-al.org.br/recorde-de-medicamentos-aprovados-para-doencas-raras/,https://institucional.crf-al.org.br/imprensa/noticias/recorde-de-medicamentos-aprovados-para-doencas-raras,301
www.crf-al.org.br/recorde-de-medicamentos-aprovados-para-doencas-raras,https://institucional.crf-al.org.br/imprensa/noticias/recorde-de-medicamentos-aprovados-para-doencas-raras,301
www.crf-al.org.br/doutor_em_farmacologia_orienta_sobre_prescricao_farmaceutica_no_crf_al/,https://institucional.crf-al.org.br/imprensa/noticias/doutor_em_farmacologia_orienta_sobre_prescricao_farmaceutica_no_crf_al,301
www.crf-al.org.br/doutor_em_farmacologia_orienta_sobre_prescricao_farmaceutica_no_crf_al,https://institucional.crf-al.org.br/imprensa/noticias/doutor_em_farmacologia_orienta_sobre_prescricao_farmaceutica_no_crf_al,301
www.crf-al.org.br/desvendado_mecanismo_celular_da_demencia/,https://institucional.crf-al.org.br/imprensa/noticias/desvendado_mecanismo_celular_da_demencia,301
www.crf-al.org.br/desvendado_mecanismo_celular_da_demencia,https://institucional.crf-al.org.br/imprensa/noticias/desvendado_mecanismo_celular_da_demencia,301
www.crf-al.org.br/conselho-nacional-de-saude-quer-adiar-mudanca-no-programa-farmacia-popular/,https://institucional.crf-al.org.br/imprensa/noticias/conselho-nacional-de-saude-quer-adiar-mudanca-no-programa-farmacia-popular,301
www.crf-al.org.br/conselho-nacional-de-saude-quer-adiar-mudanca-no-programa-farmacia-popular,https://institucional.crf-al.org.br/imprensa/noticias/conselho-nacional-de-saude-quer-adiar-mudanca-no-programa-farmacia-popular,301
www.crf-al.org.br/farmacias-devem-estar-preparadas-para-retorno-obrigatorio-do-sngpc-ainda-no-inicio-de-2025/,https://institucional.crf-al.org.br/imprensa/noticias/farmacias-devem-estar-preparadas-para-retorno-obrigatorio-do-sngpc-ainda-no-inicio-de-2025,301
www.crf-al.org.br/farmacias-devem-estar-preparadas-para-retorno-obrigatorio-do-sngpc-ainda-no-inicio-de-2025,https://institucional.crf-al.org.br/imprensa/noticias/farmacias-devem-estar-preparadas-para-retorno-obrigatorio-do-sngpc-ainda-no-inicio-de-2025,301
www.crf-al.org.br/industria_nacional_desenvolve_generico_para_prevencao_do_hiv/,https://institucional.crf-al.org.br/imprensa/noticias/industria_nacional_desenvolve_generico_para_prevencao_do_hiv,301
www.crf-al.org.br/industria_nacional_desenvolve_generico_para_prevencao_do_hiv,https://institucional.crf-al.org.br/imprensa/noticias/industria_nacional_desenvolve_generico_para_prevencao_do_hiv,301
www.crf-al.org.br/nota-de-esclarecimento-4/,https://institucional.crf-al.org.br/imprensa/noticias/nota-de-esclarecimento-4,301
www.crf-al.org.br/nota-de-esclarecimento-4,https://institucional.crf-al.org.br/imprensa/noticias/nota-de-esclarecimento-4,301
www.crf-al.org.br/crfal-faz-alerta-para-o-uso-da-dexametasona-na-fase-leve-da-covid-19/,https://institucional.crf-al.org.br/imprensa/noticias/crfal-faz-alerta-para-o-uso-da-dexametasona-na-fase-leve-da-covid-19,301
www.crf-al.org.br/crfal-faz-alerta-para-o-uso-da-dexametasona-na-fase-leve-da-covid-19,https://institucional.crf-al.org.br/imprensa/noticias/crfal-faz-alerta-para-o-uso-da-dexametasona-na-fase-leve-da-covid-19,301
www.crf-al.org.br/convocacao_sindfal/,https://institucional.crf-al.org.br/imprensa/noticias/convocacao_sindfal,301
www.crf-al.org.br/convocacao_sindfal,https://institucional.crf-al.org.br/imprensa/noticias/convocacao_sindfal,301
www.crf-al.org.br/substancia_conhecida_como_pilula_do_cancer_e_testada_em_seres_humanos/,https://institucional.crf-al.org.br/imprensa/noticias/substancia_conhecida_como_pilula_do_cancer_e_testada_em_seres_humanos,301
www.crf-al.org.br/substancia_conhecida_como_pilula_do_cancer_e_testada_em_seres_humanos,https://institucional.crf-al.org.br/imprensa/noticias/substancia_conhecida_como_pilula_do_cancer_e_testada_em_seres_humanos,301
www.crf-al.org.br/pos-graduacao-de-farmacia-clinica-e-prescricao-farmaceutica-do-espaco-cienciaunisuam-esta-com-inscricoes-abertas/,https://institucional.crf-al.org.br/imprensa/noticias/pos-graduacao-de-farmacia-clinica-e-prescricao-farmaceutica-do-espaco-cienciaunisuam-esta-com-inscricoes-abertas,301
www.crf-al.org.br/pos-graduacao-de-farmacia-clinica-e-prescricao-farmaceutica-do-espaco-cienciaunisuam-esta-com-inscricoes-abertas,https://institucional.crf-al.org.br/imprensa/noticias/pos-graduacao-de-farmacia-clinica-e-prescricao-farmaceutica-do-espaco-cienciaunisuam-esta-com-inscricoes-abertas,301
www.crf-al.org.br/politica-de-privacidade/,https://institucional.crf-al.org.br/politica-de-privacidade,301
www.crf-al.org.br/politica-de-privacidade,https://institucional.crf-al.org.br/politica-de-privacidade,301
www.crf-al.org.br/anuidade-de-2021-boleto-ja-esta-disponivel-pela-ferramenta-crfweb/,https://institucional.crf-al.org.br/imprensa/noticias/anuidade-de-2021-boleto-ja-esta-disponivel-pela-ferramenta-crfweb,301
www.crf-al.org.br/anuidade-de-2021-boleto-ja-esta-disponivel-pela-ferramenta-crfweb,https://institucional.crf-al.org.br/imprensa/noticias/anuidade-de-2021-boleto-ja-esta-disponivel-pela-ferramenta-crfweb,301
www.crf-al.org.br/cientistas_combatem_cancer_com_virus_de_gripe/,https://institucional.crf-al.org.br/imprensa/noticias/cientistas_combatem_cancer_com_virus_de_gripe,301
www.crf-al.org.br/cientistas_combatem_cancer_com_virus_de_gripe,https://institucional.crf-al.org.br/imprensa/noticias/cientistas_combatem_cancer_com_virus_de_gripe,301
www.crf-al.org.br/conselheiro-rene-gondim-participa-de-audiencia-publica-na-camara-de-vereadores-de-maceio/,https://institucional.crf-al.org.br/imprensa/noticias/conselheiro-rene-gondim-participa-de-audiencia-publica-na-camara-de-vereadores-de-maceio,301
www.crf-al.org.br/conselheiro-rene-gondim-participa-de-audiencia-publica-na-camara-de-vereadores-de-maceio,https://institucional.crf-al.org.br/imprensa/noticias/conselheiro-rene-gondim-participa-de-audiencia-publica-na-camara-de-vereadores-de-maceio,301
www.crf-al.org.br/crf-al-faz-entrega-de-fraldas-e-latas-de-leite-para-instituicao-em-maceio/,https://institucional.crf-al.org.br/imprensa/noticias/crf-al-faz-entrega-de-fraldas-e-latas-de-leite-para-instituicao-em-maceio,301
www.crf-al.org.br/crf-al-faz-entrega-de-fraldas-e-latas-de-leite-para-instituicao-em-maceio,https://institucional.crf-al.org.br/imprensa/noticias/crf-al-faz-entrega-de-fraldas-e-latas-de-leite-para-instituicao-em-maceio,301
www.crf-al.org.br/usp_fecha_laboratorio_da/,https://institucional.crf-al.org.br/imprensa/noticias/usp_fecha_laboratorio_da,301
www.crf-al.org.br/usp_fecha_laboratorio_da,https://institucional.crf-al.org.br/imprensa/noticias/usp_fecha_laboratorio_da,301
www.crf-al.org.br/videogame_pode_se_tornar_aliado_no_tratamento_do_tdah_mostra_estudo/,https://institucional.crf-al.org.br/imprensa/noticias/videogame_pode_se_tornar_aliado_no_tratamento_do_tdah_mostra_estudo,301
www.crf-al.org.br/videogame_pode_se_tornar_aliado_no_tratamento_do_tdah_mostra_estudo,https://institucional.crf-al.org.br/imprensa/noticias/videogame_pode_se_tornar_aliado_no_tratamento_do_tdah_mostra_estudo,301
www.crf-al.org.br/crf-al-ajuiza-acao-para-assegurar-assistencia-farmaceutica-qualificada-em-sao-miguel-dos-campos/,https://institucional.crf-al.org.br/imprensa/noticias/crf-al-ajuiza-acao-para-assegurar-assistencia-farmaceutica-qualificada-em-sao-miguel-dos-campos,301
www.crf-al.org.br/crf-al-ajuiza-acao-para-assegurar-assistencia-farmaceutica-qualificada-em-sao-miguel-dos-campos,https://institucional.crf-al.org.br/imprensa/noticias/crf-al-ajuiza-acao-para-assegurar-assistencia-farmaceutica-qualificada-em-sao-miguel-dos-campos,301
www.crf-al.org.br/novo_tratamento_eleva_sobrevida_de_paciente_com_cancer_de_colo_do_utero/,https://institucional.crf-al.org.br/imprensa/noticias/novo_tratamento_eleva_sobrevida_de_paciente_com_cancer_de_colo_do_utero,301
www.crf-al.org.br/novo_tratamento_eleva_sobrevida_de_paciente_com_cancer_de_colo_do_utero,https://institucional.crf-al.org.br/imprensa/noticias/novo_tratamento_eleva_sobrevida_de_paciente_com_cancer_de_colo_do_utero,301
www.crf-al.org.br/crf-lanca-campanha-de-estimulo-atividades-fisicas/,https://institucional.crf-al.org.br/imprensa/noticias/crf-lanca-campanha-de-estimulo-atividades-fisicas,301
www.crf-al.org.br/crf-lanca-campanha-de-estimulo-atividades-fisicas,https://institucional.crf-al.org.br/imprensa/noticias/crf-lanca-campanha-de-estimulo-atividades-fisicas,301
www.crf-al.org.br/um_novo_arsenal_contra_a_enxaqueca/,https://institucional.crf-al.org.br/imprensa/noticias/um_novo_arsenal_contra_a_enxaqueca,301
www.crf-al.org.br/um_novo_arsenal_contra_a_enxaqueca,https://institucional.crf-al.org.br/imprensa/noticias/um_novo_arsenal_contra_a_enxaqueca,301
www.crf-al.org.br/prf-apreende-caixas-de-cytotec-com-sinais-de-falsificacao-em-sao-miguel-dos-campos/,https://institucional.crf-al.org.br/imprensa/noticias/prf-apreende-caixas-de-cytotec-com-sinais-de-falsificacao-em-sao-miguel-dos-campos,301
www.crf-al.org.br/prf-apreende-caixas-de-cytotec-com-sinais-de-falsificacao-em-sao-miguel-dos-campos,https://institucional.crf-al.org.br/imprensa/noticias/prf-apreende-caixas-de-cytotec-com-sinais-de-falsificacao-em-sao-miguel-dos-campos,301
www.crf-al.org.br/nota-de-falecimento-3/,https://institucional.crf-al.org.br/imprensa/noticias/nota-de-falecimento-3,301
www.crf-al.org.br/nota-de-falecimento-3,https://institucional.crf-al.org.br/imprensa/noticias/nota-de-falecimento-3,301
www.crf-al.org.br/substancias_de_embalagens_plasticas_elevam_risco_de_diabetes_e_pressao_alta/,https://institucional.crf-al.org.br/imprensa/noticias/substancias_de_embalagens_plasticas_elevam_risco_de_diabetes_e_pressao_alta,301
www.crf-al.org.br/substancias_de_embalagens_plasticas_elevam_risco_de_diabetes_e_pressao_alta,https://institucional.crf-al.org.br/imprensa/noticias/substancias_de_embalagens_plasticas_elevam_risco_de_diabetes_e_pressao_alta,301
www.crf-al.org.br/crf-realiza-fiscalizacao-em-hospitais-de-alagoas/,https://institucional.crf-al.org.br/imprensa/noticias/crf-realiza-fiscalizacao-em-hospitais-de-alagoas,301
www.crf-al.org.br/crf-realiza-fiscalizacao-em-hospitais-de-alagoas,https://institucional.crf-al.org.br/imprensa/noticias/crf-realiza-fiscalizacao-em-hospitais-de-alagoas,301
www.crf-al.org.br/o-impacto-social-dos-biossimilares-no-setor-de-saude/,https://institucional.crf-al.org.br/imprensa/noticias/o-impacto-social-dos-biossimilares-no-setor-de-saude,301
www.crf-al.org.br/o-impacto-social-dos-biossimilares-no-setor-de-saude,https://institucional.crf-al.org.br/imprensa/noticias/o-impacto-social-dos-biossimilares-no-setor-de-saude,301
www.crf-al.org.br/crf-estara-fechado-nos-dia-07-e-08-de-setembro/,https://institucional.crf-al.org.br/imprensa/noticias/crf-estara-fechado-nos-dia-07-e-08-de-setembro,301
www.crf-al.org.br/crf-estara-fechado-nos-dia-07-e-08-de-setembro,https://institucional.crf-al.org.br/imprensa/noticias/crf-estara-fechado-nos-dia-07-e-08-de-setembro,301
www.crf-al.org.br/anvisa_quer_criar_alertas_em_buscas_por_produtos_na_internet/,https://institucional.crf-al.org.br/imprensa/noticias/anvisa_quer_criar_alertas_em_buscas_por_produtos_na_internet,301
www.crf-al.org.br/anvisa_quer_criar_alertas_em_buscas_por_produtos_na_internet,https://institucional.crf-al.org.br/imprensa/noticias/anvisa_quer_criar_alertas_em_buscas_por_produtos_na_internet,301
www.crf-al.org.br/roche-inicia-recolhimento-de-quatro-lotes-do-medicamento-herceptin/,https://institucional.crf-al.org.br/imprensa/noticias/roche-inicia-recolhimento-de-quatro-lotes-do-medicamento-herceptin,301
www.crf-al.org.br/roche-inicia-recolhimento-de-quatro-lotes-do-medicamento-herceptin,https://institucional.crf-al.org.br/imprensa/noticias/roche-inicia-recolhimento-de-quatro-lotes-do-medicamento-herceptin,301
www.crf-al.org.br/atualizacao-do-calendario-de-aulas-do-curso-cuidado-farmaceutico-nas-farmacias-comunitarias/,https://institucional.crf-al.org.br/imprensa/noticias/atualizacao-do-calendario-de-aulas-do-curso-cuidado-farmaceutico-nas-farmacias-comunitarias,301
www.crf-al.org.br/atualizacao-do-calendario-de-aulas-do-curso-cuidado-farmaceutico-nas-farmacias-comunitarias,https://institucional.crf-al.org.br/imprensa/noticias/atualizacao-do-calendario-de-aulas-do-curso-cuidado-farmaceutico-nas-farmacias-comunitarias,301
www.crf-al.org.br/reclamacao_de_plano_de_saude_pode_ser_seguida_online_a_partir_desta_quarta/,https://institucional.crf-al.org.br/imprensa/noticias/reclamacao_de_plano_de_saude_pode_ser_seguida_online_a_partir_desta_quarta,301
www.crf-al.org.br/reclamacao_de_plano_de_saude_pode_ser_seguida_online_a_partir_desta_quarta,https://institucional.crf-al.org.br/imprensa/noticias/reclamacao_de_plano_de_saude_pode_ser_seguida_online_a_partir_desta_quarta,301
www.crf-al.org.br/concurso-fiscal-farmaceutico-e-convocado-e-ja-esta-em-treinamento/,https://institucional.crf-al.org.br/imprensa/noticias/concurso-fiscal-farmaceutico-e-convocado-e-ja-esta-em-treinamento,301
www.crf-al.org.br/concurso-fiscal-farmaceutico-e-convocado-e-ja-esta-em-treinamento,https://institucional.crf-al.org.br/imprensa/noticias/concurso-fiscal-farmaceutico-e-convocado-e-ja-esta-em-treinamento,301
www.crf-al.org.br/eua_confirmam_segundo_caso_de_ebola_transmitido_no_pais/,https://institucional.crf-al.org.br/imprensa/noticias/eua_confirmam_segundo_caso_de_ebola_transmitido_no_pais,301
www.crf-al.org.br/eua_confirmam_segundo_caso_de_ebola_transmitido_no_pais,https://institucional.crf-al.org.br/imprensa/noticias/eua_confirmam_segundo_caso_de_ebola_transmitido_no_pais,301
www.crf-al.org.br/eleicoes-ausencia-deve-ser-justificada-ate-09-de-janeiro/,https://institucional.crf-al.org.br/imprensa/noticias/eleicoes-ausencia-deve-ser-justificada-ate-09-de-janeiro,301
www.crf-al.org.br/eleicoes-ausencia-deve-ser-justificada-ate-09-de-janeiro,https://institucional.crf-al.org.br/imprensa/noticias/eleicoes-ausencia-deve-ser-justificada-ate-09-de-janeiro,301
www.crf-al.org.br/farmaceuticas-alagoanas-tem-trabalhos-aprovados-em-congresso-internacional/,https://institucional.crf-al.org.br/imprensa/noticias/farmaceuticas-alagoanas-tem-trabalhos-aprovados-em-congresso-internacional,301
www.crf-al.org.br/farmaceuticas-alagoanas-tem-trabalhos-aprovados-em-congresso-internacional,https://institucional.crf-al.org.br/imprensa/noticias/farmaceuticas-alagoanas-tem-trabalhos-aprovados-em-congresso-internacional,301
www.crf-al.org.br/audiencia-publica-proposta-por-sindfal-e-crf-al-discute-acesso-ao-medicamento-pelo-sus/,https://institucional.crf-al.org.br/imprensa/noticias/audiencia-publica-proposta-por-sindfal-e-crf-al-discute-acesso-ao-medicamento-pelo-sus,301
www.crf-al.org.br/audiencia-publica-proposta-por-sindfal-e-crf-al-discute-acesso-ao-medicamento-pelo-sus,https://institucional.crf-al.org.br/imprensa/noticias/audiencia-publica-proposta-por-sindfal-e-crf-al-discute-acesso-ao-medicamento-pelo-sus,301
www.crf-al.org.br/katia-rilene-completa-30-anos-de-conselho-de-farmacia/,https://institucional.crf-al.org.br/imprensa/noticias/katia-rilene-completa-30-anos-de-conselho-de-farmacia,301
www.crf-al.org.br/katia-rilene-completa-30-anos-de-conselho-de-farmacia,https://institucional.crf-al.org.br/imprensa/noticias/katia-rilene-completa-30-anos-de-conselho-de-farmacia,301
www.crf-al.org.br/estudo_diz_que_vacina_contra_hpv_nao_incentiva_habito_sexual_de_risco/,https://institucional.crf-al.org.br/imprensa/noticias/estudo_diz_que_vacina_contra_hpv_nao_incentiva_habito_sexual_de_risco,301
www.crf-al.org.br/estudo_diz_que_vacina_contra_hpv_nao_incentiva_habito_sexual_de_risco,https://institucional.crf-al.org.br/imprensa/noticias/estudo_diz_que_vacina_contra_hpv_nao_incentiva_habito_sexual_de_risco,301
www.crf-al.org.br/ubs_e_primeira_referencia_em_saude_do_brasileiro_diz_pesquisa_do_ibge/,https://institucional.crf-al.org.br/imprensa/noticias/ubs_e_primeira_referencia_em_saude_do_brasileiro_diz_pesquisa_do_ibge,301
www.crf-al.org.br/ubs_e_primeira_referencia_em_saude_do_brasileiro_diz_pesquisa_do_ibge,https://institucional.crf-al.org.br/imprensa/noticias/ubs_e_primeira_referencia_em_saude_do_brasileiro_diz_pesquisa_do_ibge,301
www.crf-al.org.br/bacterias_podem_ser_chave_para_perda_de_peso_diz_estudo_chines/,https://institucional.crf-al.org.br/imprensa/noticias/bacterias_podem_ser_chave_para_perda_de_peso_diz_estudo_chines,301
www.crf-al.org.br/bacterias_podem_ser_chave_para_perda_de_peso_diz_estudo_chines,https://institucional.crf-al.org.br/imprensa/noticias/bacterias_podem_ser_chave_para_perda_de_peso_diz_estudo_chines,301
www.crf-al.org.br/medicamento-em-spray-usado-para-depressao-exige-cautela/,https://institucional.crf-al.org.br/imprensa/noticias/medicamento-em-spray-usado-para-depressao-exige-cautela,301
www.crf-al.org.br/medicamento-em-spray-usado-para-depressao-exige-cautela,https://institucional.crf-al.org.br/imprensa/noticias/medicamento-em-spray-usado-para-depressao-exige-cautela,301
www.crf-al.org.br/farmaceuticos-atendem-mais-de-300-pessoas-na-orla-da-pajucara/,https://institucional.crf-al.org.br/imprensa/noticias/farmaceuticos-atendem-mais-de-300-pessoas-na-orla-da-pajucara,301
www.crf-al.org.br/farmaceuticos-atendem-mais-de-300-pessoas-na-orla-da-pajucara,https://institucional.crf-al.org.br/imprensa/noticias/farmaceuticos-atendem-mais-de-300-pessoas-na-orla-da-pajucara,301
www.crf-al.org.br/cff-aprova-resolucao-sobre-atuacao-do-farmaceutico-na-logistica/,https://institucional.crf-al.org.br/imprensa/noticias/cff-aprova-resolucao-sobre-atuacao-do-farmaceutico-na-logistica,301
www.crf-al.org.br/cff-aprova-resolucao-sobre-atuacao-do-farmaceutico-na-logistica,https://institucional.crf-al.org.br/imprensa/noticias/cff-aprova-resolucao-sobre-atuacao-do-farmaceutico-na-logistica,301
www.crf-al.org.br/nova_lei_faz_com_que_farmacia_passe_a_ser_unidade_de_assistencia_a_saude/,https://institucional.crf-al.org.br/imprensa/noticias/nova_lei_faz_com_que_farmacia_passe_a_ser_unidade_de_assistencia_a_saude,301
www.crf-al.org.br/nova_lei_faz_com_que_farmacia_passe_a_ser_unidade_de_assistencia_a_saude,https://institucional.crf-al.org.br/imprensa/noticias/nova_lei_faz_com_que_farmacia_passe_a_ser_unidade_de_assistencia_a_saude,301
www.crf-al.org.br/empresario_lanca_servico_de_autopsia_digital_no_reino_unido/,https://institucional.crf-al.org.br/imprensa/noticias/empresario_lanca_servico_de_autopsia_digital_no_reino_unido,301
www.crf-al.org.br/empresario_lanca_servico_de_autopsia_digital_no_reino_unido,https://institucional.crf-al.org.br/imprensa/noticias/empresario_lanca_servico_de_autopsia_digital_no_reino_unido,301
www.crf-al.org.br/equipe_dos_eua_anuncia_nome_do_remedio_experimental_usado_para_tratar_ebola/,https://institucional.crf-al.org.br/imprensa/noticias/equipe_dos_eua_anuncia_nome_do_remedio_experimental_usado_para_tratar_ebola,301
www.crf-al.org.br/equipe_dos_eua_anuncia_nome_do_remedio_experimental_usado_para_tratar_ebola,https://institucional.crf-al.org.br/imprensa/noticias/equipe_dos_eua_anuncia_nome_do_remedio_experimental_usado_para_tratar_ebola,301
www.crf-al.org.br/dia-mundial-da-obesidade-farmaceutica-fala-sobre-os-riscos-de-medicamentos-para-emagrecer/,https://institucional.crf-al.org.br/imprensa/noticias/dia-mundial-da-obesidade-farmaceutica-fala-sobre-os-riscos-de-medicamentos-para-emagrecer,301
www.crf-al.org.br/dia-mundial-da-obesidade-farmaceutica-fala-sobre-os-riscos-de-medicamentos-para-emagrecer,https://institucional.crf-al.org.br/imprensa/noticias/dia-mundial-da-obesidade-farmaceutica-fala-sobre-os-riscos-de-medicamentos-para-emagrecer,301
www.crf-al.org.br/plenario-do-cff-altera-normativa-que-disciplina-atuacao-farmaceutica-na-ozonioterapia/,https://institucional.crf-al.org.br/imprensa/noticias/plenario-do-cff-altera-normativa-que-disciplina-atuacao-farmaceutica-na-ozonioterapia,301
www.crf-al.org.br/plenario-do-cff-altera-normativa-que-disciplina-atuacao-farmaceutica-na-ozonioterapia,https://institucional.crf-al.org.br/imprensa/noticias/plenario-do-cff-altera-normativa-que-disciplina-atuacao-farmaceutica-na-ozonioterapia,301
www.crf-al.org.br/justica_reafirma_legalidade_das_atribuicoes_clinicas_do_farmaceutico/,https://institucional.crf-al.org.br/imprensa/noticias/justica_reafirma_legalidade_das_atribuicoes_clinicas_do_farmaceutico,301
www.crf-al.org.br/justica_reafirma_legalidade_das_atribuicoes_clinicas_do_farmaceutico,https://institucional.crf-al.org.br/imprensa/noticias/justica_reafirma_legalidade_das_atribuicoes_clinicas_do_farmaceutico,301
www.crf-al.org.br/ministerio_suspeita_que_febre_zika_tem_ligacao_com_casos_de_paralisia/,https://institucional.crf-al.org.br/imprensa/noticias/ministerio_suspeita_que_febre_zika_tem_ligacao_com_casos_de_paralisia,301
www.crf-al.org.br/ministerio_suspeita_que_febre_zika_tem_ligacao_com_casos_de_paralisia,https://institucional.crf-al.org.br/imprensa/noticias/ministerio_suspeita_que_febre_zika_tem_ligacao_com_casos_de_paralisia,301
www.crf-al.org.br/agenda-do-presidente/,https://institucional.crf-al.org.br/eventos,301
www.crf-al.org.br/agenda-do-presidente,https://institucional.crf-al.org.br/eventos,301
www.crf-al.org.br/farmaceuticos-esteticos-cff-alerta-para-denominacao-de-farmaceuticos-dermato-especialistas/,https://institucional.crf-al.org.br/imprensa/noticias/farmaceuticos-esteticos-cff-alerta-para-denominacao-de-farmaceuticos-dermato-especialistas,301
www.crf-al.org.br/farmaceuticos-esteticos-cff-alerta-para-denominacao-de-farmaceuticos-dermato-especialistas,https://institucional.crf-al.org.br/imprensa/noticias/farmaceuticos-esteticos-cff-alerta-para-denominacao-de-farmaceuticos-dermato-especialistas,301
www.crf-al.org.br/nota-sobre-recolhimento-da-losartana/,https://institucional.crf-al.org.br/imprensa/noticias/nota-sobre-recolhimento-da-losartana,301
www.crf-al.org.br/nota-sobre-recolhimento-da-losartana,https://institucional.crf-al.org.br/imprensa/noticias/nota-sobre-recolhimento-da-losartana,301
www.crf-al.org.br/estudo_liga_excesso_de_peso_a_risco_de_dez_tipos_de_cancer/,https://institucional.crf-al.org.br/imprensa/noticias/estudo_liga_excesso_de_peso_a_risco_de_dez_tipos_de_cancer,301
www.crf-al.org.br/estudo_liga_excesso_de_peso_a_risco_de_dez_tipos_de_cancer,https://institucional.crf-al.org.br/imprensa/noticias/estudo_liga_excesso_de_peso_a_risco_de_dez_tipos_de_cancer,301
www.crf-al.org.br/laboratorio_lanca_insulina_inalavel_para_diabeticos_nos_estados_unidos/,https://institucional.crf-al.org.br/imprensa/noticias/laboratorio_lanca_insulina_inalavel_para_diabeticos_nos_estados_unidos,301
www.crf-al.org.br/laboratorio_lanca_insulina_inalavel_para_diabeticos_nos_estados_unidos,https://institucional.crf-al.org.br/imprensa/noticias/laboratorio_lanca_insulina_inalavel_para_diabeticos_nos_estados_unidos,301
www.crf-al.org.br/ministerio_estuda_meios_para_reduzir_fila_de_transplante_de_medula_ossea/,https://institucional.crf-al.org.br/imprensa/noticias/ministerio_estuda_meios_para_reduzir_fila_de_transplante_de_medula_ossea,301
www.crf-al.org.br/ministerio_estuda_meios_para_reduzir_fila_de_transplante_de_medula_ossea,https://institucional.crf-al.org.br/imprensa/noticias/ministerio_estuda_meios_para_reduzir_fila_de_transplante_de_medula_ossea,301
www.crf-al.org.br/tribunal_libera_importacao_de_componente_da_maconha/,https://institucional.crf-al.org.br/imprensa/noticias/tribunal_libera_importacao_de_componente_da_maconha,301
www.crf-al.org.br/tribunal_libera_importacao_de_componente_da_maconha,https://institucional.crf-al.org.br/imprensa/noticias/tribunal_libera_importacao_de_componente_da_maconha,301
www.crf-al.org.br/nota-oficial-sobre-realizacao-do-concurso-publico/,https://institucional.crf-al.org.br/imprensa/noticias/nota-oficial-sobre-realizacao-do-concurso-publico,301
www.crf-al.org.br/nota-oficial-sobre-realizacao-do-concurso-publico,https://institucional.crf-al.org.br/imprensa/noticias/nota-oficial-sobre-realizacao-do-concurso-publico,301
www.crf-al.org.br/crfal-ingressa-com-pedido-de-suspensao-de-curso-distancia-em-alagoas/,https://institucional.crf-al.org.br/imprensa/noticias/crfal-ingressa-com-pedido-de-suspensao-de-curso-distancia-em-alagoas,301
www.crf-al.org.br/crfal-ingressa-com-pedido-de-suspensao-de-curso-distancia-em-alagoas,https://institucional.crf-al.org.br/imprensa/noticias/crfal-ingressa-com-pedido-de-suspensao-de-curso-distancia-em-alagoas,301
www.crf-al.org.br/telefones-fixos-estao-passando-por-instabilidade/,https://institucional.crf-al.org.br/imprensa/noticias/telefones-fixos-estao-passando-por-instabilidade,301
www.crf-al.org.br/telefones-fixos-estao-passando-por-instabilidade,https://institucional.crf-al.org.br/imprensa/noticias/telefones-fixos-estao-passando-por-instabilidade,301
www.crf-al.org.br/crf_al_promove_ciclo_de_palestra_sobre_atencao_farmaceutica_aos_idosos/,https://institucional.crf-al.org.br/imprensa/noticias/crf_al_promove_ciclo_de_palestra_sobre_atencao_farmaceutica_aos_idosos,301
www.crf-al.org.br/crf_al_promove_ciclo_de_palestra_sobre_atencao_farmaceutica_aos_idosos,https://institucional.crf-al.org.br/imprensa/noticias/crf_al_promove_ciclo_de_palestra_sobre_atencao_farmaceutica_aos_idosos,301
www.crf-al.org.br/eleicoes-vota-farmaceutico-traz-informacoes-sobre-candidadatos/,https://institucional.crf-al.org.br/imprensa/noticias/eleicoes-vota-farmaceutico-traz-informacoes-sobre-candidadatos,301
www.crf-al.org.br/eleicoes-vota-farmaceutico-traz-informacoes-sobre-candidadatos,https://institucional.crf-al.org.br/imprensa/noticias/eleicoes-vota-farmaceutico-traz-informacoes-sobre-candidadatos,301
www.crf-al.org.br/transplante_mais_brando_cura_anemia_falciforme_em_estudo_com_adultos/,https://institucional.crf-al.org.br/imprensa/noticias/transplante_mais_brando_cura_anemia_falciforme_em_estudo_com_adultos,301
www.crf-al.org.br/transplante_mais_brando_cura_anemia_falciforme_em_estudo_com_adultos,https://institucional.crf-al.org.br/imprensa/noticias/transplante_mais_brando_cura_anemia_falciforme_em_estudo_com_adultos,301
www.crf-al.org.br/crfal-renova-convenio-com-ipog-com-desconto-para-farmaceuticos/,https://institucional.crf-al.org.br/imprensa/noticias/crfal-renova-convenio-com-ipog-com-desconto-para-farmaceuticos,301
www.crf-al.org.br/crfal-renova-convenio-com-ipog-com-desconto-para-farmaceuticos,https://institucional.crf-al.org.br/imprensa/noticias/crfal-renova-convenio-com-ipog-com-desconto-para-farmaceuticos,301
www.crf-al.org.br/cientistas_americanos_criam_tecido_tridimensional_semelhante_a_cerebro/,https://institucional.crf-al.org.br/imprensa/noticias/cientistas_americanos_criam_tecido_tridimensional_semelhante_a_cerebro,301
www.crf-al.org.br/cientistas_americanos_criam_tecido_tridimensional_semelhante_a_cerebro,https://institucional.crf-al.org.br/imprensa/noticias/cientistas_americanos_criam_tecido_tridimensional_semelhante_a_cerebro,301
www.crf-al.org.br/o-nosso-trabalho-e-garantir-o-acesso-ao-medicamento-e-servicos-farmaceuticos-diz-angela-brandao-sobre-o-papel-do-farmaceutico-no-dia-nacional-de-medicamentos/,https://institucional.crf-al.org.br/imprensa/noticias/o-nosso-trabalho-e-garantir-o-acesso-ao-medicamento-e-servicos-farmaceuticos-diz-angela-brandao-sobre-o-papel-do-farmaceutico-no-dia-nacional-de-medicamentos,301
www.crf-al.org.br/o-nosso-trabalho-e-garantir-o-acesso-ao-medicamento-e-servicos-farmaceuticos-diz-angela-brandao-sobre-o-papel-do-farmaceutico-no-dia-nacional-de-medicamentos,https://institucional.crf-al.org.br/imprensa/noticias/o-nosso-trabalho-e-garantir-o-acesso-ao-medicamento-e-servicos-farmaceuticos-diz-angela-brandao-sobre-o-papel-do-farmaceutico-no-dia-nacional-de-medicamentos,301
www.crf-al.org.br/nota-informativa/,https://institucional.crf-al.org.br/imprensa/noticias/nota-informativa,301
www.crf-al.org.br/nota-informativa,https://institucional.crf-al.org.br/imprensa/noticias/nota-informativa,301
www.crf-al.org.br/obesos_tem_risco_menor_de_morrer_do_coracao_sugere_estudo/,https://institucional.crf-al.org.br/imprensa/noticias/obesos_tem_risco_menor_de_morrer_do_coracao_sugere_estudo,301
www.crf-al.org.br/obesos_tem_risco_menor_de_morrer_do_coracao_sugere_estudo,https://institucional.crf-al.org.br/imprensa/noticias/obesos_tem_risco_menor_de_morrer_do_coracao_sugere_estudo,301
www.crf-al.org.br/oncologia-acompanhamento-do-paciente-e-feito-pela-farmaceutica-rafaela-ribeiro/,https://institucional.crf-al.org.br/imprensa/noticias/oncologia-acompanhamento-do-paciente-e-feito-pela-farmaceutica-rafaela-ribeiro,301
www.crf-al.org.br/oncologia-acompanhamento-do-paciente-e-feito-pela-farmaceutica-rafaela-ribeiro,https://institucional.crf-al.org.br/imprensa/noticias/oncologia-acompanhamento-do-paciente-e-feito-pela-farmaceutica-rafaela-ribeiro,301
www.crf-al.org.br/estudo_sugere_que_uso_de_adocante_pode_predispor_a_diabetes/,https://institucional.crf-al.org.br/imprensa/noticias/estudo_sugere_que_uso_de_adocante_pode_predispor_a_diabetes,301
www.crf-al.org.br/estudo_sugere_que_uso_de_adocante_pode_predispor_a_diabetes,https://institucional.crf-al.org.br/imprensa/noticias/estudo_sugere_que_uso_de_adocante_pode_predispor_a_diabetes,301
www.crf-al.org.br/artigo_nova_arma_contra_o_cancer/,https://institucional.crf-al.org.br/imprensa/noticias/artigo_nova_arma_contra_o_cancer,301
www.crf-al.org.br/artigo_nova_arma_contra_o_cancer,https://institucional.crf-al.org.br/imprensa/noticias/artigo_nova_arma_contra_o_cancer,301
www.crf-al.org.br/crfal-promove-atendimentos-de-saude-em-sao-luiz-do-quitunde/,https://institucional.crf-al.org.br/imprensa/noticias/crfal-promove-atendimentos-de-saude-em-sao-luiz-do-quitunde,301
www.crf-al.org.br/crfal-promove-atendimentos-de-saude-em-sao-luiz-do-quitunde,https://institucional.crf-al.org.br/imprensa/noticias/crfal-promove-atendimentos-de-saude-em-sao-luiz-do-quitunde,301
www.crf-al.org.br/participe-da-pesquisa-sobre-conhecimento-de-farmaceuticos-acerca-da-cannabis-medicinal-no-brasil/,https://institucional.crf-al.org.br/imprensa/noticias/participe-da-pesquisa-sobre-conhecimento-de-farmaceuticos-acerca-da-cannabis-medicinal-no-brasil,301
www.crf-al.org.br/participe-da-pesquisa-sobre-conhecimento-de-farmaceuticos-acerca-da-cannabis-medicinal-no-brasil,https://institucional.crf-al.org.br/imprensa/noticias/participe-da-pesquisa-sobre-conhecimento-de-farmaceuticos-acerca-da-cannabis-medicinal-no-brasil,301
www.crf-al.org.br/crfal-atendimento-em-maceio-acontece-ate-12h-nesta-quinta-feira-15/,https://institucional.crf-al.org.br/imprensa/noticias/crfal-atendimento-em-maceio-acontece-ate-12h-nesta-quinta-feira-15,301
www.crf-al.org.br/crfal-atendimento-em-maceio-acontece-ate-12h-nesta-quinta-feira-15,https://institucional.crf-al.org.br/imprensa/noticias/crfal-atendimento-em-maceio-acontece-ate-12h-nesta-quinta-feira-15,301
www.crf-al.org.br/plenario-do-cff-reelege-diretoria-para-o-bienio-20202021/,https://institucional.crf-al.org.br/imprensa/noticias/plenario-do-cff-reelege-diretoria-para-o-bienio-20202021,301
www.crf-al.org.br/plenario-do-cff-reelege-diretoria-para-o-bienio-20202021,https://institucional.crf-al.org.br/imprensa/noticias/plenario-do-cff-reelege-diretoria-para-o-bienio-20202021,301
www.crf-al.org.br/parceiro/anvisa/,https://institucional.crf-al.org.br/instituicao/sobre-conselho,301
www.crf-al.org.br/parceiro/anvisa,https://institucional.crf-al.org.br/instituicao/sobre-conselho,301
www.crf-al.org.br/atualizacao-cadastral-veja-como-fazer/,https://institucional.crf-al.org.br/imprensa/noticias/atualizacao-cadastral-veja-como-fazer,301
www.crf-al.org.br/atualizacao-cadastral-veja-como-fazer,https://institucional.crf-al.org.br/imprensa/noticias/atualizacao-cadastral-veja-como-fazer,301
www.crf-al.org.br/thayse-cabral-escolheu-o-segmento-de-logistica-e-distribuicao-para-atuar-como-farmaceutica/,https://institucional.crf-al.org.br/imprensa/noticias/thayse-cabral-escolheu-o-segmento-de-logistica-e-distribuicao-para-atuar-como-farmaceutica,301
www.crf-al.org.br/thayse-cabral-escolheu-o-segmento-de-logistica-e-distribuicao-para-atuar-como-farmaceutica,https://institucional.crf-al.org.br/imprensa/noticias/thayse-cabral-escolheu-o-segmento-de-logistica-e-distribuicao-para-atuar-como-farmaceutica,301
www.crf-al.org.br/icesp_ofereceu_estrutura_para_testar_droga_contra_cancer/,https://institucional.crf-al.org.br/imprensa/noticias/icesp_ofereceu_estrutura_para_testar_droga_contra_cancer,301
www.crf-al.org.br/icesp_ofereceu_estrutura_para_testar_droga_contra_cancer,https://institucional.crf-al.org.br/imprensa/noticias/icesp_ofereceu_estrutura_para_testar_droga_contra_cancer,301
www.crf-al.org.br/confira-como-foi-o-i-simposio-alagoanos-de-farmacia-hospitalar/,https://institucional.crf-al.org.br/imprensa/noticias/confira-como-foi-o-i-simposio-alagoanos-de-farmacia-hospitalar,301
www.crf-al.org.br/confira-como-foi-o-i-simposio-alagoanos-de-farmacia-hospitalar,https://institucional.crf-al.org.br/imprensa/noticias/confira-como-foi-o-i-simposio-alagoanos-de-farmacia-hospitalar,301
www.crf-al.org.br/estado-e-municipio-de-maceio-sao-condenados-pela-ausencia-farmaceuticos-em-fiscalizacao/,https://institucional.crf-al.org.br/imprensa/noticias/estado-e-municipio-de-maceio-sao-condenados-pela-ausencia-farmaceuticos-em-fiscalizacao,301
www.crf-al.org.br/estado-e-municipio-de-maceio-sao-condenados-pela-ausencia-farmaceuticos-em-fiscalizacao,https://institucional.crf-al.org.br/imprensa/noticias/estado-e-municipio-de-maceio-sao-condenados-pela-ausencia-farmaceuticos-em-fiscalizacao,301
www.crf-al.org.br/alerta-da-anvisa-atualiza-dados-sobre-uso-das-vacinas-contra-covid-19/,https://institucional.crf-al.org.br/imprensa/noticias/alerta-da-anvisa-atualiza-dados-sobre-uso-das-vacinas-contra-covid-19,301
www.crf-al.org.br/alerta-da-anvisa-atualiza-dados-sobre-uso-das-vacinas-contra-covid-19,https://institucional.crf-al.org.br/imprensa/noticias/alerta-da-anvisa-atualiza-dados-sobre-uso-das-vacinas-contra-covid-19,301
www.crf-al.org.br/crf-al-realiza-chamamento-publico-para-firmar-convenios-e-parcerias/,https://institucional.crf-al.org.br/imprensa/noticias/crf-al-realiza-chamamento-publico-para-firmar-convenios-e-parcerias,301
www.crf-al.org.br/crf-al-realiza-chamamento-publico-para-firmar-convenios-e-parcerias,https://institucional.crf-al.org.br/imprensa/noticias/crf-al-realiza-chamamento-publico-para-firmar-convenios-e-parcerias,301
www.crf-al.org.br/estudo_descarta_risco_de_malaria_em_criancas_que_ingerem_ferro/,https://institucional.crf-al.org.br/imprensa/noticias/estudo_descarta_risco_de_malaria_em_criancas_que_ingerem_ferro,301
www.crf-al.org.br/estudo_descarta_risco_de_malaria_em_criancas_que_ingerem_ferro,https://institucional.crf-al.org.br/imprensa/noticias/estudo_descarta_risco_de_malaria_em_criancas_que_ingerem_ferro,301
www.crf-al.org.br/dois_remedios_baratos_combatem_cancer_de_mama_reincidente/,https://institucional.crf-al.org.br/imprensa/noticias/dois_remedios_baratos_combatem_cancer_de_mama_reincidente,301
www.crf-al.org.br/dois_remedios_baratos_combatem_cancer_de_mama_reincidente,https://institucional.crf-al.org.br/imprensa/noticias/dois_remedios_baratos_combatem_cancer_de_mama_reincidente,301
www.crf-al.org.br/novo_medicamento_contra_melanoma_desperta_esperancas_em_especialistas/,https://institucional.crf-al.org.br/imprensa/noticias/novo_medicamento_contra_melanoma_desperta_esperancas_em_especialistas,301
www.crf-al.org.br/novo_medicamento_contra_melanoma_desperta_esperancas_em_especialistas,https://institucional.crf-al.org.br/imprensa/noticias/novo_medicamento_contra_melanoma_desperta_esperancas_em_especialistas,301
www.crf-al.org.br/falta_de_transparencia_pode_comprometer_confianca_nos_genericos/,https://institucional.crf-al.org.br/imprensa/noticias/falta_de_transparencia_pode_comprometer_confianca_nos_genericos,301
www.crf-al.org.br/falta_de_transparencia_pode_comprometer_confianca_nos_genericos,https://institucional.crf-al.org.br/imprensa/noticias/falta_de_transparencia_pode_comprometer_confianca_nos_genericos,301
www.crf-al.org.br/ja-atualizou-seus-dados-veja-aqui-como-fazer/,https://institucional.crf-al.org.br/imprensa/noticias/ja-atualizou-seus-dados-veja-aqui-como-fazer,301
www.crf-al.org.br/ja-atualizou-seus-dados-veja-aqui-como-fazer,https://institucional.crf-al.org.br/imprensa/noticias/ja-atualizou-seus-dados-veja-aqui-como-fazer,301
www.crf-al.org.br/dor_cronica_pode_ter_tratamento_ampliado/,https://institucional.crf-al.org.br/imprensa/noticias/dor_cronica_pode_ter_tratamento_ampliado,301
www.crf-al.org.br/dor_cronica_pode_ter_tratamento_ampliado,https://institucional.crf-al.org.br/imprensa/noticias/dor_cronica_pode_ter_tratamento_ampliado,301
www.crf-al.org.br/crfal-entra-em-recesso-e-retorna-atendimento-em-janeiro/,https://institucional.crf-al.org.br/imprensa/noticias/crfal-entra-em-recesso-e-retorna-atendimento-em-janeiro,301
www.crf-al.org.br/crfal-entra-em-recesso-e-retorna-atendimento-em-janeiro,https://institucional.crf-al.org.br/imprensa/noticias/crfal-entra-em-recesso-e-retorna-atendimento-em-janeiro,301
www.crf-al.org.br/curso_de_capacitacao_em_farmacia_hospitalar/,https://institucional.crf-al.org.br/imprensa/noticias/curso_de_capacitacao_em_farmacia_hospitalar,301
www.crf-al.org.br/curso_de_capacitacao_em_farmacia_hospitalar,https://institucional.crf-al.org.br/imprensa/noticias/curso_de_capacitacao_em_farmacia_hospitalar,301
www.crf-al.org.br/categoria/noticias/,https://institucional.crf-al.org.br/imprensa/noticias,301
www.crf-al.org.br/categoria/noticias,https://institucional.crf-al.org.br/imprensa/noticias,301
www.crf-al.org.br/estudo_descarta_relacao_entre_vacina_contra_hpv_e_risco_de_coagulos/,https://institucional.crf-al.org.br/imprensa/noticias/estudo_descarta_relacao_entre_vacina_contra_hpv_e_risco_de_coagulos,301
www.crf-al.org.br/estudo_descarta_relacao_entre_vacina_contra_hpv_e_risco_de_coagulos,https://institucional.crf-al.org.br/imprensa/noticias/estudo_descarta_relacao_entre_vacina_contra_hpv_e_risco_de_coagulos,301
www.crf-al.org.br/cuidado-farmaceutico-em-asma-com-enfase-em-tecnicas-no-uso-dos-dispositivos-inalatorios/,https://institucional.crf-al.org.br/imprensa/noticias/cuidado-farmaceutico-em-asma-com-enfase-em-tecnicas-no-uso-dos-dispositivos-inalatorios,301
www.crf-al.org.br/cuidado-farmaceutico-em-asma-com-enfase-em-tecnicas-no-uso-dos-dispositivos-inalatorios,https://institucional.crf-al.org.br/imprensa/noticias/cuidado-farmaceutico-em-asma-com-enfase-em-tecnicas-no-uso-dos-dispositivos-inalatorios,301
www.crf-al.org.br/sociedade-brasileira-de-farmacia-hospitalar-traz-curso-de-atualizacao-para-alagoas/,https://institucional.crf-al.org.br/imprensa/noticias/sociedade-brasileira-de-farmacia-hospitalar-traz-curso-de-atualizacao-para-alagoas,301
www.crf-al.org.br/sociedade-brasileira-de-farmacia-hospitalar-traz-curso-de-atualizacao-para-alagoas,https://institucional.crf-al.org.br/imprensa/noticias/sociedade-brasileira-de-farmacia-hospitalar-traz-curso-de-atualizacao-para-alagoas,301
www.crf-al.org.br/hipertensao-em-alerta-farmaceutica-mariana-oliveira-fala-sobre-novos-parametros-e-cuidados-essenciais/,https://institucional.crf-al.org.br/imprensa/noticias/hipertensao-em-alerta-farmaceutica-mariana-oliveira-fala-sobre-novos-parametros-e-cuidados-essenciais,301
www.crf-al.org.br/hipertensao-em-alerta-farmaceutica-mariana-oliveira-fala-sobre-novos-parametros-e-cuidados-essenciais,https://institucional.crf-al.org.br/imprensa/noticias/hipertensao-em-alerta-farmaceutica-mariana-oliveira-fala-sobre-novos-parametros-e-cuidados-essenciais,301
www.crf-al.org.br/aedes_aegypti_infectados_com_bacteria_nao_transmitem_zika_aponta_estudo/,https://institucional.crf-al.org.br/imprensa/noticias/aedes_aegypti_infectados_com_bacteria_nao_transmitem_zika_aponta_estudo,301
www.crf-al.org.br/aedes_aegypti_infectados_com_bacteria_nao_transmitem_zika_aponta_estudo,https://institucional.crf-al.org.br/imprensa/noticias/aedes_aegypti_infectados_com_bacteria_nao_transmitem_zika_aponta_estudo,301
www.crf-al.org.br/anvisa_suspende_comercio_de_lotes_de_remedio_para_transtorno_depressivo/,https://institucional.crf-al.org.br/imprensa/noticias/anvisa_suspende_comercio_de_lotes_de_remedio_para_transtorno_depressivo,301
www.crf-al.org.br/anvisa_suspende_comercio_de_lotes_de_remedio_para_transtorno_depressivo,https://institucional.crf-al.org.br/imprensa/noticias/anvisa_suspende_comercio_de_lotes_de_remedio_para_transtorno_depressivo,301
www.crf-al.org.br/tocantins_sediara_congresso_de_farmacia_estetica_e_nutricao/,https://institucional.crf-al.org.br/imprensa/noticias/tocantins_sediara_congresso_de_farmacia_estetica_e_nutricao,301
www.crf-al.org.br/tocantins_sediara_congresso_de_farmacia_estetica_e_nutricao,https://institucional.crf-al.org.br/imprensa/noticias/tocantins_sediara_congresso_de_farmacia_estetica_e_nutricao,301
www.crf-al.org.br/anvisa_veta_compras_publicas_com_a_ems_maior_farmaceutica_do_pais/,https://institucional.crf-al.org.br/imprensa/noticias/anvisa_veta_compras_publicas_com_a_ems_maior_farmaceutica_do_pais,301
www.crf-al.org.br/anvisa_veta_compras_publicas_com_a_ems_maior_farmaceutica_do_pais,https://institucional.crf-al.org.br/imprensa/noticias/anvisa_veta_compras_publicas_com_a_ems_maior_farmaceutica_do_pais,301
www.crf-al.org.br/crf-al-e-vigilancia-sanitarias-de-maceio-e-alagoas-se-reunem-para-discutir-sobre-receituario-falsificado/,https://institucional.crf-al.org.br/imprensa/noticias/crf-al-e-vigilancia-sanitarias-de-maceio-e-alagoas-se-reunem-para-discutir-sobre-receituario-falsificado,301
www.crf-al.org.br/crf-al-e-vigilancia-sanitarias-de-maceio-e-alagoas-se-reunem-para-discutir-sobre-receituario-falsificado,https://institucional.crf-al.org.br/imprensa/noticias/crf-al-e-vigilancia-sanitarias-de-maceio-e-alagoas-se-reunem-para-discutir-sobre-receituario-falsificado,301
www.crf-al.org.br/o-que-e-colegio-eleitoral-do-crf/,https://institucional.crf-al.org.br/imprensa/noticias/o-que-e-colegio-eleitoral-do-crf,301
www.crf-al.org.br/o-que-e-colegio-eleitoral-do-crf,https://institucional.crf-al.org.br/imprensa/noticias/o-que-e-colegio-eleitoral-do-crf,301
www.crf-al.org.br/oms_escolhe_dez_tratamentos_experimentais_para_tratar_o_ebola/,https://institucional.crf-al.org.br/imprensa/noticias/oms_escolhe_dez_tratamentos_experimentais_para_tratar_o_ebola,301
www.crf-al.org.br/oms_escolhe_dez_tratamentos_experimentais_para_tratar_o_ebola,https://institucional.crf-al.org.br/imprensa/noticias/oms_escolhe_dez_tratamentos_experimentais_para_tratar_o_ebola,301
www.crf-al.org.br/juiz_nega_liminar_a_entidade_medica_contra_resolucoes_do_cff/,https://institucional.crf-al.org.br/imprensa/noticias/juiz_nega_liminar_a_entidade_medica_contra_resolucoes_do_cff,301
www.crf-al.org.br/juiz_nega_liminar_a_entidade_medica_contra_resolucoes_do_cff,https://institucional.crf-al.org.br/imprensa/noticias/juiz_nega_liminar_a_entidade_medica_contra_resolucoes_do_cff,301
www.crf-al.org.br/cff_libera_resultado_da_selecao_para_capacitacao_em_servicos_de_cuidado_farmaceutico_no_sus/,https://institucional.crf-al.org.br/imprensa/noticias/cff_libera_resultado_da_selecao_para_capacitacao_em_servicos_de_cuidado_farmaceutico_no_sus,301
www.crf-al.org.br/cff_libera_resultado_da_selecao_para_capacitacao_em_servicos_de_cuidado_farmaceutico_no_sus,https://institucional.crf-al.org.br/imprensa/noticias/cff_libera_resultado_da_selecao_para_capacitacao_em_servicos_de_cuidado_farmaceutico_no_sus,301
www.crf-al.org.br/nova-gestao-do-crfal-realiza-primeira-plenaria-itinerante-na-cidade-de-penedo/,https://institucional.crf-al.org.br/imprensa/noticias/nova-gestao-do-crfal-realiza-primeira-plenaria-itinerante-na-cidade-de-penedo,301
www.crf-al.org.br/nova-gestao-do-crfal-realiza-primeira-plenaria-itinerante-na-cidade-de-penedo,https://institucional.crf-al.org.br/imprensa/noticias/nova-gestao-do-crfal-realiza-primeira-plenaria-itinerante-na-cidade-de-penedo,301
www.crf-al.org.br/cannabis-medicinal-e-tema-da-dicol-de-810/,https://institucional.crf-al.org.br/imprensa/noticias/cannabis-medicinal-e-tema-da-dicol-de-810,301
www.crf-al.org.br/cannabis-medicinal-e-tema-da-dicol-de-810,https://institucional.crf-al.org.br/imprensa/noticias/cannabis-medicinal-e-tema-da-dicol-de-810,301
www.crf-al.org.br/pagamento-de-anuidade-tem-novas-datas-de-vencimento/,https://institucional.crf-al.org.br/imprensa/noticias/pagamento-de-anuidade-tem-novas-datas-de-vencimento,301
www.crf-al.org.br/pagamento-de-anuidade-tem-novas-datas-de-vencimento,https://institucional.crf-al.org.br/imprensa/noticias/pagamento-de-anuidade-tem-novas-datas-de-vencimento,301
www.crf-al.org.br/estudo_aponta_impacto_do_transplante_de_celulas_tronco_nas_imunodeficiencias/,https://institucional.crf-al.org.br/imprensa/noticias/estudo_aponta_impacto_do_transplante_de_celulas_tronco_nas_imunodeficiencias,301
www.crf-al.org.br/estudo_aponta_impacto_do_transplante_de_celulas_tronco_nas_imunodeficiencias,https://institucional.crf-al.org.br/imprensa/noticias/estudo_aponta_impacto_do_transplante_de_celulas_tronco_nas_imunodeficiencias,301
www.crf-al.org.br/autoridades_encontram_arsenico_em_erva_medicinal_vendida_na_suecia/,https://institucional.crf-al.org.br/imprensa/noticias/autoridades_encontram_arsenico_em_erva_medicinal_vendida_na_suecia,301
www.crf-al.org.br/autoridades_encontram_arsenico_em_erva_medicinal_vendida_na_suecia,https://institucional.crf-al.org.br/imprensa/noticias/autoridades_encontram_arsenico_em_erva_medicinal_vendida_na_suecia,301
www.crf-al.org.br/presidente-e-corpo-tecnico-do-crf-al-se-reunem-com-secretario-de-saude-de-campestre/,https://institucional.crf-al.org.br/imprensa/noticias/presidente-e-corpo-tecnico-do-crf-al-se-reunem-com-secretario-de-saude-de-campestre,301
www.crf-al.org.br/presidente-e-corpo-tecnico-do-crf-al-se-reunem-com-secretario-de-saude-de-campestre,https://institucional.crf-al.org.br/imprensa/noticias/presidente-e-corpo-tecnico-do-crf-al-se-reunem-com-secretario-de-saude-de-campestre,301
www.crf-al.org.br/crfal-disponibiliza-assessoria-tecnica-para-tirar-duvidas-sobre-assuntos-regulatorios/,https://institucional.crf-al.org.br/imprensa/noticias/crfal-disponibiliza-assessoria-tecnica-para-tirar-duvidas-sobre-assuntos-regulatorios,301
www.crf-al.org.br/crfal-disponibiliza-assessoria-tecnica-para-tirar-duvidas-sobre-assuntos-regulatorios,https://institucional.crf-al.org.br/imprensa/noticias/crfal-disponibiliza-assessoria-tecnica-para-tirar-duvidas-sobre-assuntos-regulatorios,301
www.crf-al.org.br/reuniao-plenaria-acontecera-em-arapiraca/,https://institucional.crf-al.org.br/imprensa/noticias/reuniao-plenaria-acontecera-em-arapiraca,301
www.crf-al.org.br/reuniao-plenaria-acontecera-em-arapiraca,https://institucional.crf-al.org.br/imprensa/noticias/reuniao-plenaria-acontecera-em-arapiraca,301
www.crf-al.org.br/farmaceuticos-criam-sociedade-brasileira-de-farmacia-clinica-regional-alagoas/,https://institucional.crf-al.org.br/imprensa/noticias/farmaceuticos-criam-sociedade-brasileira-de-farmacia-clinica-regional-alagoas,301
www.crf-al.org.br/farmaceuticos-criam-sociedade-brasileira-de-farmacia-clinica-regional-alagoas,https://institucional.crf-al.org.br/imprensa/noticias/farmaceuticos-criam-sociedade-brasileira-de-farmacia-clinica-regional-alagoas,301
www.crf-al.org.br/projeto-de-farmaceutica-e-apresentado-em-mostra-de-saude-promovida-pela-sesau/,https://institucional.crf-al.org.br/imprensa/noticias/projeto-de-farmaceutica-e-apresentado-em-mostra-de-saude-promovida-pela-sesau,301
www.crf-al.org.br/projeto-de-farmaceutica-e-apresentado-em-mostra-de-saude-promovida-pela-sesau,https://institucional.crf-al.org.br/imprensa/noticias/projeto-de-farmaceutica-e-apresentado-em-mostra-de-saude-promovida-pela-sesau,301
www.crf-al.org.br/artrite_reumatoide_exige_tratamento_rapido/,https://institucional.crf-al.org.br/imprensa/noticias/artrite_reumatoide_exige_tratamento_rapido,301
www.crf-al.org.br/artrite_reumatoide_exige_tratamento_rapido,https://institucional.crf-al.org.br/imprensa/noticias/artrite_reumatoide_exige_tratamento_rapido,301
www.crf-al.org.br/ix_congresso_norte_nordeste_de_geriatria_e_gerontologia_acontece_em_pernambuco/,https://institucional.crf-al.org.br/imprensa/noticias/ix_congresso_norte_nordeste_de_geriatria_e_gerontologia_acontece_em_pernambuco,301
www.crf-al.org.br/ix_congresso_norte_nordeste_de_geriatria_e_gerontologia_acontece_em_pernambuco,https://institucional.crf-al.org.br/imprensa/noticias/ix_congresso_norte_nordeste_de_geriatria_e_gerontologia_acontece_em_pernambuco,301
www.crf-al.org.br/parceiros-abrem-turmas-de-pos-graduacao-com-desconto-para-farmaceuticos/,https://institucional.crf-al.org.br/imprensa/noticias/parceiros-abrem-turmas-de-pos-graduacao-com-desconto-para-farmaceuticos,301
www.crf-al.org.br/parceiros-abrem-turmas-de-pos-graduacao-com-desconto-para-farmaceuticos,https://institucional.crf-al.org.br/imprensa/noticias/parceiros-abrem-turmas-de-pos-graduacao-com-desconto-para-farmaceuticos,301
www.crf-al.org.br/cientistas_absolvem_a_terapia_de_hormonio/,https://institucional.crf-al.org.br/imprensa/noticias/cientistas_absolvem_a_terapia_de_hormonio,301
www.crf-al.org.br/cientistas_absolvem_a_terapia_de_hormonio,https://institucional.crf-al.org.br/imprensa/noticias/cientistas_absolvem_a_terapia_de_hormonio,301
www.crf-al.org.br/prescricao-farmaceutica-em-homeopaticos-e-tema-de-curso-no-proximo-sabado/,https://institucional.crf-al.org.br/imprensa/noticias/prescricao-farmaceutica-em-homeopaticos-e-tema-de-curso-no-proximo-sabado,301
www.crf-al.org.br/prescricao-farmaceutica-em-homeopaticos-e-tema-de-curso-no-proximo-sabado,https://institucional.crf-al.org.br/imprensa/noticias/prescricao-farmaceutica-em-homeopaticos-e-tema-de-curso-no-proximo-sabado,301
www.crf-al.org.br/crfal-repudia-fala-de-vereador-arapiraquense/,https://institucional.crf-al.org.br/imprensa/noticias/crfal-repudia-fala-de-vereador-arapiraquense,301
www.crf-al.org.br/crfal-repudia-fala-de-vereador-arapiraquense,https://institucional.crf-al.org.br/imprensa/noticias/crfal-repudia-fala-de-vereador-arapiraquense,301
www.crf-al.org.br/o_cancer_em_tempos_de_crise/,https://institucional.crf-al.org.br/imprensa/noticias/o_cancer_em_tempos_de_crise,301
www.crf-al.org.br/o_cancer_em_tempos_de_crise,https://institucional.crf-al.org.br/imprensa/noticias/o_cancer_em_tempos_de_crise,301
www.crf-al.org.br/material-de-cursos/,https://institucional.crf-al.org.br/,301
www.crf-al.org.br/material-de-cursos,https://institucional.crf-al.org.br/,301
www.crf-al.org.br/consumo_de_ritalina_no_brasil_cresce_775_em_dez_anos/,https://institucional.crf-al.org.br/imprensa/noticias/consumo_de_ritalina_no_brasil_cresce_775_em_dez_anos,301
www.crf-al.org.br/consumo_de_ritalina_no_brasil_cresce_775_em_dez_anos,https://institucional.crf-al.org.br/imprensa/noticias/consumo_de_ritalina_no_brasil_cresce_775_em_dez_anos,301
www.crf-al.org.br/diretor-tesoureiro/,https://institucional.crf-al.org.br/instituicao/diretoria,301
www.crf-al.org.br/diretor-tesoureiro,https://institucional.crf-al.org.br/instituicao/diretoria,301
www.crf-al.org.br/projeto_brasileiro_inicia_mapa_genetico_da_zika_e_ja_detecta_mutacoes/,https://institucional.crf-al.org.br/imprensa/noticias/projeto_brasileiro_inicia_mapa_genetico_da_zika_e_ja_detecta_mutacoes,301
www.crf-al.org.br/projeto_brasileiro_inicia_mapa_genetico_da_zika_e_ja_detecta_mutacoes,https://institucional.crf-al.org.br/imprensa/noticias/projeto_brasileiro_inicia_mapa_genetico_da_zika_e_ja_detecta_mutacoes,301
www.crf-al.org.br/convocacao/,https://institucional.crf-al.org.br/imprensa/noticias/convocacao,301
www.crf-al.org.br/convocacao,https://institucional.crf-al.org.br/imprensa/noticias/convocacao,301
www.crf-al.org.br/crfal-funciona-com-novo-horario-partir-de-janeiro-de-2022/,https://institucional.crf-al.org.br/imprensa/noticias/crfal-funciona-com-novo-horario-partir-de-janeiro-de-2022,301
www.crf-al.org.br/crfal-funciona-com-novo-horario-partir-de-janeiro-de-2022,https://institucional.crf-al.org.br/imprensa/noticias/crfal-funciona-com-novo-horario-partir-de-janeiro-de-2022,301
